text,cEXT,cNEU,cAGR,cCON,cOPN
"Well to me I will be writting for a solid twenty minutews so I guess I will talk about a very cool event that has just befallen me in the past few day. Early this summer I recived the new student directory, a directory that shows the pictures and intresets of the new incomming class. Well, when I first got the directory my sister who is nine looked at it first. When I finally got a chance to see it I noticed my sister had left me a note that said,    Girl you are going to marry page 32 named Nicloe Murphy.  I looked att the picture of the girl smiled at my sisters innocent joy and put the dirctory on my shelf, and thought nothing more of the girl. THen on Wendsday of this past week I see this knock out walking down the escaltor. I was walking with some friends and in an effort to get a better look at this beautiful girl I told my friends to go ahead. So I tried to make myself, not that anyone noticed. ok pause I have killed like five ants while I have been writign this thing. any way I tried to make myself look like I was doing something until she neard the door. I then reached out and conviently opened the door for her. She said,    Thank you,   and nothing more but I felt great! Well as I wathced her walk away I felt something in my gut tell me to go up and say hi or something of that nature. Well, I am fairly confident person and I have been known on occasion to go tell girls I thought were very pretty, just that, that they were pretty. I don't really know why I say these things sometimes it just makes me feel better that I told them they are pretty. Ok number six just got it. Ok so I have this gut feeling to go up and tell her I think she is beautiful. So I run up to where she is walking,and I kind of get infront of her and say,   Hi, I just wanted to tell you I think you are really pretty. Thats all thats all I wanted to tell you.  She says thank you and kind of smiles. It must be wierd for her to have some random guy just come up and tell her that, but I just kind of needed to. Well now for the cool as heck part. I reach out my hand to introduce myself,   Hi my name is Grant,   and She says   Hi I am Nicloe.    What is your last name?   I asked and she says   Murphy.  Well at this point I don't know if you can scroll back up to the begining of my story but, this is the same girl my nine year old sister picked out for me to marry! I couldn't believe it! Our conversation kind of ended there I said I would see her arounf and she said good bye. . I am almost out of time but I ended up talking to her on Friday and we are going to go out sometime this week. I couldn't believe how strange this whole thing played out but, I know I have prayed about it and I am just going to keep trying find teh right path and who knows, it might be something amazing.         ",low,high,low,low,low
"I wonder what my mother is doing right now. I hope that she is taking the news of the weekend plans well. If I hadn't told I think I would have felt guilty. Yeah guilty. Jeremy sure is excited about it so screw what she thinks I am going to be happy and if she gets mad at that than to bad for her. My father thinks it's okay. I mis my father I miss my bed I miss my House and my dog My dog that is one great dog I can;t wait for the weekend. Showering with shoes is getting old and I have only done it for a week and I am ready to take a shower with out shoes. Grandma food can't wiat to get grandma food. That is the best food the world has ever seen grandma food. I wish I could grandma food instead of cafe foood everyday. I really don't like my math professor I can;t understand a word he says serves me right not going to that web site and reading those teachers evaluation forms. Carols back and I don't where she been. I hope she had a great time. It is nice that she lets me us her computer I am tired of dealing wiht my internet service 20 minutes is a long time to type I am so tired of my internet service how in the world are we suppose to do it that stupid ethernet card I am about to throw it up against the wall I can't' wait to see my boyfriend I wonder what he is doing right now Its only been 10 minutes and my hands are really getting tired of typing My boyfriend what a great guy I hope that he is okay I'm sure that he is. He is the best. Ionder what it si that he got me he said he got me something I love surprises I wish I got surprises everyday that would make life great great this is great some music would be nice my favorits cd I haven't listened to it in a while and I really like it I wonder ay I haven't listen to it. I hope that Susan gto her paper done Man I need sleep I am so tired I think that I am going to get some disease if I don't get more sleep than I have been I have a sharp pain in my wriast from typing that's odd I wonder why that is It's been 15 minutes and it seems like forever ""Who will save our soul""  Jewel I really like jewel I really need to take a shower oh well I'll take one tomorrow I always have to think is tomorrow spelt with two r's or two m's. I can't ever get that right. Carol is cleaning I wonder if she will notice that I am writing about her she is great I like all of the people that I have met and my mother didn't think that I would make any friends. SHe was so wrong I think that 20 minutes is way to long my brain actually feels tired I wonder why that is It's probably because I wonder about too many things too many things I can't wait for Halloween maybe I'll go to a costume party that would be fun I havn't gone to one of those in a while I'm sure that there will be one some where around campus I love Chickfila Carol has a chikfila cow I think that's great I think maybe I should have bought one of those as well. I wish I had but than again I am a college student and like all other college students I have no money. No money I wish I had money it would make life so much easier or would maybe not maybe so that's a good question to ask myself money probably would make me lazy which would make me fat Yuck>  I am so excited about this weekend it makes me so happy to think about showering without shoes on and real food and all of the animals at Sea WOrld Its been a long time since I went to sea World to see all of the shows. This ime I am going to watch the shows so Jeremy can see them and that is Oma's favorite part the shows I always upset her beacuse I hate the shows this time she will be happy. ",high,low,high,high,high
"Why must it be so hard?   Why must I live like this?  Would it not be better if I simply throw away my life?  It would be so much easier. I wouldn't have to worry all the time about people's criticism. I wouldn't have to worry about making mistakes. But then, I'm human am I not?  Aren't we social creatures?  If I seperate myself from others, would I not cause myself harm?  Would I not also cause others pain?  A life lost is a gift lost. It is so difficult for me to live like this. Always in pain. But sometimes I gain a sense of glory when I live through the sufferings. It's as though these sufferings are meant to makme stronger. Like steel being tempered in a hot flame. Yet, there's still more pain to come. Will I survive?  surely there will be a point when I will not get stronger and break. But then how will I know where my limit is?  whether I live a mediocre life or on to te fullest, I will die. However, it seems as though the latr fashion of life is better. Therefore, with spirit, I will strive to live out that lifestyle. I try each moring, to fight the tempatations and do what is expected of me. If I live this way and think that it is the best way. Should I not persuade others to do the same?  Why not?  It seems that if everyone lived their life more fully, mankind will be more efficient and fruitful. We will  prosperous as  whole. But if I were to tell this opinion to others, someone will tell me that I should respect their opinion that they can do what ever they wish. But if it is right to repect all the opinions of all people. Would there not still be a conflict which contradicts that opinion that says that we all must respect the opinion of all?  For example, what if someone else's opinion is that people should not accept all opinions as truth. Would not the opinion of the person saying that we should respect all opinion be contrary to that opinion?  This brings about a lot of contradictions. Hence, notall opinions are to be respected.           ",high,high,low,high,low
"It was the second one for this job at the astronomy lab. I would be really excited if I got this job. Mostly because the people seem really laid back and fun. Also because I want to know about the stars. That would be neat to be able to impress people with my boundless knowledge about the boundless sky. I think I have a pretty good chance at getting the job. I was the very first person to call after she put the advertisement in. She told me to come in for an informal interview, mostly to show me around the place and introduce me to people. By the time I got there, 5 other people had called. Today she said she had spoke to about 30 people and narrowed it down among me and two other people. I think the interview went pretty well. I concentrated on sending out a hire me vibe. I wonder if being the first caller will increase my chances. What a cool job. So John has asked me to go see Giant with him tonight. I think I'll go. I hope he doesn't fall for me. That sounds conceited, but almost all of the guys that I want to be just friends with have a nasty habit of falling madly in love with me. it's really annoying. Maybe I should concentrate on being just friends with all the boys and that way the ones that I want to fall madly in love with me will. this sounds like the null hypothesis that we learned about in biology the other day. It's something like making a hypothesis based on past data. it's based on the theory that all populations are alike and any abnormalities are due to chance alone. So if all the boys that I'm just friends with fall for me, all the boys that I continue to be just friends with will fall for me. At least in some way. I think I'm a likeable person. I think people feel relaxed around me. People are always telling me things and then saying I can't believe I just told you that. things just tend to slip out. So I may go see Giant tonight. I think James Dean is in that. My sister used to be a huge James Dean fan. That's a main reason why I'm going. I love my sister. She is so smart and I was thinking last Monday night that she has influenced me in many wonderful ways. I was at my friends house last night and Jeremy started playing blackbird on the guitar. My sister and I shared a room for a while and she would always play that song as I was falling asleep. Not because she wanted to play me a lullaby or anything, just because she was trying to teach herself guitar, which she did very well by the way. The other song she used to always play was, um , I forget the name but this guy was playing it on the street today. Today it made me smile while the other night, Black Bird almost made me cry. I was in a sad emotional mood. I think I get moody right before and right after my period. The other night was right after. What was that  song. it's by pink Floyd. Oh well. I really want to get my CD player back. it's up in Denton at my x boyfriends place because I wasn't' going to need it this summer so I let him borrow it. I'll see him in a couple of weeks. I have mixed feelings about seeing him. I'm excited but scarred that I'm really not going to like him anymore. I think he's going to move to Austin over Christmas. I hope that works out. I also hope we can find some happy medium to our relationship. He was one of the reasons that I was so down the other night. I think I was lonely for a male companion or something. And I sort of have this crush on that guy Jeremy. His roommates are Jill and Leslie. Jeremy and Jill used to date, but John, Jeremy's best friend who I'm going to the movie's with tonight says that Jeremy broke up with Jill and that's why john is glad that Jill has found another really nice guy to date. But I think that makes Jeremy sort of regret breaking up with her because you can tell by watching them how much they still care for each other. It's kind of frustrating since I kind of like Jeremy now. This sounds like some sort of soap opera. I've never been into watching those, although my sister used to watch Days of our Lives religiously. I'm wondering if anyone is really going to read this since there's no wrong or right answer. The assignment was to write for at least 20 minutes and that's it. So is somebody going to read this or are you just going to check off names to see that it was done. I think another reason I want to get this job, other than making money, well I guess it is making money because there are a lot of things I want to buy. Every time I go to the book store I see this little disc man that I really want. I don't have a CD player here, remember?  and I could use it in my car this summer. I really want a CD player for my car. Well, if I get hired today, I will go out and reward myself by buying that disc man. I went to my friend Jed's ranch this weekend. I came up with this awesome idea. I want to get a climbing harness and rig up some ropes so I can throw the rope over a tree limb, hook it back to me, and hitch myself up and sit among the tree branches. I think this is an awesome idea, so it probably already exists in some form or fashion. Basically I'll need all the things they use to rappel down cliffs. I'm going to go the gym to check out the equipment and how it works to decide what kind of design I'll need. My 20 minutes are up. I think I went over, but I don't know by how much. Wouldn't it suck if I accidentally hit the clear button instead of the submit button. I will have to be very careful. I just remembered that the other song my sister used to play was Wish you were here by pink Floyd. ",high,low,high,low,high
"Now I am doing the stream of consious assignment for psy. class. It's wierd because I usually don't think this way, boy I am glad that Rachel Fair is one of my good friends, I mean I thought there was no way that we would ever keep up after highschool, but right now we talk everyday I am sitting here at my desk wondering if Mer will call I really had a wonderful time with her on Mon I have thought of her kissing my ear several times sense she did it when we were in the man I wish my sweetmates would pipe down how often is it that when you break up you spend more time with the girl you broke up with than before crazy huh. Well I wish that I could see mer right now she would be so nice to hug and hold close and feel her tightly pressed against me and then I would feel back in highschool I think that bucs is going to be a good fraternity for me to join zube seems to be a great leader I think that he really has a great heart or the lord it's been 10 min so I hope that I am getting close to the timelimit I tried to due the dang survey but my computer locked up towards the end so it didn't count any of the work that I did which completely blows  I am really secretly attracted to shannon across my hall she has the most carefree attitude its so infectious I can't help but be relaxed when around her plus she is hot today matt said that he knew that she wanted me so I thought that was pretty cool I wish that when I went to my mailbox there would be something from someone I am tight with everytime I love my mom I know that most guys my age have a pretty bad relationship with their parents so it's diffinitely strange to be as close to mine as I am I love the fact that my parents are starting to trust me and give me space I love this song on the cd inx is the best I just wish that he wouldn't have killed himself to try and show that he was a talented musician I will never understand those that feel they have to kill themselves to get respect I really can't believe that I am having trouble in calc class when I have already had the class that's crazy I saw sarah today which was cool because I gave her a really big scare ",high,low,low,high,high
"     I'm home. wanted to go to bed but remembered that I had a psychology homework to complete by sometime during next week. Maybe this wouldn't take that long. I can handle this. Something is making a noise in the restroom. Did I turn on the fan? I got to write more. This is harder than I thought. I'm not thinking anything. Was I always like this when I didn't have anything to do? Should I go to bed after finishing this assignment or should I stay awake. I think I had an appointment with someone. Or maybe it was some kind of meeting, that was not mandatory to participate in. Is there any assignments besides this. My roommate took my digital camera yesterday, but it's right beside me, now. Wonder what he did with it. I'll ask him when he comes back. My eyes hurt. I should really do something about my glasses. When should I go fix it. ? Feel tired. I should really go to bed. Only 9 minutes passed. Half way done. Wonder if I can just stop here. Maybe not. Hm. let's see. What am I thinking? Wow my feet are covered with dirt. Amazing I didn't notice that until now. How did I get this on my legs? I want to wash it off but I'll wait until this assignment is over. 8 minutes to go. What are my parents doing anyway? Hope they're doing fine. When would they be able to receive the email I sent few minutes ago. Anyways, I feel like I really had to finish something today but can't remember what it was. Guess I'll figure it out after taking a nap. Am I still not there. Never knew how long a 20 minute could be. Thirsty. No water around. Now I'm curious what the purpose of this assignment is and what kind of point professor is trying to make. Time is almost up. ",low,high,low,high,low
"my boyfriend is in the room and he stinks like a dirty/sweaty boy. I came over to his apt to do this homework. and then we were going to go to tops as well to get some super cute pictures of ourselves. I am also eating cheetos so it it causing me to type slower than normal. I'm usually a really fast typer, because I've had a computer for a long time. my dad is a programmer so we have always had a computer in our house. he wanted me to do computer science and I did as well, but when I came to UT I found out it is totally wrong for me. I just switched to retail merchandising and I'm not sure if that is right for me either but better than CS was. I think its funny how older people(no offense) are not really connected to the computer. the computer, can do so many wonderful things, I can't even see my life without one. don't think I'm a dork just because I said I was in CS, but take for example doing this homework online. its just so much easier to sit here and type and then turn it in electronically and then its saved to some machine and no one really had to put too much effort into it. it was a very easy/simple task. that's amazing. they said that my generation will spend like 12 years of there life online and I believe it. there is just so much to do online. I feel like I might be typing bad, but I'd like you to excuse that. I'm not really checking spelling and what not just typing. I wonder what you actually look for in these type of things, how you judge people off what they typed and then how you sort them into groups. I mean I'd hate to see what you think of me now, but it would be interesting to see if any of it really matched up to be true. so I totally love Paris Hilton, she is such a riot. I think its funny people don't like her because she has everything and because of the way she acted on her show. but I wont get into that, however she came out with a new book. I want to read it, I think it will be amusing. on a side note, I'm not really sure why I'm eating cheetos, I don't really like them, just every now and then I crave them. I absolutely hate how they make your mouth orange and gross feeling. I just   dropped one on my lap and it left that residue and its gross to think that is all in  your teeth. I really hope this thing is self timed and not expecting me to be timing myself. I never realized 20 minutes would feel like so long. maybe because I'm starving and I just want to go eat and go to tops, it feels like that. I hate that. how are you suppose to do something  that feels like eternity. I feel bad because its like my boyfriend is waiting on me to finish this so we can go. I was going to do it earlier but I was having a hard time getting the pre-screening thing to work. then once I did it takes so freaking long to load each page its like pointless. you almost just want to not look and just click each thing as fast as you can to get it over with, because its so freaking slow. I still have to go back and finish that and I dread it. however, I think my boyfriend is entertained now because I can here he is playing playstation two in the next room. gosh I'm so hungry and this is taking way to long. I have now moved on to goldfish to eat. speaking of eating in that pre screening thing all those questions about food and over eating. wow. I feel bad that so many people have eating disorders, I know quite a few. so many things for girls to be stressed about. I hate how people just think you can diet and loose it all. they think its all just food related. I hate how little kids are so fat today. I wish people would help teach kids how to eat. they let them eat ANYTHING. they are so worried about other things it seems like they forget to teach them about diet and exercise. or they don't set the example themselves. my hair stylist has this really great trick where she only lets her kids have 1 coke aka soda per day and they only get it in the evening if they have done ALL their homework and their daily chore. then they also get a snack  sized candy (the little bitty bite size) as a treat as well for doing their homework and stuff and the kids thing that is such a treat. then there are kids who drink like 8 cokes a day. crazy crazy. I wonder what it is like for your generation to look down on us and you probably think we are all lazy. we use the computer for everything and our clothes and music. its just rather funny how everyone is amazed by the last generation. I'm really starting to wonder is this is self timed or computer timed. I can't imagine it not being computer timed. I can't imagine being the person who reads all this crap. it has to get old and what happens if you miss something important?  that could suck all that work and you miss a small detail. but that could happen anywhere I guess. I'm so hungry its not funny. I'm glad I don't have to pee or anything that would just suck. I feel like my mind is going blank because I'm so bored. I wonder if people ever fall asleep doing this. it would be easy. gosh its really bothering me the time thing at the top doesn't have any numbers. like its keeping time per say. I'm quitting this at 4 o'clock even if this thing doesn't stop itself because I know I'll be over the time if I wait till 4 so you can't cut my grade cause your thing didn't work. oh crap this clock is fast so I'll quit like 8 min before 4 and that should be even. I feel like I started this at 3:30 hmmmmmm I can't really remember. damn it. this sucks ass. I don't see how this is helping you. just making me get annoyed because I don't know when I started so i dont know when I can end and just go on with my life. I wonder if you really do read all of these or just skim it or run it through a word finder. I feel like this is pointless and I'm past my typing time. I have no concept of time, but I don't know if anyone really does. just depends on what they are doing or what's going on around them and etc. time is a funny thing. more goldfish to cure my growling stomach/boredom. ouch I just kicked the computer or something underneath me. and it hurt. to bad I'm not on my computer cause then I could be laying in bed doing this. wireless and laptops. genius. the count down to me hitting the finish button and quitting all of this is t-minus 3 minutes and counting. 3:55 will be the new time for completion. 3 more minutes. and I'm stumped. I don't know what to type/talk about. ooooooo 2 minutes and counting. ok randomness:  I am not sure what I'm going to do tonight, I might go to a party or something, however I'm not going to dress up really cause I'm just feeling a chill vibe. 0ne minute. . and probably have a few drinks, or either rent movies and stay the night in with my boyfriend. sweet guy. not sure we are completely on the same page, but we have years for that to develop. . Times up. ",high,high,low,high,high
"I feel kind of nervous right now. I have never done anything like this before. at least not as something to turn in for a class. lately, I've been thinking about school and how this semester is going to. I need to start looking for a job sometime this week. one of my best friends is coming back from Sacremento, CA this weekend, so I'm really excited about that. I haven't bought all of my books yet, so I'm hoping to do that soon, especially for this class because we have a test pretty soon. I took this class last semester but I totally slacked off and got a D in it, but I need to take it again in order to get into child psychology. I don't want to let my parents down again. my sister took this semester off because she got bad grades last semester. I know that I can do really well this semester if I really want to and I think that I do. I just really hope that everything works out ok. I guess you've probably noticed by now that I ramble on and on. I think that stream of consciousness is really cool. I think it was Virginia Woolf who made it popular. I think it was her. I  loved the way she would start talking about one thing and then that thing would remind her of something else and then she'd go off on that. I don't know how much I'm supposed to be writing . I think this assignment is neat. I hope that I'm going to be able to handle working and goingt to school. I worked at late night at jester last semester, and I think it was the hours that threw me off because I would work from 8pm to 1am. I live at kinsolving this year and I think that it's a lot better than Jester. I think I've been writing quite a bit already and I think that this is my stream of consciousness. all that I really do think about is doing well this semester because I want to be an elementary teacher already. so I guess I just hope.    ",high,low,high,high,high
"i feel really weird HAVING to write something. Pressure?  Yeah. My   dormmates   are so loud. I can hear the tv blaring through the door right now. They woke me up this morning (on several accounts. )  I have to get used to this (or they have to SHUT UP! :) )  my dad called right as I started this. I would really like to talk to him, but I turned my phone off. Hopefully I can get through to him after I finish with this. I'm a really fast typer, this thing will probably be really long. Maybe I should slow it down some. I was really suprised that my dad called. I thought that I sent him a pretty nasty e-mail last night about paying for my books (i'm really just mad at him because he hasn't made the effort to come up and see me yet. )  but he sent me back another e-mail saying that he would give me the check for my books tomorrow. when he came up for lunch. Damn!  I hate it when he does that too me. Just when he fits the perfect category of a bastard father and I have a legitimate reason for hating him he pulls some shit like this. Also, looking back at my e-mail it wasn't nasty at all. Why can't I just tell him how I feel. It's a shame that no one in the Psych department is going to read this, because I'm sure that one could do some serious psycho-analysis on the way I feel about my father. I would really love to do research on girls from families where the father   abandoned   the family. See how they turned out in their romantic/sexual relationships, how they relate to other men. I know that I would probably be the perfect sterotypical   i don't have a daddy   girl. Insatiable sexual appetite, emotional codependency, needing to constantly be reassured that the ones I love most won't leave me. It makes me really sad what my dad has done to me. I don't think it's ever really angered me (i don't know that I've actually ever been REALLY angry at anything), but it makes me almost stiff with sadness. My roomate just walked in totally throwing my stream of consciousness off, but I think I was probably done with that thought anyway. I don't know what I'm going to do with my college education. There's just so much that I could see myself being really happy doing. I would love to go into print journalism (write for a newspaper or a magazine), psychology (what I talked about earlier), teaching (i don't know why. i just love kids and i feel that i'm a really good teacher), then there's politics. I could really see myself getting into a campaign. BUt last night I had a dream, so real that earlier today I couldn't remember whether it had really been a dream that I just HAD to get into the College of Communications. I wonder if that holds any weight to what I really want to do. HOw logical does it sound to make a career descision on a dream?  Some might say that it's very logical, like Mom. I love her so much. I remember when I was a freshman in high school and brainwashed by FBBA, and we would get into these huge religious debates. Now I think that there may be more truth to what she thinks than what I believed. I miss her and Austin so much that it hurts. I'm cryng now just thinking about it. After the divorce, we became a unit. NOw I can't help but feel that that unit is slowing crumbling. I miss how Austin would always make me laugh. He's so goofy. I remember when football was on he would pile up thed cushions from the sofa and dive into them. I feel like a little piece of me has died, even though he's only 2 1/2 hours away. Who is this close to their brother?  But, Mom was never home and for the past 2 years I've kind of raised him. I remember when he and I would commisserate about how much he and I hated Roisin. I feel realy bad for not being able to get ahold of her before I left. I guess I probably could have tried harder. That's my problem. I get so close to being a good person, or being a sociable person as is the case at school, but I never follow through with what I say I will. I wonder if that has anything to do with Dad never doing the same thing?  I am so excited about American Idol coming on tonight. LEss than 2 hours. I really hope that Kelly winds. I miss Kenny and Bevin. I'm not really sure that she wants me as her bridesmaid, or if she's just doing it because Kenny asked Richard to be his groomsman. When I call them she never seems to want to talk to me. Oh well, she asked me and there's nothing that she can do about it now. Well, I guess there is. I want to get married. To Richard. And I want to raise a family. I want a dog. I want to be happy. I want to watch our 4 kids grow up and have kids of their own. I would really love to be in Huntsville with him right now. I wish that I could life the UT campus and set it back down in Huntsville. I mean, I love UT but I hate having to be so far from Richard. It was really fun this weekend staying with him. I do feel really bad about giving that guy my number. he called last night and he talks as if he was really slow. oh well. i know i won't follow up on it. and why would i?  i'm in a very serious, very committed relationship. and i love richard very very much. i really believe that he is my soulmate ",high,low,high,low,high
"I have not been feelling well, and my throat is bothering me. I am about to go sit in on a freshman seminar class that my cousin took last year and recommended to me. It was full though, so I signed up for another freshamn seminar calss titled ""Introducion to Italian Culture,"" but I dropped it this morning, because I think it is so irrelevant to anything I am interested in, and I am already feeling overwhelmed by my other classes alone. I was signed up to take 15 hours, but since I droppped that seminar, I now have only 12 hours. Anyway, I am going to try and add this other freshman seminar which is ""Interior Design. ""  I'm sure that the professor won't let me in, since it is already full, but I just thought that is worth a shot. I am sitting in my dorm, Hardin House, right now, and I just figured out how to use their computers here. I did not bring my own computer, so I am having to use the computers here. I still do not know how to check my email yet, though. I just figured out how to be able and send email from here. My roommate does have a computer, but I can tell that she would prefer it if I didn't use her's, so I respect that. She has been a pretty good roommate, though, all in all. We knew each other from high school, and we are fairly good friends. I was initially sort of worried about how it would work out, but I think taht it will work out fine. One of my best friends is here, also, but we decided not to room together, because we thought that it might hurt our friendship. She is the one who I am going with to the freshman seminar calss to sit in. She got into that class. Anyway, in the dorm that I am living in, there are two parts across the street from each other. Stacy, the one who is my best friend, lives across the street. The part that I live in is bigger, but I kind of wish that I lived in the other part. The people that I live with seem to be a little bit snobbier or more reserved or something. Oh well, I'm over across the street a lot, so I guess it doesn't really matter all taht much. I am so excited that R. U. F. is starting tonight. It is a bible study that I am going to go to. I've heard that it is so good, and you meet so many neat peoiple there. I miss all of the Christian based things that I went to bakc at home. I used to go to Campus Life, which was really laid back and fun, which was offered through my high school. I also wen tto a smaller bible study once a week which was led by a lady who is now one of my good friends. She is not much older than I am, so she can relate really well to all the stuff that I go through. Not taht I have any major problems or anything, but just all of the normal stuff. Speaking of problems, I did get really homesick the other day. Obviously, I guess you can tell that I am a freshman. Anyway, I got sick , adn any time I am sick I always want my mom there to go get me medicine, and take my temperature, and make me soup, and stuff like that. But, I managed just fine. I went to the health center and saw the doctor, and got a prescription and I am feeling much better today. I still am really tired though. I think that might have been why I got sick in the first place, was lack of sleep. Well, I have finished the twenty minutes, but I'm sure taht this is horribly written, but I guess it doesn;'t matter. ",high,high,high,high,low
"Life is so strange. For instance today I saw someone who lives right next to me that I haven't seen since I was in my hometown. I don't get guys at all. Why is it that guys can act so uninterested and be so rude? It's strange because if a girl likes a guy she thinks about him and talks to her friends about him and can't wait to hear from him, but guys act like they could care less and don't even call you for acouple of days and don't think anything of it. Why is that? When I have been talking to a guy and he doesn't call me it makes me feel unwanted and I tend to get pissed off. I miss my best friend in the whole world. He is at Rice and my friend and I went and saw him last weekend but ever since I saw him I have been missing him more because I guess I remembered how much he ment to me. The whole thing with this guy I'vebeen talking to is that he doesn't act interesting and because of it he makes me question myself and has caused me to be homesick and yern for letters and calls from my parents and all of my friends from back home. It's strange how certain things trigger you to feel a certain way. I've been eating a lot of sweet stuff today and I've decided that once you've tasted something sweet you keep craving more until you're out of it or you leave the room. My roommate is nice, but she and I have a wierd relationship. We get along fine, but she isn't what I would call a good friend. That is one of the reasons I am never in my dorm room. Why is it that people can be so mean to eachother? I don't like to be mean to other people especially if I don't know them but there are peole out there who will be maen and not even care about it. I also don't get why friends think they should lie to eachother. As a friend you're supposed to be there for someone no matter what, but if your friendis lying to you it makes it so much harder to forgive them once you find out. Some of my closest friends did this to me and now because ofit I don't even associate with them. I don't understand why people feel theneed to drink all the time also. Who says that in order to have a good time we must drink. I met this guy yesterday at dinner who asked my friend and I if we drank and continued to tell us how stupid it was because as children we have fun and do things just because, but as adults we must get dunkk in order to have a good time. I have never felt that I could justify drinking and I still don't. I have drank a few times but just as an experiment, not every weekend. It is crazy to me the number ofpeople who drink on a regualr basis. My friend at Rice has been known to drink and that bothers me considerably because I don't want to seem him get addicted or get hurt. His father has a drinking problem and I worry that will have an effect on him. My friend Cassie is so sweet we have just recently become good friends and we have so much fun together. She is one of those people who could care less what others thought so she just says ""hi"" to people on the street. THat's one of the reasons I enjoy her so much is because she makes me feel like it's ok to just be nice and friendly to everyone and not worry whether or not htey think I'm crazy for doing it or not. My mother get's on my case about everything and nags me all the time. I know she's just trying to look after me and keep me safe, and it doesn't help that I'm an only child but, sometimes I can't handle all of her questions and concerns. I wish she'd just relax and let me live. Don't get me wrong she's the greatest and I wouldn't change her for anything I just think it's time to start seperating what she thinks I should do and what I want to do. Life is funny we go through it trying to make something of ourselve and live up to everyones standards when really we should just live up to our own and try and be happy and make some great friends along the way and hopefully help a fewpeople along the way. Like yesterday I was walking and this guy in a wheelchair was trying to wheel himself up a hill and he was strugglinng. somone asked him for help and he accepted. More people in the world should just do little acts like that that help one person out so they don't have to struggle so much. ",low,low,high,high,high
"     I want some ice cream. I will go get some as soon as I finish typing this. I wonder is someone is reading this because otherwise how can the computer analyze this?  Tomorrow is going to be a busy day. too much studying to do. Maybe I should have done this on Friday morning. Oh well, I procrastinate too much so maybe this is a good thing. Gosh twenty minutes is a long time, especially when you are waiting to go get ice cream!  I'm not even hungry, but I haven't had ice cream is so long. Why do the guy floors in this building keep serenading?  Seems kind of odd that guys would do that for strangers. I like my room. It's very colorful, but I would still like to add more decorations. Perhaps more butterflies because it is a unique touch. Gosh, only a quarter done. I want my ice cream!!! Aww I can hear people yelling. how annoying. I would study in the library, but it seems kind of scary. This morning was scary. Yeah, I am never going to run by myself anywhere at 4:30 in the morning. I don't know if I want to make Texas Crew or not. It seems really cool and I got a rush just from exercising this morning, but on the other hand, it is also tiring, expensive, and I have to go through the trouble of finding a ride every day so I won't have to walk all the way to First Street again. Hmmm, I'm having trouble thinking of stuff. Oh I did not like today's   quote of the day  . It had something to do with God making the Earth round. I wanted to erase it, but I figured that might be a little rude. The sign should say   Monica's quote of the day   since I don't really care and I don't choose which ones go up there. I should have a   Drawing of the day   or something silly like that. Yeah, maybe of the week so I won't have to do so much. I prolly shouldnt' have typed that bit about today's quote, considering she is standing like a couple of feet behind me. Man sometimes I am so evil, but deep down I believe I am good. Oh my goodness, I am only halfway done. Do I have to keep writing like this?  I'm not sure if I really think about stuff this often. I may be just searching for topics to write about. Kind of like small talk, which by the way I cannot stand, partially because I am no good at it. I can't wait until this weekend's field trip to Port Aransas!  I havent been on a field trip since like elementary school. Well, on a good field trip. Maybe that's because there is nowhere interesting to go in Texas, er Houston. This weekend is going to be so much fun, hopefully. I like a lot of the Women in Natural Sciences girls. A couple of the white girls seem kind of cocky though. Like my next door neighbor. She is never smiling, and she only comes over to talk if she wants something, such as markers. She came over the other day to ask for markers because she didn't want to use her sharpies because she said they would run out. Um, okay. so it's okay if other people's stuff runs out? Geez, and I see her talking to the professors alot trying to suck up. She annoys me already. Whoohoo only a minute and a half left! That's really what I'm thinking. Also I want to play ping pong downstairs with Edwina and Athena, but I probably don't have time because I procrastinated this weekend. Dang it. okay I will just wait for the time to run out. 10. 9. 8. 7. 6. . 5. . 4. 3. 2. 1. yay ",low,high,low,low,high
"I don't know a lot of people in every one of my classes and that makes me nervous and anxious. I guess I also am feeling very excited too. I am away from home, from parents and rules, and away from people I know. I like familiarity. That is like a comforting thought to me. I can't stand the fact that this school is so huge that I don't even know where my next class is. All I want to do is curl up in my dorm bed and stay there. Even though I don't like my bed at all because it isn't like mine at home, it will do. I am excited about the weekend that is coming up. I get to go home and see my family, my boyfriend, and my friends. I wake up every day from the day I got here to look forward to this weekend. I don't know why, but I guess I am lonesome. In addition, I didn't make the Longhorn Band, which was very upsetting to me. I am very upset that I didn't make it because I knew I could have. It's just that in the back of my mind, I knew that if I make Longhorn Band, I wouldn't be able to go home to visit as much I want to. So, I really didn't give the audition my best shot because, as much as I wanted to make it, I didn't want to just as much. No matter which way I looked at that, I guess I feel good that I didn't make it and I regret it because I wanted to make it also. That was a conflicting feeling that was bothering me too. Another thing that scares me is that I made the decision to take Chemistry even though I did rather poorly in high school. But something in me just wanted to take it and prove to myself that I wasn't dumb in Chemistry. I just am stubborn when it comes to giving up. I can't stand it when I can't finish something or I am not good at something that I could be. Maybe that's why I am so confused about the Band thing. No matter what, I want to kick myself for not making it, but on the other hand, I am jumping for joy because I know I won't be as stressed out and have time to do stuff. I was in Band all through high school and I guess I decided to continue in college because it was a familiar thing for me. Plus, I had such a bad experience with band directors that I was rather wary of the ones here. But I made such great friends in Band that I am afraid that I won't have any while I am here not in Band. Another thing that worries me is that everyone tells me that I will change and stuff and they say things like, ""Oh, you're probably going to 6th Street and party all the time. ""  Even as a joke, I found that very insulting. How do they know that I will change?  Yes, it's true that I may change, but I have rigid moral standards that were inhibited in me from the day I was born so I don't think the changes will be that drastic or horrifying. Whenever anyone says that, I get really annoyed and frustrated. Another major thing I worry is whether I will ever get used to the fact that I am no longer living at home with the ""comfort zone"" that I was accustomed to. I mean, I am afraid to go home and find out that people over there changed a lot too. It's troublesome to me. Like Chemistry. I also worry about the fact that NONE of the clocks run together and classes end at varying times. I am so scared to walk into a class late, making the professor mad or annoyed. That's another fear of mine that I can see happening and I worry very much about it. That is why I tend to run out of classes, even though I have plenty of time. I am the typical goody-goody that never disobeyed the parents and had many people that had high standards for. So I hope I don't let them down while I am here. No matter what, I can't help that I am who I am for others. I am the oldest of three kids and my parents always told me to set a good example for my younger siblings. If I screw up, they will too, as I was told. You have no idea what kind of pressure that is to me. I hope that I don't let anyone down, especially myself, whoever that is. ",low,low,high,high,low
"This writing assignment seems a little silly. I mean I'm probably going to spend the first 10 minutes of this thinking about the actual assignment and that doesn't seem very interesting. Actually I'm already thinking about something else. I can't wait for Austin City Limits. We keep forgetting to buy tickets, I need to write that down. I highly doubt it will sell out but I want to hurry up and buy them. Jack Johnson is so good. I can't wait to see him. We definitely need more decorations in our room. Fifty percent of our walls are still blank and its sort of depressing. Maybe that poster sale is still going on. Maybe I'll have my mom send some of my posters from home. I need to remember to call my mom later. I wonder if she misses me a lot. Oh god, it's only been 3 minutes. This is getting a bit boring. I really hope surprising Brian was a good idea. I just hope Doug doesn't give it away. Hell, I hope I don't give it away! I wonder if I'm doing this assignment right. oh well Pennebaker said himself that no one was probably going to read it. I need to do some calculus after this. I'm so pumped I actually understood it today Hopefully it'll stay like this. I'm so worried about the tests in that class. Ill be so pissed if that class brings down my grade. damnit I keep hitting something that makes the cursor jump lines its so annoying. I just love Jack's voice, its so soothing. Its hard to write as you think. My thoughts are moving faster than my fingers. I hope the other surveys I do online aren't as stupid as the one I just did. I'm happy I guess, though, that it was so hard to name things I was dissatisfied with in my life. I couldn't even think of ten. I made up half of them. well not exactly made up but they weren't things I was actually stressing over. Was that even close to being grammatically correct? 7 minutes 30 seconds. ahhh I hope this weekend is fun. I'm looking at the football stadium out my window. I'm excited for my first UT football game ever. It better be good. I hope our seats are good. I wonder what Kelly's sister will be like. hopefully fun and easy to talk to. I hope I meet a lot of people at the meeting I'm going to tonight. Hopefully guys to be exact. Although I bet its going to be a lot of chicks since its the university democrats. I hope not everyone is a hippie/chip on their shoulder/ socialist type. I mean I hope they're intelligent and not just the ""being different for the sake of being different type"" 10 minutes. half way there Yay! I'm really worried about Laura I hope she finds her dream job soon. I hate seeing her depressed because I know she is but she doesn't talk about it. I hope her and dell are working out. he can be so oblivious sometimes. Aren't most guys? My first instinct is to treat this like an essay and explain who I am talking about but I don't think this is supposed to be like an essay. What the hell would a shrink get from reading this crap? It can't be very interesting to anyone else. I need to go DVD shopping, our DVD collection is seriously lacking. I hope raising our beds isn't that hard. we definitely need a change in our room. I think I want another bowl of lucky charms but I suppose I should finish this thing first. 4. 99 for a box of lucky charms! what a rip. I guess I should have know Cypress would be like that. I should ask Kelly if she wants to go to the grocery store tomorrow. It sucks not having a car down here. I miss my jeep. Its going to feel weird to drive when I get home. I can't freaking wait!! 6 more minutes. I guess its going pretty fast. This thing just seems like a waste of time but I guess it must have some purpose if we have to do it. I actually need to finish reading for this class. can't forget to do that. wow looking at what I've wrote my thoughts seem pretty disorganized. Hmm what does that say about me? I think being a therapist would suck. I wouldn't be able to listen to depressed people whine all day long. wow that sounded terrible. But I suppose its true. Maybe I'm just not patient enough 4 minutes I need to figure out how my scanner works. I need to take pictures so I can send them to my family. my fingers are starting to get tired. I've typed a lot. I still haven't found light bulbs for my stupid Ikea lamp. Maybe we can go to target tonight I think my punctuation and spelling as gotten worse as I went along. oh well. I think he said that we don't need any of that. 2 minutes Thinking about my thoughts is hard, I'm like freezing up. I wonder what would happen if I hit the finish button now. I'm not going to try it because after all of this I want my credit for this assignment! I wish I was disciplined (spelling??) enough to keep a journal. It would be fun to go back and read stuff like 5 years later. I always start it and never pick it up again. I wonder what that says about me? I'm busy. ohhhh 50 seconds! I wonder what the FBA meeting will be like. hopefully nice people will be there I wonder how much of a commitment it is. hopefully  ",high,low,low,high,high
"well it's 13 min. into my writing and somehow i erased everything that i had. sorry. anyhow where was i.  I wonder if i should stop hanging around with sisters this semester. That would be really hard I don't think i could do it. I need to be around them. I wonder who i like the most right now. Is it abby? Yobel? still caroline?  I wonder if abby would ever hang out with me like one on one. I'm pretty sure yobel would, but she's so young. It doesn't matter to me really but to other people it's such a big deal. I wish all that stuff i had written hadn't of disappeared. what did i do to make that happen?  now the reader's going to think i was goofing off while i should've been writing and made the whole disappearing thing up. i wonder if it'll let me go on for more that 20 minutes. why would it have a fishish button if you were supposed to write for the entire 20 minutes. do some people write shorter. I want to find out but i don't want to push the button cause i may not be able to go back. I wish i had't burned my tongue yesterday. I hate it when i burn my tongue. I wonder where yobel is. I'm starting to get if for her i'm afraid. And when i get it i get it bad. can't i just go one semester without liking somebody?  time's almost up. well i guess i'll contunue writing a little longer since my first part got erased. how did yobel's legs get so muscular. They're awesome. I like the way they make her walk. I wonder if i should've sat by her on the bus today. We could've talked for twice as long. I'm glad i waited for her afer i got off the bus. It probably hinted to her that i like her though. nobody else knows that. should i keep it that way. can i keep it that way?  i hope so. It was horrible last semester with caroline. everybody knew. I hate that. i got to keep this one in my head. in my heart. Maybe i can teach her volleyball and she could teach me soccer. she seemed pretty impressed when i told her about my volleyball class. I wonder if she likes me. Maybe she thinks i'm too old. I don't look old though. I bet peter hogan looks older than me, and he's just a year older than yobel. If anything happens that wouldn't be too much of a problem. I wonder hwere peter hongan is now. why did he disappenar after he got his breakfast?  well if i'm not going bowling i guess i can spend money on breakfast. I wonder who will be there in the cba . i wonder if yobel is there right now. i guess i swing by and see. I'm sure i'll see somebody there anyhow ",low,low,low,low,low
"My name is Ashley Mitchell and I am getting ready to write everything that crosses my mind within the next 20 minutes. Right now I'm thing about all the reading I have to do for my classes and what am I supposed to do with myself since I don't have a Psychology book. The book won't be coming in until Monday. I believe in God so I now that he will make a way for me to get my hands on a Psychology Book. What tv show comes on tonight and how long is this scholarship dinner going to be. Why does the Rugrats tv show come on in the middle of the day. What is my sister up to today? When is their next Battle of The Bands? My back hurts from typing so awkwardly. It's only been 4 minutes. It seems like I've typed everything I can think about. The lunch was pretty good I had I just wonder was it too fattening. I need to call the football trainer and see if I can get in touch with him. I need to start making connections now as a freshman if I want to accomplish my goals. HHMMMMmMMMm. I don't think the new Romeo show will be any good. I need to go and practice the piano since I haven't practiced since I left home. I need to find an organization that's perfect for me and I think the Texas Gospel is perfect. HMMMMMMM. I've never met the professor yet and I really have no idea what this class is going to be about. It seems like it could be interesting though. I'm glad I made the decision to come to UT. I feel like I've made a major change with myself. Spiritually, socially, and physically. I've grown up with black people my entire life. At first I thought that it was going to be a total culture shock, but I shocked myself when I found out it's pretty cool to meet people other than your own race. I enjoy being with my people and all, but sometimes in life you have to step out and do something for yourself. If I had a went to a school with most of the people I already knew I probably wouldn't make any new friends which isn't good. I need to get a job when I get back to Houston. What time is it. What time does my Psychology class begin. It begins at 3:30 so I still have plenty of time. Let me put my folder into my bag so that I won't leave it here. Boy I sure don't feel like walking to class in this heat. Burdine hall is too far away. I know that it's good exercise and all, but I just don't feel like walking. I don't see how people can stand to live in Austin. There is nothing here to do, but go to school. At least I haven't seen anything here that would make me want to live here. I need to turn the tv volume down a little so that I can really think. I'm going to work out today. It feels good to work out. My roommate is probably wondering what am I still doing typing on the computer because I have been on the computer for almost and hour and I've been typing for almost 20 minutes straight with slight hesitation. So what is Prof Pennebaker going to do with all these thoughts when he reads them. My head is itching and it is too cold up in this building. ",high,low,high,high,low
"Um. well I don't know where to start. This is extremely weird and I feel like I am just going to start rambling on and on. I think I'm thinking too hard for this little assignment and it's driving me crazy I guess I'll just go off on tangents and type away. I am so bored out of my mind and everyone around me right now is talking about being hungry and going to get something to eat. I shouldn't have eaten that can of soup and should have waited and gone some place good wit my friends. What am I thinking what am I thinking about. This is so much harder than I though. I thought things were just going to flow and I'm sure that they usually do but since I'm concentrating so much things are flowing like they usually do. I'm so stressed out right now. For some reason I feel like I have a world of things to do, do I? Well I know that when I think to hard about all the things I have to do it seems like I'm never going to finish doing what I have to do. In the long run though things seem to work and yeah I'm not going to freak out. I think right now I'm going to go back to my apartment and plan out exactly what I have to do for the rest of the day then get a pen and just scratch out as I go along. I know that I'll fall asleep though. I've been so lazy lately. I think I should start running to get my blood flowing but I know myself and it'll never last. Well who knows we'll see what happens, I could just go home and clean the apartment that would be a good work out. I think I'm thinking too much about unimportant things I guess who cares I'm just going to do whatever I want to do as things come to my mind and I'm not going to force myself into jogging around and sweating then never wanted to run again. Holy cow! This is not fun at all I'm running out of thoughts and this is just becoming words jumbled on to a paper. I wonder if I'm suppose to have paragraphs and stuff oh well too bad. Is this suppose to be something important or say something about myself. If it wasn't for having to type this my day would be complete I could take a nice long nap without having to worry about getting this out on time! Ugh! Okay I wish I could just live in Austin and not go to school. I wonder what I'm going to do tonight? Nothing is fun anymore it's always all the same stuff. Um well jayne and them are coming in from San Antonio so we'll see what happens. This movie is so cheap I laugh at the stupid parts even though they make no sense what so ever. What a mess what a mess. Ugh I need to clean up my home today so bad I don't want to! I clean up and two seconds later it's a mess all over again. Okay well I'm thinking my time should be up. Is it up yet. Yes two minutes and them I'm done. I'm starving all of a sudden. I'm so frustrated with this whole thinking process It's just a mess I hope we don't have to do this all the time. I think I'm going to be disappointed when I read back on this. I'm going to see that not one productive thought runs through my mind in 20 minutes. That is so pathetic. I wonder what would happen if I didn't have to do this and I started jotting down my thoughts. Okay time is up. ",low,low,high,high,high
"john is talking a lot. I don't care if a lot is supposed to be 2 separate words. I like this song. wow It's already been 1 minute. I guess I just think slowly. hmmm, my mind just went blank. oh crap, I have 4 classes tomorrow. did I finish all my homework yet?  oh shit, I have a lot of calculus to catch up on. I've only done like 1 assignment out of 4!  John is talking to Alice and it's interrupting my stream of consciousness. hey. if you're unconscious, and you have a dream, is that stream of Unconsciousness??  hahaahahaha  that's a cool thought!!   ahhahahha!! oh cool, my friend is online!  she was at the party on Saturday that I dj'ed. I thought I dj'ed crappy but everyone says I DJ like a club DJ. I wish I could DJ Austin but Austin is owned by DJ boombai. I wonder if he's any good. he uses records instead of CD's. I hear he spins hip hop. I guess I have a chance since I mix club music and not hip hop. Sam is instant messaging me!  argh, I've written so much and it's only been 5 minutes. do I really have to do this for 20 minutes?  this is pretty brainless. I wish all writing assignments were like this. wow it's late already. I go to sleep too late everyday. I better go to sleep early. all we do is watch TV. marc mcgwire broke the homerun record today. that's pretty cool. I wonder how Sammy sosa feels. I bet he's happy for him but deep inside he was like ""damn, I almost had it!""  he still has a chance though. wow my bed is messy. the covers are like everywhere. I like my posters. chow yun-fat's gun is cool looking. Acura integra is such a cool car, especially the type R. I wish I had a type R. after college, I want to get a type R. I wonder if I'll be rich after college. I hope I'm rich. I wonder what my future will be like. I wonder if I'll be living in an apartment or a house. I wonder when I'll get married. I want to get married around 25 - 29. I wonder who I'll marry. I wonder if it'll be my girlfriend right now. I really like her a lot. I can't imagine being without her. she was at the party on Saturday too. I wonder if anyone else will get me to DJ their parties. I hope so - I want to make some extra money. what the hell kind of song is this?  mp3's are the coolest things!  I can download them for free and burn them onto a CD and make my own favorite CD's. I might go for a masters degree. I might get more money. I know!  when I get my bachelors, I'll look for a high paying job. then if I don't get a good job, I'll go back for the masters. I can imagine myself as a traveling type of businessman, getting up early in the morning, taking a shower, putting on my armani suit, kissing my wife goodbye, driving my Benz to work, coming back in rush hour traffic, and doing it all over again. ooh how long has it been?  it's been 15 minutes. cool!  I'm almost done with this one. I wonder how long the next assignment is. I still have to do that pretesting thing. Ben and Tony have been gone for a long time. I wonder when they'll be back. I wonder what they're doing. did they work out or hoop?  my girlfriend is a private investigator. hahhahhahaa  lethal weapon 4 was a cool movie. jet li is awesome. he kicks ass. I wonder if I'll have time to take martial arts next year. should I take capoeira or kung fu with my because?  I hate this song. john's taking a shower. something is beeping. my contacts are dry. I want to play starcraft. that's a fun game. I like to build up and overwhelm the opponent. oop, times up. ",low,high,high,low,high
"I wonder what I am doing right now, this is a little annoying, stupid grammer mistakes are irritating me. Hmmm, I hope that Jennifer likes the present that I have for her. How am I going to get back, and how am I going to get back? How much will it cost, how will I do on my psychology test I have the coming monday. I hope that I will still have time to study. Oh well, I'm tired I really wish I didn't have to do this right now. Hehehe, I wonder if that guy I just e-mailed will reply to me anytime soon, and I wonder if he'll actually have what I want. How much will the new motherboard I need cost? Can I wait 3 months? I hate waiting, oh well. I wonder if Jennifer is asleep right now, I really do miss her. Atleast I'll get to see her when I go back for her birthday next week. This is really going to take a long time to do, the writing assignment I'm doing right now. Havnt' played pool in a while, I hope that I'm still decent. What's on the TV right now and why am I paying so much attention to the way that I'm typing right now, I keep going back and making corrections to my mistakes when it already said I shouldn't. Bad habit I guess, always want everything to be perfect. Dumb Browser, messing up. Annoying sound. I hope that when I go to Block-buster tomorrow they will Final Fantasy VIII. I wonder if it will be as good as it's supposed to be. I hope that I do good in college, get goood grades and do well in general, though I also hope that I have fun also. It's a bit anoyying having to think and type so fast at the same time oh well. I have to do it for my assignment. The TV is really loud and annoying right now, unfortunately my roommate is watching it right now and I'm doing thing right now so I can't stop and turn it down or anything. I like my roommate pretty much we get a long pretty well, but anyways why am I thinking of this, never knew that my mind switched from thoughts so suddenly. I wonder if I have attention defecit disorder. I hope now, that would be really bad, though that might explain why I never really did as well as my brother or sister in school. I wonder what they are doing now. I wonder if they've ever drunk alcohol. Anyways, that's none of my bussiness. Hmmmmm. I wish I didn't have to go to school tomorrow, wish I could just stay home and just rest and enjoy myself. I sill need to do my calculus, philosophy, and psychology. The other part of it atleast. It's a little difficult right now with all these distractions, but I guess I'll cope. Hmm. don't really know what to think about or write about right now. Hmm I wonder how much my plane ticket will cost when I buy it, I hope it doesn't cost too much. But it's for her, so I guess it's worth it. Wish I could see her right now. I rememver the first time I saw her, it was a little strange and I didn't know her name. hehehe. she was cute, nice to look at and she was nice  too. anyways I'd better stop thinking about her and get my mind on some work. Another thing I wonder how I'm going to pay for my plane ticket I still havn't recieved my bank card or checking card from Bank of America. Annoying. Hmmm. Those funyons look good right now, I wonder if I should stop right now and eat some food. I wonder if the milk is still good, or if it's bad now. I'm in the mood for some cereal right now, kinda wierd. But I've always been a little wierd. Anyways this is getting rediculous and a bit tedious also on my fingers. getting tired from just looking at the screen right now and typing. oh well. how much longer is it, oh  5 minutes. I guess that's not too bad. Hmmm. I want to stop. anoyying. oh well. aonly a little longer. I'm starting to get careless. but anyways. I wish Kevin would stop messaging me right now I'm trying to do this but I can't with him messageing me. TV is getting louder right now, must be some horror movie or something. too bad I can't turn around to look right now and type the same cause it would be a little difficult to do so right now while typing and having to occasionally look at the keyboard to make sure I don't mess up. I wonder if my fingers look wierd right now moving in this order. Oh well, who cares. Only 2 more minutes till I can stop and maybe either rest and sleep or eat some more food. Now what will I eat, cereal, hamburger??? who knows. I wonder how much I've typed already. Hopefully I typed a lot cause it would be cool if I would type really fast. One more minute right now. Why do I always put more periods than I need to???? I always do that with just about everything. but again who cares. Finally time is up!!!!!!!! ",low,low,low,high,low
"     I thought that this writing assignment was going to be difficult, but it's actually not that bad. Actually, I kind of like it. It's kind of like writing a diary or journal. I feel hungry right now and am wondering what I am going to eat for lunch. I am tired of eating the same food at Jester again. The food there is always the same: pizza, chicken, burgers, etc. I can't wait until I go home to Dallas this afternoon and eat some real authentic vietnamese food. I miss my mom's cooking. Just a few more hours and I'll be on my way back to Dallas. I can't wait!  I miss my boyfriend so much. His birthday's coming up and I still need to get him a present. I don't know what to get him. It's hard for me because I don't have a car at UT. I wondering what he's doing right now can't wait to see his face. My friend just burned a new DJ cd that just released and some of the songs are actually ok but a lot of it is not that good. I miss my family. Its funny how when I'm at home I wish that I was away from home because my family tend to annoy and get on my nerves at time, but when I'm actually away I wish I was home. My roommate just finished talking to this guy she's dating. He calls her a lot. It's funny because that's how it was with me and my boyfriend when we were 'talking. '  He would call me all the time. My friends are studying in my dorm right now. I feel so lazy. I'm behind in a lot of classes and I havn't been doing a lot of studying this week. I need to push myself to study before I screw up my GPA again. Speaking of school, it's only my second year in college and I wish that it would over. I mean I like college and all like the friends you meet, the parties, and the school spirit. I just hate classes and studying. My friend is singing right now and it's so hilarious because he has a monotone voice and when he sings you can't tell that he has a monotone voice and when he sings its like he gives it his all. Its so funny. By the way the DJ cd that we burned is called DJ Prada G. It's like the DJ is trying to make his name unique like making it sound like 'prodigy' but spelled differently. Hmmm. Twenty minutes sure is going by slow. I have an ortho appointment this Monday so I'm going to miss calculus which is'nt too bad because I can borrow the notes from my friend. I need to go shopping this weekend; I am so out of clothes to wear. Five more minutes. This assignment isn't too bad. When are we going to eat?  I need to start packing. I am such a procrastinator, I wait till the last minute for everything. I need to stop that. I wondering what my boyfriend's friends are going to do for his birthday this weekend. I have a feeling that they are going to get him drunk. We are about to leave for Dallas soon since one of my friends decided not to go, so we don't have to wait for her. When are we going to eat?   ",low,high,high,low,low
"I really don't know how to use the Internet and I have a feeling everyone can tell how ignorant I am. I really wish that I did not have to use the computer for my class assignments, its not like I will really have to use it in medicine. I wish my dad would subscribe t o the Internet at home. Oh well at least during the Christmas vacation I probably get a car if my grades are doing real well. I wish my dad had not held me to that deal, I mean what if I flunk out of math, my dad will kill me. Forget the car I just my hope my dad is in a very happy mood during the Christmas holiday just incase I fail. You know I am really scared what if I really do something to endanger me in to getting to the medical school of my choice, what if do get  into medical school and I happen to fail, what if I became a doctor and all my patients died on me will I be labeled as a bad doctor and have to forfeit my license. I really have to talk to the microbiology advisor so I can see what courses I should be taking and when I can fit them in so I can graduate in four years. You know what this is a stupid assignment because I am still thinking about spelling everything correctly and capitalizing, this even reminds of my psychology class in high school. Mr. ward was cool but his class was very boring, he should have known that because everybody was falling asleep and hardly anyone did well on his tests. You know if I had been a braver soul I would have blatantly told him his class was too hard and too boring it didn't even help some of my friends who to the a. p. exam. What kind of teacher is that who can't make sure all his students pass a standardized test he has seen before. that bring me to Mrs. whitenight I cant believe I didn't do that well on the a. p. exam, I suffered through out the whole year in her class only to not be able to receive a four or five. I mean really since I suffered and improved each and every day in her class I should have gotten a five, but oh now you know what I could believe that since she was a member grading the exams that she helped get that low of a score It sounds really silly, but who cares I don't have to look at her ugly face again thank goodness. and You know Mrs. Dubner should not try to cover up that she has thinning hair I mean thousands of women each year go through the same thing, if she really wanted her hair to grow she should have tried rogaine or something to that effect. This is almost over thank you God I never want to do this again but I have to. Yesterday my birthday was half good and half bad I cant believe my family could not have fed exed me a package ,it a good thing I have friends like Jean and Rosemary. I still haven’t talked to Dina and I could  not believe she chose my major after saying she would not like it, it would have been great had she told me the truth instead of me having to hear it from Regina the nerve of her trying to steal my major. I mean its not like it belongs to me anyway, but it seems like she going around my back trying to one up like so if we go back to Richardson she can tell every body how much better she is at microbiology than I am. I can tell you one thing she will never get that satisfaction I am going to work harder and work better then she will the only class she can probably beat me in is computer science and I can get me a tutor so I can improve my grades in that , thank you very much. I hope I beat enough so that I graduate suma cum laude(knock on wood) and she graduates cum laude or magna cum laude ( I could care less). Rosemary is a cool roommate , I sort of getting a little tired of jean I mean she complains from one thing to the next but she is a great friend I hope we all graduate together and become even better friends. Today I am supposed to start jogging I hope I can make it around the track once with out collapsing, that would be a miracle in and of itself I think. I know I have to call my parents I am especially worried about my mom I mean ever since the death of Princess Diana she has sounded a lot weaker on the phone I hope she gets over it soon. I hope when I am able to get home for a holiday they will have my birthday presents, I can't believe Jean and Rosemary got me a perfume oil for my birthday that has to be the greatest birthday gift I have received from anyone since I got my Cowboys' jacket from my parents on my fifteenth birthday ( in fact that  was the last birthday I got present from my parents at all. You know in the two weeks I have been here I have forgotten all about mike almer its a good thing too because I think I was starting to get obsessed about the whole thing. Maybe I'll see him during the Christmas holiday maybe I wont maybe I'll even have another boyfriend who'll treat me better any way I shouldn't be thinking about that right now I'll think about it later when I am about to graduate from medical school. well thank goodness my time is up its a good thing my professor won't really read this its not embarrassing I just don't feel like having anyone analyzing my brain waves or my mind thinking pattern, I would rather be analyzing someone else myself. I wonder what the projects are going to like I hope its going to great well I have to go so I can eat lunch which I have never wanted more than right now. ",low,low,high,high,high
"this is the second time I am doing thin assignment. I checked to day and my social security number had no 1 or 2 by it so here I am. I am watching tv the news actually and they are giving the weather and my tummy is full because I just ate corn and chicken mmmmmm that was good now I feel tight and warm a little. it a good feeling. my ear itches. oh today’s lecturer was GREAT well all the lecturers are great but the reading is dead I mean dead I need to really concentrate on the reading. my  girl friend is laughing at me because I have set my schedule book with all the things I have to do and on Mondays I have a poetry class and I have a lot to read and write for that class so for the first few Mondays I was writing everything I had to do but I got tired of doing that so I began writing ""shit loads""  my head itches and so dose my leg man how could that guy rape a 55 year old woman he was really fucked up. now the flowers are going away for Diana. anyway mars is coming into view. did you know that the song from 2001 a space odyssey the song in the begging I forgot its name and the composer but he composed that song after reading nietczhe. pretty neat huh? well I think my time is also most up there are no more tickets left for the big game. I don't like football unless it is soccer. far and few between are my thoughts. mmmmm what do you write when you don't want to do this and when there is a distracting tv girlfriend work and my Chihuahua well that is it twenty minutes good by good sirs and madams!!!! ",low,low,high,low,high
"     I just came back from the Texas Crew Meeting. I sort of want to try out but in the same time very scared. At the meeting, they kept on saying there'll be a lot of hard work and pain. First of all, I don't think I'm in that great of a shape to do such extreme rowing. The crew memebers said it doesn't matter because they will train you from nothing to something. Second of all, I'm a freshman and doing Pre-Pharmacy. I want a good GPA to start off of. I don't know how I'm going to adjust to waking 5 o'clock in the morning. I guess one of the reason I wanted to join is because to challenge myself and make some new friends. More than 100 people from my graduating class comes to UT now. Before school ended, I got very tired of many of the people. I felt they were very fake. I came to UT hoping to make some friends. I still wanted to keep my old friends though. I truly love them. They mean so much to me. What I'm trying to say is that it's hard to find friendships like that. Everyone on my floor seems nice. They smile at me and everything but it seems like they are always in a rush. Everyone has their own things to do and no time to hang out. Anyways, I'm watching American Idol right now and they just announced that Kelli as the American Idol. I never thought the show would be such a hit. WB used to have this show called Pop Star. Not that many people watched it so I wasn't expecting a great rating for this show. The time is almost up so I guess that is it for today. It was very nice writing.  ",low,low,high,high,high
"I have an aching headache and coughing every five minutes. I can diagnose that I have a cold because of my symptoms. The symptoms plagued me for more than 3 days and will not go away. This is very upsetting because I am planning to go tubing with some friends on sunday. If this sickness is ongoing, I may not go tubing. I'm taking a lot of medicines to relieve myself from this sickness, but nothing is working. My frustration is aiding the sickness to persist. There's one class I'm having problems in. The class is microeconomics; I failed both quizes and so behind in my reading. I'll spend a lot more time studying for that class than any others. I always have something to do but my sickness is preventing me to fulfil it to my best potential. I met a lot of people and made new friends in college; it made me have a sense of belonging that of which I lacked in high school. After me sickness is gone away, I know that I will have a great time and have a sense of directrion in life. My floor is so friendly and nice. We go out together and a maater of fact we went to Olive Garden last Sunday. I joined many societys like the Pre-MEd adn Pre-Dent societies to better my future and put me ahead of others.  ",high,high,low,low,low
"Well, I have just come back from a HOSA meeting, an organization I never thought have joining since it is for future health professionals. But after I finished talking to one of their alumni advisors, it seems certain there is stuff for a business major like me. Plus, a friend of mine is an officer. The only problem I've encountered is the interaction among new people or strangers. While at the meeting, I kind of shied away from interaction with these people but I could go up to a few people. such as the officers, and start a conversation. This has been my tragic flaw my entire life. I have this shyness and this fear of new interaction. I am quiet guy and just do not have that calm easy going matter to break the ice well. Part of the fear is embarrassing myself I suppose. Yes, sometimes I have had the guts to start conversations with new people or call up a girl and be spontaneous. Then, do I become relaxed, however, this courage seems to only come with an individual or a rather small group of maybe 510 people. The problem comes when I have to be exposed to a huge amount of people. I just get nervous and it happens all the time, the confidence just seems to die. I can get a few bursts of courage, but after a while I just give up. I keep telling myself that I have to just stay calm and be confident, but this trait of mine still keeps to be holding me down. Sometimes I even become too quiet and shy with my friends which is sad. That is why I feel reluctant at times to go to parties because of that loss of confidence to mingle and the quietness that weighs me down. But that is why I am hoping to be more active in student organizations this year and see if I can work to build this confidence to thwart off this nervousness of interacting with people. I feel I can do it, and although I may still be naturally shy, I will at least feel more confident in these situations. ",low,high,low,low,low
"Here I go, frist off let me think of a topic, how about looking at a country side in the Texas hill conutry. Useraly the frist thing I notce are the ceder trees, and while I like trees, there is something upsetting about ceder trees; they are not native to this part of the country, however they are well adattined to this climet. Sence ceder trees are evergeens they can feed themselfs all year round, which gives them avantivce over the trees that grow here naturaly, such as oaks and jupaters. Oaks and jupaters lost thier leaves in the fall, and both species of trees grow very slowly; aposed to ceder wich grow very fast. Thus the ceder trees have drowed out most of the oak and other native trees. This is upsetting to me because, while ceder forest is nice to look at, it is no where as impressive as an forest made up of old mujestic oaks and jupaters with there beatifull puple and white blossmues. Another thing about ceder is they grow close together and low to the ground, which makes it very hard to walk around in a ceder woolden area. Just think how great it would be to walk aroud in a forest of huge old oak trees over your head, that pervade shade, while still leting a cool wind througt. Yes, it would cerncely make the rolling hills of the hill conutry more beatuifull, and would surely enhace my beatitude, while walking through the woolds.      ",high,low,low,high,high
"Today has been a pretty good day. I am a little worried about my computer class because I can't understand what they are talking about, but oh well. I am printing out a reading assignment for my history of rock and roll class and it is taking a lot of paper. I wish my ex would call me just to check and see how I am doing. Never mind, don't think about him; he doesn't deserve the time. I start rowing tryouts next week and then the week after that, too. Hopefully I will make the team. That would be really cool, except if I made varsity somehow, I would miss my family. If I was on varsity I would get to travel a lot, all over the US, but I would be gone all the time on the weekends, and never have a chance to go home and see my family and friends. I think college is harder than I thought it was going to be. But, the internet up here, the DSL I have at my apartment, is really fast. I downloaded some songs in like  two minutes, versus two hours at my hometown. My shoulders are hurting, and I am a little cold. I need some extra sleep. I shouldn't have gone home this weekend and partied till the sun came up Friday and Saturday. I think I ate too much earlier, and now I am too full. Well, I know I have a lot to do tonight. I have rhetoric, calculus, this thing, and a shit load of reading to do. I took care of my pretesting last night so now I don't have to worry about it. I really need a neck and back massage. I miss talking to my grandma every night. I miss living with her too. College is a new horizon, but it is a good one though, because I am responsible for more things than I use to be. I just miss the security I think I felt in high school. If I thought back, I'm sure I would realize that high school was just as stressful back then, as college is now. But I need to relax, and just take it day by day because that is the only thing I can do if I don't want to end up living in a box on the street. I hope everything works out the way I always dreamed it would, and I hope I end up in a job that I love. I don't want to spend thirty years in a job that I hate. I would like to make some money, but that isn't everything to me. I would much rather be happy than rich. Sometimes, though, I don't think that way. I know I am spoiled rotten, at least as much as my parents can afford. And what they can't, my grandma makes up for it. It is going to be hard on me when she dies. But I am not going to think of that now, because that is in the Lord's hands, not mine. I wish Dwayne would call me. Why?  Why do I keep saying that?  Damn. That is why I am going to stay up here next weekend. If I stay up here, maybe, HOPEFULLY, I won't think about him as much. And, I will have more time to get all this work done, and catch back up. I have slacked off the past couple of days, and now I'm going to pay for it. Especially tonight, I am hoping to get caught back up. I wish I could go to bed right now. I am cold. Need to turn the thermostat down. Maybe it would save some money if I didn't keep it so cold in here all the time. But, if I didn't have wet hair right now, and had blow dried it, I wouldn't be cold. In fact, knowing me, I would be hot. Okay, my eyes are starting to hurt looking at this computer screen. I wish I had pants on, instead of shorts, then I wouldn't be cold. I wish I had turned the thermostat down before I started this stream of consciousness. I was going to major in psychology, and it seems very interesting to me, so I am glad I am taking this class. There is a guy outside doing his skateboard thing. He makes a lot of racket, and he isn't even good--and I don't know anything about skateboarding. I also wish the man above my apartment didn't stomp around all the time. He does it at like six in the morning, and eleven or twelve at night. I mean, when does this fucker sleep?  Oh, gosh, anyway, it pisses me off. If I lived upstairs I wouldn't stomp around like that. It is mean to the poor soul living downstairs. I wish I could go shopping instead of doing the homework I am going to have to do. That would be nice. I don't know if I am going to get a chance to go shopping this week. That sucks really bad. I want to buy some new tennis shoes, and some flip flops. Yeah, and go to Academy. I hope college gets easier as I get used to it more. I hope it happens soon. ",high,high,high,high,high
"I miss my guitar. I wish that I had brought one of them with me. I have to be sure to bring my amp and at least one guitar, maybe two of them back from home this weekend. That kind of sucks though, that I let mom borrow the one I really want to bring with me. I am glad though that she taking lessons. Maybe I could teach her some Metallica. I hope she helps Erin pay for that car she wants. But Erin also wants to get it repainted, because she just doesn't like the color. Oh well, I'm glad Erin is getting that car, BMW's are real safe. I should know, I've totaled enough of them. That scares me though, because kids have wrecks, and I've already lost a cousin, I don't know what I would do if I lost my sister. At least they're safe cars. I hope I can get a car for Christmas. I know I totaled a bunch of cars, but I was also an addict when I was in all of those wrecks, and I'm better now, it could be a reward. My doctor is really proud of me. When I told him that I had been clean for 101 days, he was very proud and said that ""a lot of times adults can't even do that, so you must be an adult. "" I was happy about that. I just wish that my dad was as proud, and understanding of how hard this is, and what a real accomplishment this is. ",low,high,low,low,high
"     I am sitting in my room. There is tile being laid in the bathroom next to me. The sound of musics floats in from the next room. Paint smells intoxicate me. I feel slightly light headed as I have for the past several days in my apartment. The sound of the modem next to the computer begins to hum as if it is heating up. My mama walks in the room and looks annoyed as the desk she trying to put together is not working according to her plan. I wonder whey she looks so upset about it. The air conditioner begins to run. I have a book for my government class lying open on the floor. Who would have known that there would be that much reading for one class. I cannot tell if I want to finish reading it or try and take notes from class for it to make sense. The phone rings next to me. I don't pick it up because I am worried I have waited too long to finish this assignment and I won't get full credit. I fell asleep reading earlier this afternoon and just woke up. Funny how the time just slips away like that. You are payiong attention to everything around you one minute and the next it is gone. You wake up and can't remember when you fell asleep the time before right now. My nose starts to itch which is funny,because it isn't even dusty in my apartment right now. The green wall of my bedroom is making the setting sunlight a strange color on my feet. They look a weird yellow color as if they are becoming infected with something. It makes my sheets look pretty though. The mixture of green, yellow, and purple reminds me of a rainbow. Everything is starting to fade. My mind and eyes start to slow down. Everyone around me is moving too fast for my taste. I want it to slow down. Everything should be slower these days. I like it when it is lazy like on Sundays. I watch TV until I feel like eating something. I can smell my mama start to cook dinner. She always makes such good food for me. I smell cheese melting on something. I think it might be broccoli. But you can't smell brocolli. I keep spelling that differently. I wonder how it is supposed to be spelled. How funny. Things like that when they happen. LIke when you can't remember how to spell and or something easy like that. I realized I haven't typed for the whole 20 minutes right now, but I have to have it in by five. I think I will try to do it again in a minute. I hope this isn't too bad. ",high,low,high,high,low
"I have done this assignment three times in the past ten minutes and the computer has changed screens when I was looking t the keyboard, so I apologize if you have received several copies of this assignment already- in case you haven't I will write everything I have written already because it is what I am mostly thinking about - firstly though, my roommate is in the next TV room  and listening to the TV very loudly with apparently no regard for the fact that I am doing homework- the volume on the television is stopping me from having any complete thoughts which I suppose is ideal for your purposes but quite irritating to me- I have always disliked stream of consciousness writing especially since we read Virginia Woolfe last year in my English class- We were given a similar assignment and I was told that I could not complete the assignment to my teacher's specifications, mostly because I think more clearly that I speak in most circumstances and even then I have to rework the thoughts over and over in my head before I feel they are strong to enter into an argument. I greatly enjoy debating, and I have never been accused of making a completely outlandish argument before( unless that was my goal in the first place, which falls under a different train of though so I won’t mention that here) but my brother and father would argue constantly as I was growing up and the insults and reasons behind those insults that be passed back and forth would be unorthodox and so deprived of reason that I made it my goal not to speak, especially in a debate, unless I was sure that my argument could not be beaten by any irrational statement-I mean rational statement I would let the irrational statements defeat themselves-  My favorite aspect of debate would actually be --this all gets back to a time when we were assigned to write a bill that we would take to a fake model united nations conference and we would have to present a bill that we wanted passed- in fact, my partner and I rarely wanted the bills we proposed to be passed, but we just wanted people to have to argue against them, in most cases we would try to make our bills interesting or at least darkly satirical, so that the only arguments that could be made against them would be based on moral rationalization rather than common reason- the moral debates would most likely get everyone interested and could be defeated by one who was willing not to be moral- none of our bills ever passed-As I write this I find that I am often losing my train of thought but I don't believe that that is how I usually think- as a result of the confines of this experiment I am discovering that I am thinking more quickly than I normally do and I can't explain why that is other to keep typing, however, when I am normally thinking, I still try to think slowly and articulately so as not to speak something that makes me look ignorant-this is said mostly to point to out possible flaws in the ways of tracing thoughts . now in fact I a running out of things to say-before I finish, which is still about seven minutes away- I'd like to apologize for the many spelling errors that are sure to be found in his assignment-  don't mean the errors that are natural such as words that I just don't know the spelling of but rather, I mean the words that look as if they have been written by an idiot because I am not a very talented typist and my fingers are slipping over the keys, I would go back and fix these errors but that seems contradictory to the nature of the assignment  2:53 that was the time at which I am writing this I am also realizing that occasionally there is no clear and concise thought n my head which I can write down or there are just so many thoughts that I an not possibly transfer them onto paper at the rate at which they are passing through- I hate leaving the impression with anyone that I am ignorant and I think that is the main reason I dislike this assignment, because I don't see how anyone can read this and not see exactly that- it is my hope that at least everyone will appear ignorant and then at least I will be on even ground - I also hate writing this to a professor of psychology because I am sure it is analyzed more than is necessary- if this assignment is done honestly then you could probably jut talk to someone and get just as many honest answers- well -I've just hit nineteen minutes and I suppose that last sentence is just a good a place to finish off as any where. ",low,low,low,low,low
"you know, this is sort of a bizzare assignment. you would think that one would just start listing off a bunch of items like  dog, cat, mouse. etc. however, it that was the case, would there be some sort of indication of what the persons mind was filled with?  maybe. maybe not. so i essence in reflecting on the kind of determination that can be made from something like this leaves one in kind of a quandry. let's see the desk i'm sitting at is hard. it's wooden, so why not?  i'm in a library so aside from the loud typing noise i and others like me are making. all is quiet. you know, speaking of quiet, that is another thing that comes to mind. as i was reading an   e-card   sent to me by my wonderful girlfriend just minutes ago, i was unable to trully get a whole and complete apreciation of them due to this surrounding silence. allow me to explain. as i am obligated by the nature of this assignment to just contimuously spit out thought as they come to me. it limits the amount of organization of said thoughts. anyway, so i assume that whoever is in charge of these convinient little computer stations in the library, has taken it upon themselves to make sure all the volume controls have been pre set to a level of zero. you know. a library. concentration etc. so i guess that's not really volume control at all is it?  well, at least no control for the common user such as myself. control to the administrator or whatever. so back to the oriinal point of the e-card. these little messages provided by different. providers i guess wouldbe the first thing that comes to mind usually have some sort of audio accompinament (sp). now, reiterating the fact that all the volumes control has been taken away from me and others like me, i literally could not hear an of what was going on. that was unfortunate. quite. so i guess i'm going to have to find some other place to enjoy to it's full potential what was intended to be read as well as heard. that is kind of a round-a-bout way to say that i was unsatisfied with the events that unfolded in regards to the   all silent   rule in libraries. i had never really thought about that side of it before. of course there have been an uncountable amount of times that i've sat in a library and truly enjoyed the silence that it provides. . always just thinking that that is the way it should be. silent. no noise. i always envisioned some nasty old librarian with some kind of   sonar   hearing just out to bust the hidden conversations wherever they inevitably pop up throughout the establishment. of course there's always the issue of the cellular phones. oh, man- have we gone NUTS with the phones!!! what is the deal with that!?  has it truly come to the point that p person is in such need to be in contact with everyone and anyone that they have to be totally and at everyone's disposal. is there something THAT pressing for everyone?  i really wonder. i know there are those buisness men and women that just depend on that kind of continual interaction with . whoever they interact with. i guess i just have a hard time relating because there just is not that scenario in my life. in fact i would go so far as to say that i would be very uncomfortable to be THAT availabel all the time. i mean that would put me in a very akward position. always with someone wanting something. someone calling. someone bugging. AHHHHHH that just drives me crazy even thinking about it. there's something funny i just remembered. it's in the out takes from some movie with jackie chan and ohh what's his name. i can't remember. that black guy from friday. o chris tucker. so they're in some scene and it was obvious that chris tucker had forgotten his line or at least that's the way it seemed and then out of nowhere his cell phone rings. just like that!  here they are- rolling that expensive 35 millimeter film and the man is talking on his phone. he says somthing like:    no man, i can't talk right now. we're shooting. yea man. right now. i'm standing right here with jackie chan. .   it went on for a couple more seconds and the guy wouldn't believe tucker and as it went on . jackie was getting frustrated. chris tucker had to prove it to his friend that he really was shooting so he gave the phone to jackie who said hey, we can't talk now. in his oriental accent. it  was funny.        ",high,low,low,low,high
"I keep thinking about this White Stripes song and I cannot remember the name of it so I can download it. It continues to anger me. Its really dark in here so I should open the blinds, but I think right now there is a glare through a window and that would  not be good since my computer faces it. Just a minute ago my keyboard was making me really mad. It would freeze up and I couldn't type certain letters. It made me so mad. I wonder what Ben is doing right now. He wasn't online but I know he doesn't have to work today so I am curious what he is doing. I called him earlier today and then when I got out of school. I really miss him and I am glad I get to go home next Friday. I also miss my dog, Rosie. I wonder if she thinks about me or maybe thinks I am dead or something. Mom said she looked for me a little bit. I can't believe my credit card got denied. That makes me so mad since Mom sent the check like a week and a half ago. I wonder if I can get on the website and look at my balance. Dad is such a cheap guy. I can't believe that he thinks I can live on $250 a month. I guess I could but that would mean I couldn't buy everything I want and since Mom isn't here to take me shopping and buy stuff for me, I have to buy it for myself. I just got back from Walgreens and I am also getting really mad  because my car is really dirtier every time I get in it. There is bird crap all over it since it is under that tree. I kind of like the spot and the shade, just not the crap. I wonder when I will start to feel better. I need to take that medicine. I can't stop coughing now and I couldn't in class either. I bet it made the people around me hate me. It feels weird to have already eaten dinner at 6:30. It kind of sucks that they serve it from 5 to 6:30 because I am used to it at like 7:30. The food here is not all that great but there is a better variety than Mom makes. I am so excited about going home next weekend and sleeping in my double bed. It is really hard to get used to sleeping in a twin when I usually sprawl out all over the double. My bed also has that poofy thing that needs to flatten out because it makes it harder to sleep. Bennett borrowed one of my scarves today and that also made me mad. I don't mind that she borrowed it but I really wished she would have asked first. Some of her clothes are really ugly I think. I don't know I guess that is what you get coming from Podunk, TX. I like her a lot but I just feel like she thinks she is hot stuff and it also pisses me off that she rushed and I didn't. I really would like to know how someone like her was accepted and I wasn't. I'm not saying that she is gross or anything. I just think that I should have gotten into a good one also. It makes me mad and disappointed and upset all at the same time simply because I always pictured myself being in a sorority and I never expected rush to go that way at all. It kind of hurts even worse since everyone on my hall has all of the decorations and all of that stuff. Claire also made me mad last night when she started eating all of my goldfish and stuff. I have so much homework to do and all I want to do is go to sleep. I feel awful because my nose is running and my throat and ears hurt, plus I keep coughing. I wonder if it is just allergies or if I actually have a cold. Mom said she would make an appointment with Dr. Eldredge when I go home so that he can see me if I need him to. I really like him a lot more than Dr. Audrey because he isn't psycho and he is really young. That makes me think of Paschal and Fort Worth because his office is down that way. Man I really want to go to Ol South. I really am kind of homesick. I have been trying not to think about it because it makes me really sad. I think I miss Rosie and Mom the most. I miss Ben but I am beginning to think that we are not right for each other. The other night when we went to those frat parties I was thinking that I don't know if I can do it or not. I am not sure whether I am missing him or missing the attention and also I know that we are not really in love and I don't see myself loving him. I really miss what Eric and I had and I think that is really the only relationship that I have been in where I was in love. I think Eric is mad at me because I called him the other day and he never called me back. I wonder if things would have ended up differently if he had gone to school or even had a better career path than he does. I really miss him but I don't think I could do the long distance thing with him any better. Plus, I know there were things wrong with him too. I really wish I could combine the traits of both people I like and make a boyfriend specified to my desires. I bet everyone does. I can't believe how tired I am. I wish I could just go to bed right now. Maybe I will take some Tylenol PM. Although that didn't help me at all last night. Everyone is gone to their sorority meetings now so I think I am the only one here. Oh well that's okay I will get a lot done. There were these guys in class today that  ",high,low,low,high,low
"I guess I have to tell you about how I feel right now. I feel awful. I don't know how to spell that. I am just so depressed at the moment because of everything that has been going on right now. geez what to type. I hate katie. she is an evil person and I wish that I had never met her. I am just so tired and exhausted. I don't' want to go do anything. I don't' want to go do anything. my head hurts. wow this is harder than I thought it would be. I keep messing up on my typing and it really sucks. I don't know what Professor Pennebaker wants me to say exactly. how do u spell hmmm. ? I just sighed a big sign of frustration and now I want it gone. I miss my best friends so much it's not even funny. I really wish I was home right now and they were with me so I didn't have to deal with this right now. what do I say next. I know I wanted to say something but I can't remember what it was. haha this is too funny to me for some reason. typing what I'm thinking in my head is funny, but it actually makes my head hurt. I guess that's because I'm typing in the dark. go me. I wish this was over. I wish this was over. I wish this was over. I want to go home. I want to go home. I really don't know what I want right now, but I know I am sick and tired of feeling like crap. I have a sore throat, and I have no idea why, but it really hurts. And I , and I , come on come on come on. what was I about to say? um. oh right I used to be such a happy person and I was until I moved out of my room and now feel like this big outsider that no one wants to associate with. It is really killing me inside. I feel like crying everyday and I have no idea what to do. I was such a happy person in dallas. seriously! nowadays I just sit in this room alone. I know I wish I had a roommate so I could talk to somebody! I really don't like not being able to communicate with the people on my old floor 15. I mean now I feel like I'm betrayed and so much of an outsider that I don't' want to do anything or be anything at the moment. I haven't felt like this since high school where all my friends went to the other school, and I wasn't the pretty enough girl to talk to. Katie sucks so much you have no idea. She is the biggest bitch I have ever met. I wish I never met her. no I just have nothing nice to say about her. it kills me because I don't' want to be the person who hates people because I used to judge people so much back home that gosh I don't' know I don't want to be that way here. I really want to be liked and have fun and just be who I want to be but I can't do that now with this thing thing THING just hanging over my head like a bad mother f**king migraine. I am not typing that. I guess I just did. I don't know what they'll think of my cussing but that is so how I feel right now. I've talked to counselors and people and more people and more people and my mom and my mom and my mom gosh my mom and mom and mom and mom and mom I could keep going on this if you would like but I don't think you would because I would just type mom for like 20 minutes if I could. I don't know why I just said 20 minutes I think that's funny because that' how long I have to do this. gosh kill me now. I'm just so tired mom mom mom mom mom mom  MOM MOM MOM MOM I really hate my mom right now for making those freaking phone calls. all she ever does is not listen or listen too hard. there is a hair in my nose. how do you spell aew no oww like the pain feeling? I don't know. I really don't' care I just want to finish this so I can go scream and cry and jump out that freaking window. I don't even know why I'm saying this stuff because I'm not suicidal I'm just pissed off and don't have any other way to stop my feelings. I don't' know how to stop my feelings. I don't' like typing and thinking at the same time  tickle tickle tickle because then I have to say everything twice so I can type it out because I can't type very fast. I have bad grammar, and my mom would hate that right now especially if this is for a class which it is so I guess she would hate this. my arm is tired from writing so fast. my head my head my head my head my head my head I can't find the h key so I almost typed yeatd. hahaha my leg hurts too and my back and my head and my neck. my leg really hurts. it's tingling now. ",low,high,low,low,low
"Stream of consciousness---I am not sure what to write at all  everything in my head  comes in little spurts of information. ""Turn the radio on, turn the radio up, and this woman was singing my song,  lover is crying cause the other won't stay. my stomach hurts and I have to go to the bathroom, I think I just saw Jacob Biddle Now that I have to think about something I can't. which is strange because usually I think too much about  everything right now that song by Lisa Loeb keeps running through my head even though I really hate that song. I feel really bad for Princess Diana's kids. but I actually have that morbid curiosity  to see the pictures of the accident scene and it makes me feel awful. do I have to work tomorrow?  My bangs keep getting in my face---I should never have gotten them My roommate is bothering me right now. she always leaves hair on the bathroom sink and on the floor  and it really disgusts me, especially in the morning when I am already in a bad mood, and  sometimes she gets this real high moral attitude with me like she knows better and doesn't want to break the rules by painting the walls because Mr. Lay might get mad, yet she has all this pot in her closet What a hypocrite!  I hope I make Texas Angels, although I have to admit that I thought the whole thing was really fake  Okay, now really nothing is going through my head I wonder if the people next to me are looking at what I am writing, they better not, that is such an invasion of privacy, although I would look at theirs  any day. there is this disk sitting right here and it is not mine but I want to use it because I didn't bring a disk so that I could check email but I don't even know whether or not it is formatted for a PC, that guy was really cute. I wish I was in Paris right now. wow these computers really filled up fast ---there is already a line to get on them oh well too bad for them. oh damn I forgot to go get that course packet for government, oh I need to call that New York Times number I think they changed the computer system here in the SMF because the setup is different, that guy reminds me of somebody but I can't think who, I wonder if I can check my email without a disk If that is Brian Patridge he sure got fat. I wonder if I need to bring my psychology book today, but I don't think I have time to walk all the way home and then walk back, I will just share with Tina I need to check on my stocks, maybe they have finally earned me some money, and I need to get my portfolio going. I want my car back  ",high,high,high,low,high
"A of the present I guess the most common feelings I have are nervousness, excitement, sad, and happy. I imagine that these emotions are all quite normal, especially for a first year student. I guess the first two I will talk about are the ""better"" of the bunch: happy and excitement. The main reason I am feel these would have to be that for the first time in my life I have ""true"" responsibilty, there is not a parent or teacher looking over my shoulder to make sure I finish all my work and get it in on time, it is up to me. Secondly, I am lookinf forward to the learning style of college. No longer will I be bambarded with quesitons asking about pointless dates and useless facts, I will be asked to explain the theories and ideas taught in class. The lack of this is what I disliked about grade-school. I guess, at least in my case, for eahc ""good"" feeling there is an oppisite, ""not-so-good"" emotion. Most of the people I have talked to that went off to college were the most nervous about the simple fact of being away from home, ""being on your own. ""  I have friends as close as 20 minutes from home feeling the same thingas those 3000 miles away. But, at least as far as I can tell, I am not that home sick. THe part about being away from home is the fact that most of my friends are going to school at home. Granted I have a few friends going off to colleges that aren't at home or isn't UT, but the most part if my friends are not in San Antonio (home), then they are up here at UT, in fact my roommate has been a friend of mine since 8th grade. Even on top of the ""friends"" factor, the one that gets me the most is that my girlfriend is still at home. That would have to be the hardest part about coming to UT and the reason for the most nervousness and most about of sadness. Lucky for us though San Antonio is not that far, coparatively speaking, so the amount of time we can spend together is greater than that of my friends who went to other states and have a boyfriend or girlfriend in San Antonio. Although I am in the Longhorn Band, so that, at least for the fall, is eating up most of my time, but the time we do have together we enjoy a great deal, and both of our families support us so that helps considerably. So I guess all-in-all there are a lot of good emotions and feeling in me involving the change to ""college-life"", but nontheless there are still those ""not-so-good"" ones residing in me. ",high,high,high,high,high
"Right now I'm writing about the things I am thinking of. I just got my hair cut and now I'm drinking a coke float. which I probably shouldn't be due to the fact that freshmen 15 is a big thing these days. my boyfriend just called and I like him a lot well actually love him to death, but sometimes I just wonder like if I'm doing the right thing. actually I wonder too much instead of living life as it should be lived. now my dad is wiping the back door off because we're having a party for my grandparents tomorrow - they will have been married for 50 years - that's a long time. I'm glad that they're both still alive because a lot of people don't even get to meet their grandparents. today I went and bought some clothes, which I probably should not have because I have a lot already. this chick keeps getting on and off of aol which is really bugging me because little messages keep popping up saying she is doing this. today we had a parade in my home town. yeah I'm home again. and it was cool. Kyle is a senior. I wish he was a longhorn because it would be so much easier to go to school together and see each other more often, but no he has to be an aggie. today is the football game, I wonder if Texas will win. LaGrange lost really bad last night - Hahira their not as good as they think they are. mom is sleeping and she snores a lot. dad keeps brushing the windows now and it is somewhat distracting. coolcherrychick has just signed on. cool. lol wow my hair is really short. man I can type faster than I thought I could, I guess that's good - hey it rhymes! omg stop with the window! I can't believe I found pants long enough for me at Bealls, that like never happens because I have really long legs, well not really but longer than normal. now coolcherrychick has just signed off. why do I like coke so much? I mean I don't drink it that often because I don't allow myself to, but I do enjoy it a lot - I guess the caffeine. I have problems spelling. this coke float is super good. thank god he stopped. ha-ha I just wrote stuffed before I erased it, anyway with the window. my hair is really cute, at least I think so. for once I'm not cold, its amazing. rowing is going to be cool, even though it might be really hard, at least I will have a coach forcing me to work out and I can identify with a team. I wonder if some people use really big words when trying to do this assignment, I mean I can use big words, but I really don't think in big words. my cognate. however you spell it process is not always so high smart or yeah that. I hope rhea's oh regina's home, I hope rhea's reunion - that's it - is going good, I don't think she really tried very hard but I mean she hasn't been doing her best in the recent time on being responsible. regina and laurie just got home and as I'm trying to think they are telling me about some kind of tattoo or something I don't know and I feel bad but I have to do this assignment. oh well I hope they didn't think I was being rude. this is kind of hard because I think so much faster than I type. mija just ran with laurie. she is so cute! sometimes she smells really bad though, but I guess I do to when I don't take a bath for awhile. I want to see regina's hair because she got it done today too it looks really cute and it has red in it and blonde and I think she looks good with it. Kevin called today and wants mom and dad, well everyone to put their money they're contributing for grandma and grangpa's thing in cash so they can give it to them in this game show thing. the lady who did our hair is like 50 something but looks a lot younger. like 35 or 40 - no lie. well the television was just turned on and was talking about football now something is on about a comedian. I like black people, they are so much fun to be around and they are not as uptight, well when it comes to their family I guess they are but not just in general. I like jz he's cool but I don't know I think that I like all kinds of music, not any kind in particular. sometimes I feel really left out because so many people know these alternative bands, but I don't because I don't really like the music as much as I like oh wow mija is getting a bath by laurie, yeah! other music like pop and rap. It's amazing how fast this time is going by like I thought it would take a lot longer or seem like I was typing a lot longer. I like that song and I can't believe a 14 year old sings it - jojo what kind of a name is that! I like the bangs I got cut, but I don't know if I am going to be able to fix it like this myself. Kyle is coming over later and I hope he likes my hair. and if he doesn't well it's not like I can do anything about it. I wish I was better at volleyball and could have done more with it. I mean I can jump high, but I can't hit hard. wow the gymnast was really short, but the volleyball player standing next to her she was so tall, I am glad I am tall, except when it comes to finding pants long enough wow I really have problems typing. today I changed in the car, that was really not fun I should have planned it better. oh well I guess no one saw and if they did then lucky them, just joking. usa wow I'm really lucky to live here and have my own choices. shampoo always smells good, well not always, but most of the time. it would be so nice to be rich. I need to read my psychology book and my biology book man both ologies, lol. breathing is a good thing. laurie can't reach the shampoo that's no fun. my fingers are starting to get tired from typing so much.    ",low,high,high,low,low
"I am so pissed right now because I was almost done and then my sweetmate's phone rang and I got disconnected and now I am just hoping that the phone doesn't ring again, I would like to get this done before the weekend begins. I am very excited about this weekend I think that it is going to be alot of fun. We are doing many things, let's see. Tonight we are going to Hillele first, which is a religious service (Jewish). Those are always nice,. Hillel reminds me of camp which I love. I go to a religious overnight camp in Wisconsin, Ramah. In my last letter I was wondering if anyone is even reading this, maybe you are just checking that we did this and that's it. I mean, it has to be incredibly boring to read 500 of these. although, as a psychologist maybe it is totally interesting, you get to analyze all of us. Those surveys well, I thought they were sort of pointless, just because as the teacher said (or you said if you are reading it), the research is meaningless if the patient knows what is being tested. It's not that I knew the hypothesis for all the surveys but they were pretty obvious and I could tell what the researchers were looking for. I like psychology so far though, I don't know if I am going to agree with everything though. I will have to see, but a friend of mine told me that it gets very logical and I am not the biggest supporter of logic. That must sound very stupid, well, that's not exactly what I mean, but I read this book, actually a short story, Teddy by JD Salinger, who I love and Teddy said you have to look at the world without logic to understand things better. He said that when Eve bit in the apple, she was really biting into logic. This seems very long, I have been writing for a while I also think I should stop because I am very nervous that the phone ",high,low,high,high,high
"Tired, stressed, already sick of school and it has only been the first week. What can I say other than I have to do great this semester. I never knew that school would be this stressful. There are so many things going on in my life right now that I really do not have time for. I feel like my brain is on overload and don't know when I am going to get all of this stuff done. Hungry, what can I say, I am always craving something. I am sitting in my dorm room all alone because my friends have all gone out to this Sig Ep party and I opted to stay home and catch up on things that I need to get done. I hate typing too. Although typing is a lot easier to do because it is a lot faster. I just hate it when I mess up and hit the wrong key. It really irritates me when my phone rings late at night and it is one of my friends from home and you can't understand a word they are saying because they have been out partying all night long. Have you ever noticed that when people have had a little too much to drink that they get real emotional?  When I returned home last night from being out, one of my friends from home was hysterically crying over something a guy said to her at a party. He commented on what she was wearing and obviously she took it the wrong way and got mad. Of course I knew it was no big deal, but she really thought it was. This morning, of course, she ran into my room wondering what had happened last night and why she got upset. It was such a big deal last night, but this morning she was so embarrassed. I have done the same thing that she did. Gosh, I miss my parents and I never really thought that I would. My senior year I was so tired of the high school scene. I think I was the only one of my friends that hated my senior year. Well, I can't say that I absolutely hated it, but I was ready to go on to bigger and better things. My boyfriend lived here, so maybe that's why I wanted to leave home so badly. My phone bill is going to be so high this semester. I talk to all of my friends so much on the phone. I also talk to my parents a lot too. I especially talk to my mom. I was always so close to my mom and it is hard to be away from her. I could always drive home one weekend. It is not very far away. I just found out today that we are going to have to go to ten hours of study hall every week. It sounds bad, but I really think this is good for me especially coming into my freshman year and trying to get adjusted to this new life that I am leading now. I was always independent, but now I feel that I am on my own for good. I really like only depending on myself for things. ",high,low,high,high,high
"Well I was a little worried about using the Internet because I have never used before. I have used e-mail last year a little but for the most part this is a whole new experience to me. Today has been a good day I really enjoy my Monday and Wednesday class schedule. Except for the fact that I do have to get up at 7:30, but that is actually a good thing because my day is done at 10:00am and I have the rest of the day to do primarily whatever I want. I'm a little worried about the amount of stress that college has been. It is entirely not that bad because I do tend to be a organized person and good with managing my time. Although I do have to admit the reason why it has probably been so hard to get back on track this year is because my Senior year in high-school I got that little thing called ""senioritis"". I was hoping to be able to do this assignment from my computer in my dorm room, but the communications company has had a hard time getting my Ethernet Link set up. This is kind of nice though coming to the Undergraduate Library and getting acquainted with their systems. I have not decided what I am going to do this weekend, because it is one of my really good high-school friends birthday and she is going to school at A&M University. So therefore a lot of my friends are going to go down to College Station and surprise her. I really want to go but I want to stay here and go to the football game that is if I get a date. Which as of now I don't have one, but I am in a sorority here on campus and we have a mixer tonight with a fraternity so maybe I will get lucky and someone will ask me. Anyhow though these little events such as a mixer kind of make me uncomfortable because my boyfriend goes to school at Louisiana State University and it's strange trying to interact with other guys. Well I think I completely said that wrong it is not hard at all to interact with the opposite sex, but we decided mutually that we needed to try and date other people and not stay completely focused on someone who is 8 hours away. Anyhow this is really strange this assignment because I keep getting this urge to go back and re-word what I have just said. I do realize the point of the assignment and that is not what matters. I am really hoping that I have a great first semester at college. I am already enjoying it tremendously but I am a little nervous about the academics. My father will not allow me to bring my car up here until ""my grades have proven worthy"" as he says. I thought that was going to be a big deal but everywhere you go is within walking distance so it truly doesn't matter. Well I just glanced at my watch and it has been 23 minutes so I will be going back to my room now. ",low,low,high,low,low
"Why am I doing this? I don't feel like typing for 20 minutes. this is bound to be very boring. i'm already bored. i still have way too much time to kill. I'm really hungry. haven't had breakfest yet. i need to finish my homework though. I want to go out this weekend. my brother is also coming into town. I'm still bored. As usual, a song pops into my head when iu am really bored. I'm wearing no pants right now. its somewhat drafty. i'm going to look out my window now. no one is outside. i want some fresh air but i still have 16 minutes to go. I really should have taken a shower before i started this. Still hungry. my roomate is studying. i feel like bothering him. i just got offered a single room but i'm not taking it. I really want to listen to some music while i do this but  i can't.  we're not going to make it    pops into my head. I''m now going to stare at the poster on my wall. I really should throw out the  trash and make my bed. I still have to read my psychology textbook before i leave for my next class. I also need to workout. I need to learn out to type 80 words a minute. damn my fhand hurts. sucks to have tendonitis in both hands. 12 minutes to go and still extremely bored. I'm reaching my angry stage right now. I want to eat and i have to kill 11 more minutes, Might as well try some meditation. still have yet to decide if i want to finish my work before i go out tonight or if i do. I need to go meet someone tonight so i guess i better work. hey at least i'm halfway through. it would suck to be in prison. Now i jsut got a random word in my head. disestablishmentariasm. well then moving on. considering my week, its been pretty awful. I almost got mugged, someone got arrested for dealing drugs nearby me on that same night, and i accomplished nothing. i need to become more motivated. not going to school for a year does that to you. I really need to go learn judo. my sheets are looking pretty messy. i must go fold them in 7 minutes. i need to organize my books to and buy some new laundry detergent. Well if i am going to waste my time writing for 20 minutes i might as well make a shopping list. yesterday i watched orange county it was pretty amusing. then i went and did   dance dance.  yeah i really suck at that game. I really have almost nio hand to eye coordination. no wonder i took up pool recently. almost 5 minutes left. i think i should have made myself some green tea before starting this. eh i might go skip the crappy lunchs they serve at the cafeteria and go use my  5 bucks at pizza hut. i like pizza hut. its better than a lot of pizza chains. no pizza beats this one pizza place in greenwich connticut. i used  to walk a a mile to get to eat it when i was `10. those were the days. man my trash is full. i wish we could open our window. this room has a weird smell. must be all the ants i killed. stupid dorm  is infested. i want to go play some pool today. i've been practicing for 3 months straight to beat my brother at it. He took me for some money last time and this time i will dominate. well enough with my  evil plans (insert dr evil laugh). i have 2 minutes remaining and i am still very bored. i need to go take my vitamins. i think i need to buy some good cologne all the after shave i use isn't quite that great. It burns like hell especially since i hate to shave. if there was electrolysis for the face i would do it. well only 30 seconds left. i better save this in case it somehow gets deleted. it turned out to be somewhat fun. well not really. and i'm done. ",high,high,low,high,low
"So, I'm sitting here staring at the computer screen. I wonder what I'm supposed to write about. Thousands of ideas enter my mind, but one completely stands out. My roommate is again in a fight with her boyfriend. How can one person have so much anger trapped up inside of them? How can one person be so hurt and so hurtful to or from another. I know that I sometimes get in fights with my boyfriend. But they are nothing like this. I just don't really understand her sometimes. She complains that they don't talk enough, but when they are on the phone  they have absolutely nothing to talk about. What else is new, all she does is sit around in the room waiting for him to call all of the time. I go to class, come back, and there she sits still. I just can't do that. I mean, I'm dedicated and love my boyfriend, but not to the point of putting my own happiness and life on the line for one person. I don't think that I'm selfish, I feel like I have my priorities straighter. Except I happen to be the one without the degree plan that everyone else already has set up. I don't know what I want to do with the rest of my life. There are so many opportunities out there, how do you know deadon what you would like to be? My interests change daytoday. One day I want to do this, then the next day it's this other thing. The only sure thing and deadmindset thing that I'm involved with is my boyfriend. We've been together for a long time, and I've never felt as strong about anyone as I feel about him. We make all these plans for our future together that I hope come true. But they are only things that I want right now. I would love to marry this guy, I've been settled down for over a year now, and I'm happy this way. We both adjusted our lives for each other. I just wish the time was here. But I can't help to think of that continuous thought in the back of my head, of what if. I am extremely superstitious. I believe that there is a reason why we met each other, and every event that has happened since, has. But maybe I don't always get what I want because I'm supposed to meet someone else while he is not around. I have never been happier in my life, and I am always afraid of change. This move down here to college shuck me up enough. Now things are finally getting settled and I'm meeting tons of people, but I don't know whether or not I should dedicate my time to what I am giving it to. I make time for everyone, but not always for everyone. I keep a lot of time to myself. I hate having to turn people down, but it seems as if I am always doing that. Tomorrow my friend invited me over for dinner, and that should be a lot of fun. We have kind of lost touch, and it should be good for us to get back into the swing of things. Well, I think that has been twenty minutes. I hope you enjoyed my ""interesting"" train of thought. ",low,high,low,low,low
"What a strange assignment. Why did the typing start indented? Twenty minutes seems like a long time and the timer does not make anything go any faster. It's weird that the one thing you look forward to all day turns out to suck. What do wounded ducks look like? Alright, 1% complete with this assignment. Physics is really hard, but I actually understand everything fairly well. I suppose that's a plus. I wish Lindsay would talk to me. I really miss her companionship. I suppose now is where you notice that I am a normal college kid going through the feelings and emotions. I really hate to be normal. I am not somebody who is outrageous to be not normal because that is conforming to another standard. I instead just do what works for me and disregard most everybody else. I really miss Lindsay. I wish I knew what to do to get he back. I think that is the problem, you can't get someone back, you can only hope they come back. I really hope the power doesn't go off in the middle of this assignment (knock on wood). It's been going out recently. Alright, almost 25% complete. Maybe I shouldn't track my progress. Is anybody really going to read this? Is this simply an experiment? Maybe it's a wpm counter like in computer class. Here comes the scary part in the music. I am listening to Firebird Suite. It really is a neat song, but it lacks something, not sure what but something. What if you started this assignment at 4:50 on Friday? That would really be horrible, but it wouldn't be quite as bad as starting it at 4:41. That would actually be ironically funny. Good times. Something is odd. Not sure what, but something seems a bit strange. I want some natural light, I really can't stand these fluorescent lights. These buildings also are disturbing. I didn't live in the country, but I really miss the trees I had around my house. Living amongst these lonely trees is strange. It's like they are put on display as something that used to be. I want to go to a school that is in the trees. I am talking a tree house. In the trees of the Amazon. That would be a sweet experience. The window, right. Haha, of course I open my window and see construction. Great, just great. It's rather depressing. Alright, more than 50% complete. This could really be a dangerous thing if you really tapped into your thoughts. Might find something you don't want to find. Hmm. I hat that feeling of being hungry after you've just ate. Is ate the right word there? I think it might be eaten"", who knows. I feel like I have something to do, but I really don't know what it is. It felt really good to sleep in this morning. I kind of felt lazy, but none-the-less, it felt great. I saw Cedric Benson in his Escalade XLT today. That is a very nice vehicle he has. Almost 75% completed. What a bunch of crazy rambling. It must suck to be the one to read all of these. I suppose you just search for keywords and check their frequentness. Is that a word? Who cares? I know you don't. I am running out of thoughts and my right pinky hurts, perhaps I should learn how to more properly type. I type pretty well I think, I just have this mysterious pain in my pinky. Shadows are the only two dimensional objects. Shadows are cast from three dimensional objects. So is it safe to say that three dimensional objects are shadows of 4 dimensional objects? Can we say that we are shadows of time? There's a predicament. What is time? That's also a predicament. That would be cool if somebody would call me right now. I really don't want to have to get up so early on Saturday (7:00). Oh well, can't do much about it I guess. I wonder how Phoebe is doing? That thought was brought on by a song that I just heard. Time is almost up. Check you on the flip side. Ciao. ",low,low,low,high,high
"wanna see the real you- I love this song. by the suicide machines. I saw them last spring break with the descendents. good show. now green world is on. this is weird, trying to write continuously for 20 minutes. you tend to think  differently when you're forced to. like today, those questionnaires in psych class. I think I analyzed them too much and tricked myself into answering  differently. oh well. I have a lot of shit I need to be doing like returning that journalism book and buying the packet for that class. that class sucks. how  can journalists shove a camera and microphone in someone’s face when they’re in mourning or whatever. and those guys who caused the princess Di's wreck just for some pictures. it makes me sick. do they have no feelings or sympathy  whatsoever? does anyone? how the hell am I going to find a job that I like that doesn’t require making it to the top, no matter who you step on to get there. I guess all jobs are like that I’m just not a competitive person at all. never was. I don’t need to put other people down or be the best at everything in order to feel good or proud like tough guys. sure I’m proud of what I can do but I could  never hurt another soul doing it. well the music’s off now and its quiet here in  my castilian dorm room except for the fan. my boyfriend and my friends are  upstairs, probably watching t. v. I wonder if he wants to go to that less than  Jake show tonight I want to. they’re pretty good. my back hurts. I need to go  to a chiropractor cant believe this stuff going through my head. how boring. I do think about interesting things sometimes. a few nights ago my boyfriend (kevin) and me and three other girls got into a huge (drunk) argument about  how the world would be different if women were in all power. then we starting  arguing, are gender differences biological or environmental? kevin thinks  they’re environmental, and has a nerdy, stubborn, math/scientist guy and shows  very little emotions. marita and I said no, its about 50/50, because women are  born with these instincts that men will never know until they grow uteruses  and give birth. ok I have 5 more minutes to write. my hair feels weird. I cut  about a foot off 2 days ago. it was down to my waist now its to my chin. I feel  bald. I wonder if I should dye it again. last year it was purple. man I’m doing  it again, rambling on about boring stupid shit. I wonder if everyone else  sounds as dumb as me, chatting away about stuff nobody really cares  about. for twenty minutes. all to make a good grade. why is so much emphasis  placed on grades I wonder. they don’t measure your intelligence. some people  always do their homework and make good grades. that me. some people study and  study but still bomb tests. that’s me too. tests suck. especially true false  questions. I analyze those too much until I confuse myself. kevin doesn’t have to  study and aces every test. no fair. well looks like my time is up. if anyone  actually read this, sorry. fun job huh. I guess you’ve read much weirder  stuff than this anyway. well adios. ",low,high,high,high,high
"Twenty minutes seems like a very long time to have to write about what I am thinking in my conscience. I just got a letter from my aunt. She was writing to see if I was ok and whether or not I like UT. So far I do like UT. I just wish that I had the social skills to make friends easier. I am not a very out-going person and it takes me long periods of time to become good friends with people. I am very picky about the type of people I hang out with. I especially dislike snobby people. I realize people are all equal and that under no circumstances should anyone believe they are better then someone else. Although sometimes I do feel I am smarter than other students here at UT. Everyone always tells me I have a huge amount of potential, but that I need to motivate myself to use my potential. Sometimes I feel very lonely. I am an only child and my parents divorced when I was five. I have never really had a real relationship. I want so bad to have someone in my life that will stand to hang out with me twenty-four hours a day. This wish makes me seem very needy and I hate to think that I am a needy person. For some reason I think being needy makes me weak. Oh, well, on to something else, this so far hasn't been very fun. I am not sure what I want to do with my future. I am undeclared in the college of natural sciences. Undeclared could be used to describe my entire life. I try, subconsciensly to avoid any huge decisions. I sometimes think that I want to be a psychiatrist. However, this is for selfish reasons. I believe that I am self-sufficient. I don't want to let someone else fix my problems. If I became a psychiatrist then I would be able to analyze myself and determine why I am screwed up. At the top of this assignment it said not to worry about spelling. I guess it's the perfectionist in me, but there is no way I could leave behind a trail of mispelled words. I realize though that there are some mispelled words in this paragraph though. I wonder if someone is actually going to read this. I keep having to look over my shoulder. I am worried that my roomate is going to read this and think I am some kind of weirdo. Is weirdo actually a word?  For some reason I don't think it is. Weirdo makes me think of Gonzo from the Muppet Babies, also that blue guy from Seasame Street. I haven't watched those shows in years. It's funny what people think of sometimes. Actually time is slipping by pretty fast. Ummm. I can't think of anything to write. My schedule is so screwy. I have four classes on M, W, F, and then one on T,Th. It gives me plenty of time to work on homework or prepare for classes though. My mom is susposed to get on Instant Messenger tonight so we can chat. I miss her and my best friend a lot. My dad is an asshole. Can we curse on this assignment?  I was never able to before. College is so different, people actually treat us like adults. I want to get an apartment. I don't like living in the dorm. Not enough personal space. I also want a dog. My favorite breed of dog is the chow-chow. However everyone always tells me they are very protective of their owners and can become aggressive towards strangers. I want two so that they can keep each other company while I am at school. That is a dream though. I have to decide whether or not I want to get my car fixed or sell it. I am leaning towards getting it fixed because it is a good car, Nissan Stanza, and there is no way I can buy a new car. The only problem is that it is an '87. That is really old compared to all my friends cars. My best friend drives a '99 Tahoe. Lots of people call him spoiled, but I don't think so. Well time is up, I'm not sure I got the point of this exercise though! ",high,high,low,low,low
"this is really weird. what am I doing here. what am I supposed to write about. who came up with  this assignment anyway. well whatever. ill just do it and ill get the credit and that's it. I wonder where nauman is right now. I called him but no answer. where could he be. I had fun this weekend. I think. well it was better then what I normally do, stay home and watch tv. I wonder what Woren and Sahara are up to. I don't spend anytime with  friends anymore. I want to go back to Dallas and see everyone. well I guess I can do that this weekend when I go back. its hot in here. its so hot everywhere. well actually I don't want to go back home this weekend. in a way I do, and in a way I don't. I feel like I'm keeping a journal. oh crap I think my contacts are about to pop out. see if I go home this weekend, then I will be giving up freedom. but if I don't go home this weekend then, my parents will be like why don't you want to come home?  do you like austin that much that you don't even want to come see your family anymore??  which of course is not true. I actually don't like austin. well it smells everywhere in austin. dobie smells, dobie garage smells, Wal-Mart smells, Foleys smells, everywhere, austin stinks, literally. I wonder how farzana and Carey are at Baylor. I'm glad they came down this weekend. otherwise I would have been bored off my butt. you can really count on family to be there for you when you need them. but sometimes it can be really annoying. like my mom, everyday, what did you do, did you go to class, did you eat, what did you eat. it gets on my nerves. but I love her. I guess I am kind of looking forward to going home. I mean I get to see all my friends again. and sabeen is going to Dartmouth so I can say bye to her to before I leave. but I think the hardest thing to do will be the transitions on Friday and Sunday. I'm here now and I want to stay here, not keeping moving again and again. I hate change. and then if I go home this weekend, then ill have to pack and say goodbye to everyone on Sunday, and I hate good-byes. they are so sad and then when I'm say bye, ill want to come back to Dallas, and ill hate austin even more. that's why I don't want to go back. this feels kind of good like typing all this. maybe ill start keeping a log or something so I can put all my thoughts in it. my hands are getting tried now. I never realized how long 20 mins really was. how much longer do I have?  8 more mins. great. where in the hell is Nauman?  what is he doing?? I'm going to call him after this and see if he's there now. he better be. I miss him. I wonder if he misses me too. I hope so. when is he coming back to austin. I could go see him this weekend, but we both know that's not going to work. his friends are all going home this weekend so he'll want to spend time with  them and his parents are out of town so I'm sure he'll want to go out with  them. but then what about me? What about unlimited weekends??? rrahhh. this is frustrating. I wonder if he is still in love with  him old girlfriend. I think he is. but whatever. I don't care. he can be in love with  him old girlfriend. who cares. I'm just going to let things happen. I mean that is the best way right. you can't make someone fall in love with  you. actually I myself don't know if I really like him. its weird. when I'm not with  him, I really want to be with him and when I'm with him, its just ok. I mean I do like spending time with  him, he's really funny and the time flies when where together, but its just not what I expect it to be. I guess it will just take time. ok 3 more mins. great. that wasn't that bad. I guess ill do the other assignment tomorrow since you can't do both on one day. I have so much to do today. that stupid BA 101 assignment is due today and I have to d the prestesting for psy, but the stupid WebPages isn't working for it. just my luck, since I want to use it, its not working. I wonder if I really have to read those 2 books for class tomorrow. if we do, I'm screwed. I wonder what Mona and charu look like. he talks about them all the time. I wonder if I met them, what they would think of me and what he has told them about me so far. where is he. let  me go call him right now!  should I email him?  Well if I could ever get my stupid email to work, I would. how come he doesn't email me?  oh yeah , wait he does doesn't he. I don't know how he emailed me when he was here. I mean I wouldn't have done it if I was him. I don't think at least. I mean he had a girlfriend and everything going. how did he do it? well whatever it was, I'm glad he did. ok good times up. ",low,high,high,low,high
"will the cowboys win this game, who knows, why even care, will I be approved for a credit card application that I just filled out? I wonder if I'm going to be called by a friend to eat lunch, I'm not hungry, because I just ate, not really in the mood for jester food, stomach hurts a little from working out yesterday, not too bad, I hope I do good in all my classes this year. theres a lot of dust in my room. I need to get my friend to make his business run better. hes not a good business man. I get him all his business. I need to clean my room, at least my side. I don't know why I bought my caller id thing, I don't even have caller id service. it wouldnt help much anyway. I want to watch the game, but I have to write this assignment. I wonder what I will do today. I want to visit some friends. I wonder why I can wake up so early and all my friends sleep so late. cowboys are doing good this game, since I can hear the game going on. I wish I had a source of income right now. I don't know how I am going to pay for my cell phone bill and the money for the frat I'm rushing for. I'm glad I didnt drink last night, I feel pretty good today, except for a running nose. wow my 20 minutes are almost done, I wonder if my parents are going to call today. I need my cell phone back from my friend. I wonder what this blue, stringy dust is that is all over my stuff. oh look, my time is up, finally I'm done wit this, I'm glad I remembered to do this today. ",low,high,high,low,low
"I am so glad I didn't go to work today, this gives me ample time to do this writing assignment Sleeping in is not always good but today it worked out perfectly I am so damn tired from working out yesterday I think my arms are going to fall to the floor today I wonder if that girl in the red sports bra knew I was checking her out I can't wait until this weekend I'm going out and someone is going to have to carry me in the dorm room I really miss my exgirlfriend back home I think I just need to find me a temporary just to have a little fun so I won't miss her so much Last night I got some really good sleep but not enough homework got done I really need to go to church this weekend I feel a sense of being lost when I don't I think it keeps me holy as well Mom is going to be real disappointed in me if I don't keep up the daily routine on Sundays I really wish God would have blessed me with the skill of being able to type faster so that I could jot down more thoughts in twenty minutes Damn it is 12:10 and I am so hungry Some Christians on Campus just stopped by and they have just made me put a ten minute gap in my thoughts because I had to sit and talk to them Maybe I'll got to one of their little functions sounds like a lot of fun to do Jester food has been real heavy on my stomach lately I hope it doesn't make me sick The other night I had a weird dream I dreamt that I pierced my own tongue I grabbed a long needle and stuck it through my tongue and stuck a barbell piercing through it It was so real that when I woke up I thought I really had my tongue pierced But I wasn't scared or worried that I had I was actually a little excited Which makes me wonder if maybe I should get my tongue pierced It's not really my style but I think the ladies might like it I am really mad that I haven't gotten a paycheck yet I am too broke to have any fun you just can't go to college without any money. The only thing that is keeping me afloat is the loan money I got for the semester. It's a lot of money but I want to save little What the hell am I supposed to do when I need to go to WalMart to get some Hotpockets or some bottled water The water here in Austin is so nasty. That is definitely one thing that I miss about home is the good well water we had I was so good Twenty minutes has to be coming up soon. oh look, hey there all done, (a rush of happiness) and now I am thinking all of these unholy thoughts that I don't have to type Goodbye  ",high,low,high,low,high
"This is the second paper I have written like this because somehow the other one disappeared right when I was trying to push the   Finish   button. It seems like my life is always going the wrong way or I have bad luck such as this for most of the time. I did just get through working out with my   Tae-bo   tape. After completing that I always feel 100% better about myself and problems. I guess you could say that is how I deal with all of my stress,even though my life is not all that bad. Whenever someone thinks their life is terrible I always think about those children that you see on television that are starving or sick. I don't know why but I whenever I see a homeless person on the street I immediately feel sorry for them but then I start to think about why they don't have a job or are not in a shelter. My mind goes back and fourth like that a lot. Austin has a lot of homeless and I am so not used to that atmosphere, that is partly why I don't like living here. And because my boyfriend wants me to come back closer to where he lives which is Dallas, where I live as well. I chose Austin and UT because a lot of people told me that I should not go here, including my boyfriend. That just made me want to come even more though, dispite the fact that I could tell at orientation that I was not going to like it. My boyfriend is very important to me though because I have dated him for 4 years and we have a really special relationship. I can tell just by looking at him exactly what he is thinking about. I have never really had that with anyone before and he always tells me that he loves me. I find this kind of annoying because in my family I don't think that my mom or dad have ever told me those three words. My grandmother has but I used to just say it not even thinking about what it really meant. I guess that is why whenever he tells me that repeatably it starts to get on my nerves. Hopefully I don't have love issues or something of that nature because don't get me wrong I truly know that my parents love me but they just never told me. I have had a good life so I really don't need to complain about small things. I am in a very difficult spot in my life, college is a lot harder than most people say. I mean I expected the classes to be difficult and challenging but not the living on your own part. I was always so ready to get away from my house and away from the town that I lived in. Now I am not so sure about this because I don't really like Austin. I believe that I would have been better at a smaller school but I never really thought about those issues when I was selecting a college. I was too busy talking to or seeing my boyfriend or worrying about stupid high school bull that goes on everyday. I should have not cared where my best friend went to school, even though she was supposed to come here with me and then suddenly changed her mind without telling me. I am not resentful or anything but I feel that it is partly her fault, no it's not it is all my fault. I am the one who chose my future and now I want to change those plans. I guess I should be greatful that my roommate is not some freak with earrings and tattoos all over her body. I always think that things can always get worse and if you're lucky they sometimes get better. At least I did not get stuck in the same room as my suite mates because they are kind of snobbish. For instance, if I see them outside of our dorm then I have to say hi and if I don't they pretend they don't know me. I don't understand why people are like that but who am I to make a judgement, for all I know they are really sincere and nice people. I talk about people way too much but if you do it for so long it just comes natural and you can't stop. My room is actually really comfortable right now, usually it is either way hot or real cold.         ",high,high,low,low,low
"The computer that I am on is not very good, so oi hope that it doesn't kick me off, because it would really suck to have to do this all over again. I don't reallly understand how writing my miscellaneous thoughts will help me to learn about psychology. I do see how it can help others study my psychology, but what do my thoughts have to do with a class on introdutory psychology. This last few days I have really missed my girlfriend, seeing as how she is still at home, finishing her senior year. But thankfully I get to go home in 8 days and will hopefully get to see her for an entire saturday. I love her more and more every day which leads me to the conclusion that absence does make the heart grow fonder! I got a job as a houskeeper in the union on the weekends from three to midnight. The sorry thing is that I won't get to see any football games and also my dad is coming to visit me this weeekend, and won't get to see me untill monday because of my job. the good thing about my job is that I really won't have a chance to party. I have been sober for a year now and would lie to keep it that way, and my job will hopefully keep me away fromthe parties. I have given up drugs, cigarettes, and alchohol which leaves me with only reforming my dirty mouth. The way in which I plan to do this is by wearing a rubber band around my wrist and popping myself everytime I cuss. I also let the people around me know about this so that they can inform me of the times that I cass without my knowing it. College life has been pretty good to me so far, but my cousin is not responding nearly as well as I am. I have heard that she calls hrying everynight to her house. But I think that it is because of the fact that her parents, particularly her mother have done everything for her and always spoken for her the entirety of her life. Now that she is own her own, she doesn's know what to do with herself. I feel sorry for her sometimes, bt other times I think that it is about time she learned what life outside her family is like. I do hope that things get bette for her. and that things stay good for me ",low,high,low,low,low
"     I feel like I am under a lot of stress right now at this time. All that I have been doing is wondering if I am going to make it through college alright. I am very hungry at this time. I do not know if I will get something to eat right after I am done with this assignment or if I will wait until I have done some other homework from another one of my classes. I know that I will have to get something very soon because I can smell the food that my friend is eating over there in the corner. I smells sooooo good that my stomach feels like it will never stop making the noises that it is making until I give some food to it. I feel sort of tired at this point in the day. I have just recently finished all of my classes which begin early in the morning and do not finish until late in the afternoon. That is sort of a good thing because I get a big break in the middle of the day, but I would rather get my school day over with early so that I could do homework at any time that I want to instead of being forced to do it right after class. The reason that I have a schedule that is this way is because I went to one of the last sessions of orientation and I did not get the times for the classes that I wanted. Right now my eyes are sort of getting tired because I am not used to typing for this many minutes straight without a single break. Usually when I type I will take a lot of breaks and I will waste a lot of time that I should not be wasting. Therefore, I guess that this is a beneficial assignment because it is teaching me something that I am not used to doing. There are many assingments that I am not used to doing that I have had to do for all of my classes. I get a lot of math homework, which is something that is completely different from high school. Back in high school I really did not have that difficult of a time with the work that I was given. I feel now that I will have to work very hard to attain grades similar to my high school ones. The reason that I figure this is because I have talked to many people that used to go to the University of Texas. Some say it is not that hard, but the majority of the people that I talk to say that I will have to work my tail off if I want to be at the top. They have said that everyone is just as smart as me at this school. I feel that this fact is a good thing. I like to be challeged against others who are at the same level as me or above. I feel that if I work hard that I can do anything that my mind imagines. I think that all people should have that kind of confidence because everyone in this world is worth something. Maaaannnn, I am really really really hungry because that food smells really good. I think that I am going to go and get something to eat after I finsh this assignment. I may have a burger or a few tacos or something. Whatever I get to eat, I know that it will be delicious because my stomach is turning and wishing for something to be put in it right now. I forgot to tell myself that my left foot hurts a whole lot. Yesterday I dropped a big can on the top of my foot and it swelled up a little bit and it still kind of hurts when I walk for a long time on it. I know that if I just gave it a little time to rest that it would probably be fine, but I have an active life and I really cannot do that. ",high,high,low,high,low
"I do not feel well at all, I wonder if it was the tequila from last night or worrying about a girl. Sometimes I don't know why I am still with her. Can you still have feelings for someone that you find annoying? Why am I doing this Writing Assignment now my stomach and head are killing me. I should have tried to pawn it off on one of my roommates for ten dollars or something because who wants to right about what ""they"" think, I'm more interested in what other people think about. I mean I alrdy know what I think about, its boring to me, what about the people I don't know, what do they think about, that's what I want to know. I know that girl down there is thinking about something, some psycologist needs to figure out how to read girls, that's what they should be working on, why learn about depression, figure out what girls think about. Honestly, I don't think a single man can tell me what a girl is thinking at any given time, half the time they hate you other half they love you and it can switch just as fast. What's the deal with that!  I am still feeling bad my stomach won't stop hurting, I think I need to get something to eat. I need to get feeling better cause I already have plans for tonight, and it sucks going out when you don't feel well. When I go out and I don't feel well, I get extremely annoyed with everyone that I am with. It's probably because they are having more fun then I am. I have noticed that school is obsessed with talking about politics, in every class I go to we talk about Bush and Kerry. YES, 3 more minutes to go on the assignment, but too much politics in my opinion half the time it has no correlation with the subject at hand. In my Spanish class we had a 30 minute discussion about economic poilices, how does that help me with Hola Como estas? This assignment isn't bad, its like the people that have journals, who put there mind on paper.      ",high,low,low,low,low
"Well I'm sitting at my computer and I don't really have much to say. For some reason I feel as though my mind is completely blank. My roommate just walked out the door and he is about to get ready for class. I am so tired right now. Last night I was up with no thoughts in my head. I was just not able to sleep for some reason. I really hope that this school year goes good for me. I know it is going to be tough but it will be worth it. I have always dreamt of coming to college and now that I am finally here it still seems like a dream. I guess its just hard to believe that I'm on my own, six hours from home. I miss my old friends and my girlfriend, Laura, I can't wait to see here this weekend. Football season is about to start and I am getting so excited to see my first Longhorn game. My mind just went blank again. no thoughts. I think I just used to many dots between words. My nose itches. I need to use the bathroom, but I still have eleven minutes to go on this assignment, and I don't want to stop now. For some reason it seems as though I have been here typing for a long time but really I haven't even typed much. Maybe I type slow. I'm trying to think of what to type now. It seems so easy. ?Just type what you are thinking at the moment?, maybe I'm trying to hard. The phone is ringing. I guess I'll get it. it is was my mom. Yes, she is going to put money in my bank account. That sounds good to me because I could really use it right now. It looks as though I have barely typed anything. I'm not sure how long this should be or what the instructor expects out of this piece of writing. Man I'm thirsty. I could use a spite or a cold coke. Maybe I'll go get one in a little while, or not cause I need to save money. It's tough not having a job and wanting so much. I'm just used to having money to spend on so much stuff that I don't even need in the first place. Six more minutes and I will be done. It actually seems like a long time, but so far it has gone by pretty quick. I wonder how my dog is doing. I hope my mom is feeding her just as I said, and giving her lots of water. She needs that especially in the hot sun. I can't wait to go home and have her jump on me. No thoughts. still none. I think I'm getting addicted to the dot thing. Two more minutes to go and now my eyes are glued to the clock. Every second seems to go by slower and slower now. I really don't want to drive home this weekend. I wish I could fly, but I'll be alright. I just really don't like driving six hours it gets really boring just sitting there doing nothing but paying attention to the road. Well it's been twenty minutes so I guess I'm done. ",low,low,high,high,low
"When I first thought about the stream of consciousness writing assignment, I figured my natural stream of consciousness would deliver my views on life and the issues that apply to the everyday. However, all I've been able to think about in the past twenty minutes is a girl. Her name is Kaylee. We became close towards the end of the summer before I came back to Austin. She lives in Dallas so its hard to get to see her very often. One date was all it took. I mean I've known the girl for years, but it became different after this one night. Kind of going from childhood friends to, I don't know, maybe something romantic. If I had known anything was there, I would've stomped on this opportunity a long time ago kind of like if I had known that there were 5 very essential vitamins in California Style Sunny Delight, I would've drunk that my whole life instead of orange juice. When did they come out with Sunny Delight anyways? I don't think it's been around for my entire life but probably pretty close. Possibly when I was five or six years old. At any rate, I always think to myself  could this girl be the one? She's beautiful to start with, and besides that, she's just amazing. I can't spend enough time with that girl. Just going to the playground and swinging with her makes me happy. I got a call from her the other day saying she was going to come see me next weekend. This could possibly be why I haven't been able to get her out of my mind. I really can't wait to see her. Possibly more excited than going to Chile next summer. I'm just packing up my bags and heading down there to see if I can land a job at a local ski resort. I've always wanted to ski bum for a season, so I figured this would be a good chance. And being that the summer in our hemisphere is winter in their hemisphere, it works out  having all summer off. I was actually stressing about this all day being that it has to be in by 5 o clock. I'm leaving for College Station sometime today and I have got so much to do. A police officer gave me a speeding ticket two nights ago on Riverside. Now I have to take defensive driving and get my car inspected to get out of this ticket. And this, piled onto everything else that is going on. I'd say my stress level has recently risen to a 7! Nonetheless, I'm getting out of town this weekend and probably the next too. The swells are getting up to 6 feet on the Texas gulf coast this weekend which is unheard of around here, so I want to get out and catch some waves before they recede. Surfing just makes me relax  puts me in a zone where there are no worries. Soccer doesn't do that for me. I played all my life and it was very fun but also came with a lot of pressure. There were many reasons I guess, but I just played to play, not to win a state championship or anything. Well I guess my twenty minutes are up, time to take a shower! ",high,low,high,low,low
"i wonder if kyle will call. he lies all the time kyle listening to music reminds me about kyle, about our relationship about how good it was, he used to be so sweet, kissing me and i know that he really did love me at one time, why has everything changed, why does he still tell me he loves me but acts mean to me, i hate that he tells me i shoudldnt go out and party and have fun because he does it too, he gets involved with others while i just window shop at guys, im just not attracted to some of the gusy here, they are morons, they have money stuck on their minds along with sex. i don't feel pretty enough for some of the nice guys that i do meet, i have gained sooo much weight in the last two years, fat. i feel so fat, i can't wear anything anymore because it looks so terrible, i used to feel pretty and normal back home where i everyone seemed to love me, I've been so homesick, i miss my granny and janie and kyles family. i worry about tara back home, if shes making the right decisions if she really will go to college, i at least want her to go to kc i don't want her to end up like everyone else in kilgore, they end up working at some department store making minimum wage and haveing five babies and getting on food stamps. shes better than that. i love her and want her to not end up my mom. i hate my mother. she has to be the worst person ever to just leave me behind, to leave me like i don't matter, to not come to my graduation, to not try to see me to leave me for a man that she doesnt love. she was so wrong to my dad. i wish she would go to prison and i hate her so much. i can't be like her i can't end up like her. i will never hurt my children when im a mom. i will be a good mother. a mom who plays tea party and who devotes her life to them. they will be my world. i wonder if ill marry kyle, i wonder if he will be the father of my children. i hate not knowing how he feels. he pisses me off. he says he loves me and at time i really think he does but then  he treats me like shit too. i wish i could say no to him but it always seems so impossible. i love him. everything reminds me of him. every conversation i have involves his name everything i hear or see reminds me of the good times we had. we were in love. a guy just doesnt do the stupid things he does. but then why did he have to reverse all that. why did he date that trish when he left to go to college, we were together and he dated her and i really don't trust him. hes nothing but a big mystery to me. what is it about him, what is missing that i don't know about. i feel like hes hiding something really really bad from me. he used to scare me when he said hes involved in the mafia. i believe him some of the time. its weird how everything he says is right. hes so weird. kyle is reallly really weird. i want to go see him. i want him to take me to a football game. i wonder why he liked me. i was five years younger than him. a baby compared to him. he never had a girlfriend until me. not a serious one anyway, just girls that he played and used. what made him fall in love with me. what makes him have control over me. i let him. everythihng he does is my fault becuase i let him do it. i let hime make me feel bad but i don't know how to get away from that. i feel like hes the only person in this world that knows everything about me. everything and hes the only one that understands everything i do and have been through. i miss him. i hate him too. i really want to cry this music im listening to is so damn depressing. bryan adams. romantic music. this reminds me of back home. i miss kilgore, i hated it when i left and now i miss it. its small but a good town. im ready to go to homecoming. i wonder if ill have any attention. i used to remember the college kids coming hnome for the first time and how cool it was. i wonder if people will be happy to see me. i wonder if they will think i look different. freshman fifteen surely not in a month. its alcohol. i think i drink too much. i miss riding by myslef with a case on the backroads back in kilgore. those were the days. ",high,high,high,high,low
"Ok so I just got back from a four hour study hour thing at the ZTA house. WOW the most pointless thing ever. I read maybe 10 pages. How am I supposed to study with 50 other girls there in the room? You don't have that much space and of course you want to talk about what happened last night and who ended up where, and blahblahblah. I know they have good intentions in making us do this, but 4 hours at one time is waaay too long to try to study. No one really got anything done. But hey it was fun- I got to bond more with my sorority sisters! Speaking of sorority stuff, I love it. At first, I was afraid I wouldn't like it, or that the girls wouldn't like me, but I Couldn't be having more fun. I have more friends than I thought I would have going into college, and they're real friends, too, not friends you ""pay for"" with sorority fees. I'm listening to music right now, and recently (as in the past couple of months) I've gotten more and more into music. I've always loved music, but ever since I dated a great guy who is a complete music person I've liked it even more. Today kyle and I (my aggie ex-boyfriend) were joking about how pathetic we are for missing eachother so much. it was funny. we knew going into it at the beginning of the summer that we were going to break up when we went off to college because, of course, it wouldn't work. But now that we're all settled in, we still miss eachother. It got really serious really fast. it was unbelievably random. We never thought we would hook-up, but it happened and it was awesome. I hate to say it because I'm so young and I hate it when people say things like that, but I could quite possibly see myself with him after college- like permanently. That's so weird. Well, sincewe did break up, we are allowed to hang out with other people (date-wise) but neither of us really wanted to. Last week I met this really cool guy from the Woodlands-he's an ATO pledge. I've gone to a couple parties with him as his date and I kind of have a crush on him. It's exciting, but at the same time, I'm far from being over Kyle. The whole point of not being together was that we could go out and have fun without being tied down, but I still feel bad about it. I have constantly had this entire ""soap opera"" on my mind for the last week- nonstop. The cool thing about being in a relationship is that you have that stability- you never have to wonder if he likes you, or if he's going to call and all that. With a new guy it's always like I wonder if he likes me and why didn't he call?-worrying. It's fun, don't' get me wrong, but it kind of puts ur confidence in check. I've recently gotten into Maroon 5 again. I used to love them, but working at Hollister and hearing the entire CD all the time made me hate it. I don't work at Hollister anymore, so I havent heard Maroon 5 in awhile, and now I love them again. ",high,low,low,low,low
"Hi, I'm sitting here in the computer lab at the FAC, and it is dark outside and I'm a young attractive female. . I'll definitely need an escort when it's time to go home. Home, that's what I call my dorm these days. it's just easier for me. I want to have some established place to live and stuff that way I'll be more plugged in to the university lifestyle. I used to laugh at LT when she called her dorm home. I guess I am following in her footsteps. although her strides are quite different from mine. and talking of strides, I miss cross country and all the guys. it was so much fun. I enjoyed every moment of it without even knowing it. I wish I could rewind back to those days when everything was so nice, so quarantined and all the laws of nature followed as they should. what went up came down and so on. I wish I could just see the fruit of my hard work as I did in cross country. the family atmosphere that I ridiculed and even took for granted at times. how could I have been so? I who loves others, I who cherishes all my friends. they were all my friends, all 23 of them. some more than others, but we all had that common goal that I find characterizes friendships. we were a sister hood. gosh, what a mourner I am, lamenting over the past. but they were good times. I'm sure, and I hope to God that I'll have some more good times or even better than ever times still to come. but this I can only hope that God gives me. For who knows tomorrow may never be. perhaps this is all I have. I'm not afraid though, just not prepared to meet my maker yet. I don't think I've done what I was purposed to do. therefore I'm not ready to go yet. in fact,,, I don't even know what it is that I was purposed to do. perhaps it is not a single great thing, perhaps it is just all those little things that I should be doing that I was purposed to do. who knows?  who cares but me and my maker?  Anyway, I guess that's life, not figuring out what one was purposed to do but just doing it. I guess it just comes naturally as all things in life do. I don't think planning is such a great idea. I don't think MLK planned to lead the civil rights movement when he was a freshman in college. I guess the civil rights found him and appointed him leader. or so I guess. and whatever it is that I'll need to do will find me and use me for what I am worth. when put that way, it sounds almost prostitution. but it cannot be. mankind is not a prostitute race. or is it. I don't know. sometimes I think it is . other times I think it is a dignified race. but then again to think mankind a dignified race is to give it too much adoration. too much more than it deserves. Mankind is a fallen race. lower than the angles -which we should have been higher than. but then again mankind is a dignified race made in the image of God with the ability to tap into the supernatural/the unknown unlike any other creature. There is no intelligent life in other planets, we are it. Now, I don't mean to say there is no other life forms out there, but that it is not more intelligent or even as intelligent as mankind. but then again what do I know? I who was born only 18 years ago?  I don't know much, but then again, I have know a lot more than I credit myself. I have the ability to tap into the fountain of knowledge that never runs dry. there are things, great mysteries, that I knew even before I was born. but how is this?. oops my 20 minutes are up and that popup really disrupted my stream of consciousness!!!!  what an ass! ",low,high,low,high,high
"I am sore, my pecs hurt. hmmmm, I need a woman, I can't find anyone here, all the girls I meet are either ugyl, stupid, or taken, life is beginning to suck. I love UT but I am having trouble finding myself, I am not sure what I am going to do. I have always wanted to be a doctor, but what happens if I don't get into med school. what can I do with a bs in biochemistry? I hate living off campus. by the end of the day, I begin to smell, and I can't get home and take a shower unlike everyone else. I hope my car is going to be fixed by this weekend, things will be so much more convenient for me if it does get fixed. I wish I had gone to an earlier orientation and set my schedle right, I don't lke having 5 hours in between classes. ugh. sigh. I need a woman. I just want someone to hang out with whenever I get bored. right now I can't get into contact with any of my friends, so I have nnothing bettert to do, I am hungry. I want to go home. but I would have to walk fifteen minutes to the stop, wait a half hour at the damn stop, then wait another half hour to get home, then walk about ten minues, then it would take about another fifteen minutes for my food to get ready. ugh. I am bored, I need a woman. I wish I knew how I was percioeved by woman, I don't know if they find me attractive, funny, cute, or anything, I am completly clueless. I wish someone would just comeup and tell me exactly wha they think of me. sigh. lets see, my mouth tastes funny. I wish I had ome food on me. damn. damn, why does v have to have a boyfriend already, she just broke up with someone. I wish she liked me. I hate being ""just friends"" when I want more. I don't want to type this in the smf, I have an eerie feeling that someone I know is loooking over my shoulder, watching me write this stuff that I wouldnt tell my closest freiends. if she wasnt such a close friend, I think I would tell her, but she is like my best friend, and now I am afraid, no I know, that we wouldnt be friends if I were to tell her, I know she will freak out, heck I ve seen her do it before. I am so depressed. I need a woman. i hope no one is watching me type this, I am getting paranoid. damn I am sore, my back hurts, my arms hurt, and my chest hurts. I need a job. I need a woman. sigh. what should I do with my life, I think my friends don't like me anymore, I am becoming a nuisance to the I think. I tyr my hardest to not mooch off of people, but I always get bad vibes from everyone, like I am not wanted. I am sure that they arent right, I know that the y  are false, but I can't shake the feeling. I try really hard to be as nice as possible to people now, but I can't shake generalizations that people dish out to me. some of my friends think of me as a pervert, even though my mind dosnt think that way. I never think of nastiness or sex, I just mention it every once in a  while for jokes, I have too much time to myselfs. I thiknk thats why I am so insecure, I have to much time to think about my problems and such that I dwell on them, and make small things look big. if I had someone to hang out with whenever I am bored, then I think I would feel much better about myelf, but I find myself walking around campus a lot, and its so hard to get in contact with my friends, that I can't hang out with them. ,. I find myself drifting away into isolation. sigh. ",high,high,high,low,low
"     ok. i don't know waht to type right now. im listening to alanis morissette right now and the song is about whether she is good enough for anything. sometimes i feel kind of like this; like im not good enough to do anything. now im stumped again as to waht to write. i talked to my best friend kelly yesterday and she is back home now. she went to taiwan for the summer to do an internship. then she went to california to ride a bus back to round rock. but she kept missing the bus back so she ended up staying in california. im really excited that she came back. i havent seen her in like four months and i didnt get to see her off when she left. i was really sad. sometimes i miss having a best friend here. kelly is my best friend in all but she has her schedule and family problems and a lot of times i just miss having a best friend to do everythign with. haley, one of my other friends used to do a lot with me. . almost everything. but this summer she got a job and her dad got a raise so now that she has more money, it seems like she is too good for me. i don't like people like that. there is someone at our room door. haley and i were suppost to go to breakfast one morning and had planned it all out. but then the morning of the event, she had one of her other friends, jennifer, call me and tell me haley couldnt make it because of a doctors appoinment. i was like, why can't haley call me herself. then she tries to play it all off. i don't really have anything to say to her now. i havent seen her on campus since classes started and weve only talked online about two or three times. thats not much compared to how much we used to talk. twenty minutes is a long time to continuously type. i guess its not too bad for people who type slow but for those who type kind of fast, this just makes for a lot of nonsense talking/ typing. ok. this semester im taking karate/ tae kwon doe. its really fun but a lot of work. i signed up for the class because i thought it wouldnt require too much work - aside from the work out - but actually this class has books and i have a three to five page paper due in it. its the only class i have a paper due in this semester. how odd is that?. oh well, it should be fun either way. this alanis morissette music is some really angry music. ",high,low,high,high,low
"what to write in the paper. hmm pizza is good to eat I'm hungry. my head itches I wonder where everyone is going to eat. I'm hungry whats that base noise in the background I'm tired and hungry my computer is loud. someone has a good sound system am I going to eat at dobie? where do I want to eat!!!drivers appreciate tips this pizza place is pretty cheap whos on icq?  gosh I'm hund\gry my stomach hurts. man I don't want to do this assignment. its kinda cold in here. ym ankle itches, stupid ankle bite my head itches too I'm tired I wonder is my I'M football team going to be good. hmm I wonder whos going to be in my biblestudy I have so much homework who just came on aol messemnger? ah niraj did who else do I know who I can call to go eat with. man magic the gathering the game sucks. I'm deleting it from my computer. who just left aol msg hmm michael just came on then left. hmm. my hair is kinda messed up its dark in here. hmm I wonder whos going ot prom with who this year hehe timmy hsu didnt go with anyone! why didnt he go. couldnt find anyone to go with? gosh I want to eat I'm thirsty I'm going to the fridge to get a capri sun nice an dcold man our room is messyhow much longer do I need to go ugg 7 more minutes man I havent seen stephanie in like forever. shes so shortmaui punch my port number is JEWE291 my ear itches I need to clip my nails ah jlee just came online!capri sun is good nice and cold stupid keyboard mani hate hw I'm still cold its 6:12 man ali landry is hot. I love doritos I'm hungy yeah only one more minute what ddi jakes computer just do? I need a new video card  ",high,high,low,low,low
"Last week I took a Chinese Clep test. It started out very well, I understood everything that the recorder played and was able to answer all the questions. As you know, the Cantonese language is written in two different formats. One way, the tradition way, was the one I learned since I was a little kid. The other format was a newer, I believe it originated in Hong Kong or something, was much like the original except more scribbled-looking"". Anyways, I opened the next section of that test and it all looked like scribbling to me. So I spent most of the remainder of time sifting through and guessing at words. Then, I decided to just skip through to the end. That is when I figured out that the back part of the test was the traditional format. ""Damn it!"" was the first words that rushed through my mind, along with a whole stream of foul consciousness. But of course, that was last week, and I already have my results back from the test. I believe I did relatively well. Relative to my usual grades in my classes and tests. Today, Monday, is the first day I have been to my RLM Biology discussion, thus making the actual first full week of school. I must say, I am completely exhausted. Biology discussion was quite an episode. We had an TA that had a really really bad accent. Much worse, he tried to give an oral review, and when he asked questions, everyone in the class stared at him blankly. Some ventured a guess softly, but the entire process took most of the discussion period. Then we took a quiz, which I found to be a bit difficult because I didn't understand teh oral review. I had to buy books today. Spent a whopping 129 dollars just on two stupid books that I probably won't be needing much. I could have found many many other uses for that 129, but this is college, land of the rich and prosperous, haha. Geez, look at my grammar in this essay, I think my english teacher would have a heart attack. Psych class was pretty interesting today. Dr. Pennebaker brought in a polygraph for demonstration in the class. I was completely fascinated by the experiment. Too bad I can't say the same for my Philosophy class. Its not a boring class, its just that he is got this very very soft weird voice, almost commanding me to fall into deep sleep. And so I obeyed. I notice that when I'm sleeping in class, my body still attempts to take notes while my brain is on standby. But of course, I wake up to find a whole lot of scribbling on my paper that does not make any sense whatsoever. You can definitely tell at what point in the lecture I crashed. The funniest part is, I lent my notes out to a friend that just got into the class, wishing him good luck. I think since I have been here at UT for the fall, I have become more stressed about little things and uncaring about other things that should be worried about. I have been wondering about how my friends have been doing, wherever they went. I worry about other stupid things that I feel the need not to bring up at this moment. However, I have not been worrying enough about schoolwork. I have been recreating too much. This weekend though, we went to Barton Springs to see a friend that came up to visit us from UTSA. Barton Springs was nothing like I had imagined. I absolutely loved it. Everything except the coldass water. Then on the trip back, with the windows rolled down and the wind in my face, it felt so good. It felt like summer again. Of course, I had enrolled in the UT Summer program. A little bit of work, but a lot less crowd. I miss summer. ",low,high,low,low,low
"     Im tired and i need to wake up tomorrow for my eight o' clock class. . i should probably go to bed. My roomate is already in bed i swear thats all he does i come home from class, he's asleep, i wake up he's asleep. I need to clean my room up, there is a bunch of crap in here. i need to do dishes and laundry and clean up my floor. i wish i were playing racquetball. . but i can't get a court they are all full. . why is racquetball so popular here. ?  I need to go shopping too. i need more gatorade and some more coke. and maybe some more candybars. . i think ill get a coffee maker. . can i have one here or is it against   fire codes    i need a shower too. . im thirsty. . nice cold coke. man i don't know if i can write for 20 minutes straight. man . . eight o' clock. . thats funy. . my roomates car smells horrible. hehe. . aint no mountain high enough, aint no river low enough. i wonder why vilmar was listening to that, i can't wait till this weekend goin to fort worth, i should call creig, i need to do that, see what he's up to and go visit him. i need to order that light for my computer too. i wonder whats on tv, i wonder if the simpsons are on. . maybe ill find out. i wonder why i havent found a girl up here yet, there are thousands here but i can't seem to talk to one of them i just need to walk up to them and be like, hey, whats up. . i don't know though, some of them look snobby. . oh well. . i wonder if im supposed to have the music on or not during this, this is kind of interesting just to type for twenty minutes. i wish this cold would go away, I've been sick forever. what if the phone were to ring would i answer it or what??  ill go take a shower after this. i remember high school, it was fun but im still glad i graduated early. . move on to bigger and better things, i just hope my parents are proud of me. i bet they miss me, i miss them too but not too much, they are only an hour away. . my dog is the one i really miss, i saw a seeing eye dog earlier and was like, i miss my dog, hes awsome, he helped me through some stuff. . why did candice accuse me of breaking andrews windshield, thats not cool i wasnt even there. . oh well, not my problem, he deserved it though he wasnt being cool to britney, whatever, hey she just got online, cool. ill talk to her later. . i still got nine minutes to type. twenty minutes is really a long time, classes seem short here compared to high school even though they are the same length. . thats a good thing though. man im tired, seven minutes, i need a shower, i wonder whats wrong with vilmars computer, i bet i can fix it if i get a chance, i bet its just installed wrong or something, but thats cool, ill see what i can do, this song sucks, change it. . god im tired, been up too long, need sleep, i wonder where jorge went, he took his calculus book and left, i bet he went to go study with raj, yeah. man candice is pissing me off, she thinks i did it, thats messed up, i wasnt even there. whatever   ",high,low,low,high,low
"I feel a bit stressed out this week because it seems like my assignments are piling up. Computers are not my specialty so I am glad I made it on this web page, now if I can only figure out how to check my e-mail. I went to a alpa Kappa Delta Phi meeting last, which turned out to be pretty fun. I am so excited about the whole sorority experience. I hope I get a bid. This would be such a great experience - to make new friends. At this moment I am trying to get things done because I have a class in an hour and I have to attempt reading the Wall Street Journal before 5:00. I would have gotten my paper yesterday, but I couldn't figure out the lock combination, so I called the Wallace Distributors and left a message yesterday. She called me this morning and treated me as if I were a child, speaking real slow and in my opinion she was patronizing me which I really hate. I think I am going to be nervous all week wondering if I am going to get into KDPhi. My roommate and I are getting along pretty well so I am pretty happy about that. She is trying out for Spirits and I hope she gets in because she deserves it. I am worried that it will be difficult for her to get in because 200 girls are trying out for 23 positions.   ",high,high,high,low,low
"     Well, the biggest thing that I have been thinking about is of course, my boyfriend!  He is in San Antonio, and I miss him so much!  I was fortunate enough to see him the past two weekends. This last weekend I got to see him play in his first college football game at Trinity!  It was really exciting, but it stunk because unlike in high school, I wasn't on the track cheering for him. I was also super happy because I have been able to see my family. I am such a nerd, because I miss my mom so much!  She has always been there for me, so it is actually kind of hard to make my own decisions. But it is also good, cause it is definitely time for me to grow up!  My brother came in town for the first time in several months and I did not get to see him, but it didn't bother me, because I know he didn't miss me. He was away for the Navy, and I wrote him a letter, and he never wrote me back. He has put my family through so much crap, that I don't know when I am going to be strong enough to see him. Thank god the rest of my family is so caring and sane!  Life goes on, and he will soon realize how important his family really is, especially after all we have done for him. At first, I was extremely nervous about school and Sorority rush, but now everything is getting better. I was so glad when I became a Zeta because that is what I wanted from the start. It was just kind of hard because when we were practicing for Phi Psi field day, they tried to put me up in a stunt, and made me feel soooo fat. I am already so self conscious about my weight, so it really hurt me. I really don't want to have an eating disorder, especially after a movie being made about my aunt and her failure as an Olympic athlete because of balimia. Well, now after almost eight minutes, my arm hurts so much, and all i am wondering is when this is going to be over with!!!  I also hope that my studies turn out ok because I really have to study to get good grades, like REALLY!  I am just not smart like everyone else, or at least that is how I feel. I mean I like all my professors except for Pre-Cal, which really pisses me off because I took pre-cal and calculus in high school and aced them both. but this adjunct teacher does not teach at all. He goes over the basic formulas, which I have known since like eighth grade, and then gives us the most difficult homework, which he has not given any examples for or ways to understand in class. He also words the problems in the most bizarre ways. All the students are so confused, and it makes me feel so stupid, because it is just Pre-Cal!  So, today I went to the University of Texas Learning Center, and it really seemed to help. I think out of my class of thirty, there was three of us at that moment in there. So that already says enough about our teacher. Also, I emailed him about it, and he made me feel even stupider. I mean if he wants respect from me, then he needs to respect me!  He told me he couldn't pat my hand to make me feel better, etc. , and I was like, yeah, but you could try and teach us, instead of going over 8th grade algebra!!!  But oh well, I am trying to fix everything!  I just decided that I am going to be on top of all my studies, and try to keep up on the reading and all my math homework. I hope that I never forget about any important tests, or assignments, or papers. I am super glad I am in a FIG, because hopefully that will help. I am just super horrible with tests, because I have a major test anxiety. That would explain my horrible SAT score. But whatever, it is all good, I mean look, I made it to UT, didn't I~!  Well, since psychology is my major I hope this class keeps me super interested so I don't switch majors like five times, like every other college student!  I just want to know what I want to do with my life, besides marry my sweetie, and be successfull with my family and money. But, so far, I am so glad I have chosen UT, because I absolutely love it, and even though there have already been those times when I have felt so fat, or so overloaded with sorority stuff or reading( which I am also very slow at!), i know everything in the end will turn out just how it is supposed to, because God is here carrying me through out all my good times and my bad!  I just hope I can figure out this pretesting thing, because that would be awesome if I didn't have to do five hours worth of experiments, ya know!! ",high,high,high,high,low
"of course I don't ever really cry--or at least not very often. I've been waiting for a really big cry since I moved here a month ago--but no tears. I left some of my best friends--though I have over a dozen friends here from my home town of College Station--but not all of them and I left my house and my birth city and my parents and two of my dogs(the third one I brought with me). though I don't really know why I am writing this to the computer as if it will respond back or much less cares at all about my personal life. I suppose that i am just suppose to ramble and write what is in my head--yes I am so tired that I am repeating the directions for this assignment out loud to myself and I am actually so bored and tired as to write them down as part of my assignment. I suppose that that bit alright. it is now 1:28 am and that means that technically I cannot write again until after mid night tomorrow or today or whatever which is too bad because that would make my life easier to be able to do it tomorrow afternoon because I only have one class but I suppose I should stop bitching at the computer. because frankly it is a computer--of course now I am worried that this should have been some philosophical expression of how I, erin, tick as a human being--but now I am way to tired to rewrite this--if it won't send properly then I promise myself to do something deeper next time--for now, however, I'm done. ",low,high,high,high,low
"Now I've really come to see that life would be much better once you're gone. This is a good song. Only girls like it though. Bye Bye Bye. Fool for you. I don't feel this way about Jason at all. I am really in love with him. I can't let my parents know. I don't like hiding the way I feel from them but they would never like Jason if they knew I loved him so much. I am looking at our picture right now. That is the picture that I looked at the whole time I was in Europe. He looks so good but it seemed like I almost forgot what he looked like after a month. Just looking at that picture wasn't enough. I'll never be able to tell him what happened. I love him too much. If I really love him that much, would I have done it? I think it was something I had to do to get that nasty feeling to go away. I don't regret anything. I still can't get adjusted to this new college life. I guess it will take more time. I know I'll love it soon. I always want Jason to be here when he's not and when he's here I feel like he's tying me down. He is really understanding about my adjustment though. I jut hate it when he gives me a guilt trip. He also thinks he superior to me too much. Whether it be with sex or life experience. He has experienced more than me but there are a lot of things that I know better than him. He doesn't think that. That is all the complaints I have about him. God, I am totally in love with him. What did he do that captured me? His looks defiantly were the reason at first. He feel in love me much sooner than I fell in love with him. I'm still catching up and now I am put in the setting where I have a lot of other options. I still choose him over anyone. There isn't another guy that has all his qualities. I have defiantly not seen anyone as hot as him. He's gorgeous to me. I miss my parents. I wish I didn't have to so secretive with Jason around them. They know how I feel, just they don't know how much. It bothers them already and they don't even really know. How am I supposed to tell them? I want them to get along with him. I think someday they will  once they realize how I feel they'll support anything I decide. Looking at Jason and me compared to Erich and Lisa is weird. I can't see how Lisa loves Erich judging by the way they fight. They'd never make it. Jay and I never fight unless it's over something really dumb and then we forget about it two seconds later. Maybe its cause we don't see each other as much. That is going to change because we're so much closer. Lisa and Erich fight more now that they're apart. It sucks for her and me for that matter because I hate the way she's always upset. It will end soon and she'll get over it. ",low,high,low,low,high
"How do you know when you can really know what another person feels. How do I learn to trust what people say to me. It's hard for me to be in a relationship when I can't see that person everyday. I know that I am the kind of person that would never want to cause any pain, yet I see people who are in relationships for such wrong reasons. My friend was telling me that she is dating this guy yet already has plans on leaving him for something better. I don't understand why people can be so selfish to where they don't think of other peoples feelings. I am in a very intense relationship right now. I love my boyfriend with all my heart. Having a long distance relationship is very hard to deal with when you are the type of person who needs that comfort of a companion. I know how I feel for him and I think I know what he feels for me to, yet in a world where people can be so deceitful, I find it still possible that I can be the one being used in a relationship. I guess you must do what your heart tells you to because love is a risk. I believe it is worth taking. When you love someone, you have this vulnerable feeling towards them. I don't want to walk blindly into a relationship, being overwhelmed by the feeling of love but I would want to see how the flow goes. I want to learn how to be a good companion. I hope someday to make a really good wife. I find it important to marry your best friend. I can't wait until I figure out what life has in store for me. I want to do so many things and right now I feel so limited. I just hope that no matter what happens with my relationship now I can keep a friendship. I believe that the first love of your life will never die, and true love lives in you forever. I can never imagine not loving him anymore. I don't want to be person that is dependent on someone else but I do think that it is good to have someone to run to when things do always go right. Sometimes I feel like I don't know what to say when he runs to me with difficulties in his life. He always seems to know what to say to make me smile. When he told me about his cousin in the hospital and how he figured the funeral would be coming soon, I had no idea what to say. I didn't know what to tell him other than the only thing we can do is pray for him. I believe that that is all we have when we come to situations like that. I just wish I could talk to him and be able to be more comforting. I have to feel like I am bringing him a sense of comfort in this relationship. I love him so much and I don't want him to suffer any pain. It is just so hard not being able to physically be there for him because just the comfort of having someone at your side, can help you get through rough times. When I do see him I will hopefully know what to say when that moment comes. I find that ever chance that we do get to see each other I try to absorb the feeling of his presence. I try to remember his scent and the way his lips feel against mine. It's so hard to let go of him. I just want to try to treasure that moment so that it can get me through another week. I miss hearing his voice even though we talked just a day ago. So how do I do this going maybe four years of living in another city. My life right now is perfectly the way that I have always planned and dreamed, except for living away from him. I know that I am not in a place to compromise. I can't compromise my education. I have always dreamed of going to this university and now that I am here, I wouldn't dream of letting this go. Yet my problem is that I don't know that I could ask him to give up what he is doing, because I love him and I know that he loves what he does. Yes, it is possible that he could move to Austin, considering there are jobs available to him, but I wouldn't want him to make that decision because of me. I would want him to have more than me to move. So we just seem to take it day by day, but I can't help but ask ""Where are we going to be next semester, next year or after I graduate?"" my question must wait until the time happens. I have to just learn to have patience and see where destiny takes me. I will become stronger through all of this. I hope to learn selfconfidence and to be more dependent. I know that I have many good things to bring out to people and someday I will know who the person is that deserves my love and affection. Maybe I know it now but in time I will find out whether I am right or not ",high,low,high,high,low
"I'm thinking I don't know what to write This popsicle tastes good, I'm really bored, my roommate is gone I'm sitting here in a stupor, not really thinking about anything I'm thinking I miss my girlfriend and I should probably    call her when I am done with this the popsicle tastes good. I hear the  bass from the stereo of person in the room next to me and I think it's  kind of annoying. Tonight is going to be fun, I am looking forward to that, this popsicle is really good. I think I need to clean my room, it's really messy. I need to throw out the food wrappers, put my clothes away, that persons stereo is really annoying, I hear loud voices in the hall, I wonder who they are, it sounds like a cute girl, I need to put my papers and  homework away. I am going to get another popsicle. It tastes good too. I wonder if a m doing this assignment correctly. I am looking around my room for things to think about, but nothing really sparks any interest. I'm really bored. I think I will turn the radio on. Never mind, I think that that might interfere with my stream of consciousness. I hear one of my friends voices outside talking about the start of intramural football with somebody. I can't wait for that to start, but I am upset that I have to play coed instead of men's. This other popsicle is really good too. I feel papers in my pocket and I take them out, its my bank statements. That makes me upset because I see all the things I wasted my money on. I throw them on the floor. I'm thinking  that my time is a little over halfway done, and that makes me feel good because I am looking forward to stop typing this. When I am done I think I will take a shower, and then maybe, I'm thinking about something interesting I can do after that, I'm playing racquetball at 5 so something in between that. I don't know, maybe I can figure something out when my roommate comes back. I'm hungry. Now I'm eating chips. I'm laughing because I'm thinking if you actually read this one you will think I have an obsession with food, which I kind of do but that's just because I am hungry all the time. I really like the chips. I'm kind of sleepy too,  maybe I'll take a nap. I was thinking about typing and how I am good at it and that made me think about my grandpa for some reason because he looks really silly when he types and that made me miss him because I haven't seen him in over a year. Maybe I will call him this weekend   I love chips and salsa, it's damn good. My roommate is going to be pissed because I am eating them all without him. It doesn't matter though because I am really hungry. 2 minutes left I can't wait till this is over, its been interesting but I want to do other stuff. I'm excited though because this counts as a grade and this will be a good start for psychology class. I really like these chips. Well times up and now I'm really happy because I'm done.      ",low,low,high,low,high
"I still feel sleepy because I just got up a few minutes ago. I am wondering if that is a good way to start a stream of consciousness exercise. My computer told me that I misspelled consciousness, but I don't believe it. I have always been a good speller, for years and years and my computer is only a few months old, so what does it know. I lost my geography notes sometime yesterday, so I'm still mad about that since I only found out a little while ago. It makes it tough, especially since the professor said that the class would be split into two parts. The book would cover one set of information, and the lecture would cover another, and I just lost the last two lectures. Oh well. I am thinking that I am thinking too much about what to write, trying not to forget that stream of consciousness is just that. The WP still thinks that I can't spell and I'm becoming irritated because I can't stop writing for twenty minutes to check what the mistake is. I thought someone was in my apartment, but it was just my upstairs neighbors, apparently. It's not any fun having five people and change living right on top of you. I wonder what kind of day it will turn out to be. Hot, probably. I can't wait for the cool weather to come. This oppressive heat makes me not want to go do stuff outside, and I love to do stuff outside. Well, that's not true. It doesn't really make me want to not go outside, it just isn't encouraging. I'm thinking that I've already written a lot for only about 9 minutes. Makes you wonder. I am wishing that I had all the cable channels in my bedroom, since I paid for them. I need a better study ethic. I think that I've been putting in about half the studying that I need to, but I haven't even had any homework or anything to study yet in my math class, so I'm not sure whether I should worry yet. I'm going home this weekend to see my friends and my dad, and I've been thinking about that a lot lately. I feel pressure to stay in contact with people at other school, etc. Maybe after a while, I won't feel that way anymore. I'm sure I won't, just look at my sister. And my brother, they just do their own thing, have their own small groups of friends. I feel I should include my brother. I worry sometimes how I come off, how other people see me. But other times, I couldn't care less how they see me. I think it's justified, I'm not a hypocrite, I just have an idea of myself and how I want to be and be seen and certain things dictate that I make an effort on them, and with other things, if I don't seem to care, then that is how I want to be seen. I realize that my writing is vague, only in ideas and few personal details, but that is what I'm comfortable with. I don't believe in diaries. If I ever did this sort of thing on a regular basis, then I wouldn't ever keep it for someone to find. I would destroy it. Kind of a harsh phrase isn't it. ""Destroy it. "" Like it came from a movie or something. ""Destroy it. "" I'm about to come to the end of my twenty minutes and I think that I've spent too much time correcting typos. Not that I make a lot of typos, but when I do, I always go back and fix them before I go on with my writing. I'm feeling sleepy again and I think I'll go make some coffee. ",high,low,high,high,high
"Right now I'm sitting in the computer lab at my dorm. I'm really bored and really want to get this writing assignment out of the way. The direction say that I should type for 20 minutes. I have 18 minutes to go. I'm a really slow typist. I was just watching TV with my roommate and then I came down here to check my e-mail. My dad sent me a really sweet message. I really miss him but I'm really not homesick. I'm having a lot of fun up here at school and meeting a lot of new people. I really like all of my classes. Okay, fifteen minutes to go. My ankle really hurts because I sprained it. There were some girls in here that would not shut up and they were really getting on my nerves. One of them just hit my chair as she was leaving and didn't even apology. The letter after y on this key board will not work. Okay, I'm supposed to be living in a really nice dorm and this computer won't even work right. Oh well. I fell really bad for my roommate because she and her mom got in a fight tonight and she was crying when I came home and stuff. She really is a nice person and we get along really well. Only 11 more minutes to go. Well, I'm really excited about the football game this weekend. My friends went and got tickets for me and my roommate to sit with them. We are on the fifty yard line on the first row. I can't wait. My parents are leaving for Maine in about two weeks. They have a huge trip planned to New York, Washington, Maine, Boston, and somewhere else. I'm really excited for them. They need some time to get away. My dad really works too hard so this will be a time for them to relax and have some fun. They just celebrated their twenty-seventh anniversary. I think that is really cool and I admire them for being so happily married for so long. My roommate just came in to check her e-mail. I wonder if she has any. She is now e-mailing one of her friends. I wonder if Keith will call me back tonight. I hope that he is not too mad at me. I guess I find out soon enough. I had so much fun this past weekend. I spent the weekend with my four friends that have an apartment here in Austin. My roommate went home for the weekend so I just hung out with them. We had a BBQ one night and watched movies and went swimming and laid in the hot tub and just relaxed. It was so much fun. I think that I'll spend this weekend with them again. Gabe kissed me this past weekend and I really don't know what to think. He calls me a lot now to check on me and to make sure I get home okay and to see what I'm doing and stuff. We've been friends for a long time so I really don't know what to think. Well, my twenty minutes if officially up, so see ya later.      ",high,low,high,high,low
"I'm very tired right now. I know that I have not been getting the amount of sleep that I need. Is this how college is all the time?  Over this past weekend, I realized that I am beginning to get very homesick. I really miss my family, friends, and my dog. I started crying when I was on the phone with my brother earlier today. School is getting stressful, especially with band. I got a letter today saying I needed to work more on my routines. I don't know what to do. I've already put off so much, and gotten behind because of band. I practice and try to keep up with my studies. I think I really need to focus myself a little more. Sometimes I think it is the new freedom that is causing this. I know what I need to do, I just need to get motivated to do them. I also need to learn how to not procrastinate. I've been thinking a lot about Andrew lately, and about the church. I'm still so indecisive about what to do. Sometimes I think that I believe and sometimes I think that I'm really not sure. Now I'm thinking about death. I don't think there is anything I fear more than that, and what's sad is I know that everyone must pass through it. It terrifies me. I would never take my own life. I'm too scared of what's after, and I love my life to much. Even with all of the stress I still find things interesting. I am still proud of the things I have achieved. I have very high goals for myself and I am so excited about the future. There are so many things to look forward too. Why do people get depressed?  I've never been one to be truly unhappy. Even when there are times I said I was depressed"" I never really was. It makes me sad to think that people can get so down about themselves. I was talking to Chris yesterday, and reading his online journal thing. It made me want to cry. I don't see how he thinks he will never find the right person, or be successful in life. He is such a wonderful person, and has so many things going for him. Why don't people see that? Why can't they see that even with all of the bad in the world there is still good?  You know that makes me think. I am so obsessed with my life and what I do and the people I know. I think that everyone is just as worried about their life and their friends and family as I am. We all live in our own world, in our own bubble, our own space. I think that this assignment is pretty cool. I actually do this quite often. Just start writing things down. Oh man!  I just thought of what I was writing last week, about the first football game. I don't think I could ever described the rush when I marched through that tunnel. It was so crazy with over 80,000 people there in one place. watching the band march in. I had the room to myself this weekend. My roommate went out of town. It was nice. I love being with people and being with my friends, but I also really enjoy my quite time and my personal time. My roommate is really nice. I feel I've been blessed because we get along so well. I haven't met as many people as I thought I was going to meet up here. well. I guess I have met people, but I haven't made as many friends as I thought. Friendships just take time though. I really wish Michelle was here. I miss her. I was so glad we worked everything out before we went our separate ways. She is always been such a great friend. I respect her so much. I don't know what I would do with myself if it had been my mom. That is another one of my big fears. losing a loved one. When Michelle's mom died so suddenly a couple of years ago we were all so shocked. I don't think there was one of us that didn't give our own Mom's huge hugs the day we found out. I was so upset, and Michelle had me call everyone and tell them. That was so hard. So many people thought it was a cruel joke. Why do people do that?  Go into denial. I guess I would have if somebody had called me and told me that. That was two years ago. Time flies so fast. It doesn't even seem like two years. Only like yesterday. Sometimes I wish we could just freeze time. During those special moments or the happiest time. just make time stop. even if it just added and extra minute, I think it would be nice. Oh look, my time is almost up. ",high,low,high,high,high
"Well I am sitting here in my dorm room wondering what I am doing here. I am eighteen years old, and well in four days will actually be nineteen. I cannot believe that I am in college. The past three weeks of classes have been very overwhelming. I did not really know what to expect, and well I still don't know. After the first two days of classes I called home crying because I did not now how exactly to study for classes even if I did not have homework or a test the following day. I am kind of getting into the swing of things. Last night my ex boyfriend called which really surprised I me. He wasn't really my boyfriend but we were for sure dating. About a week and a half ago I found out that he was dating another girl at the same time that he was dating me. I was really upset when I found out but for some reason I never cried. I usually cry over the littlest things but this time I didn't. It's not that I wasn't upset but I think that I was trying to be a stronger person. Anyways, back to the point, I can't believe that he called. I am really excited because on Sunday I am going to meet my parents in New Braunfels to go to dinner for my birthday. My mom keeps asking me what I want for my birthday, but I don't really know. My friend Katie just walked into my room. I told her to leave because I don't want to lose my train of thought. That is the problem with living in the dorm. People just walk in and out of my room and it is really hard to get things done. My roommate and I usually lock our door so no one can disturb us. Oh, about two and a half months ago I got a speeding ticket and I have to take defensive driving. I rented the defensive driving video from Blockbuster today. The video was so boring. I really miss my sister. She is so great to me. Last night I was thinking how weird, well it isn't really weird, but almost every time we get off the phone we say, ""I love you. "" It is not weird to me but I don't think that most brothers and sisters say I love you every time they get off of the phone. I don't know I guess I just think it is cool that we have such a close relationship between one another. I sometimes think what I would do if I lost her or didn't have a sister as great as her. Sometime she can be really rude to me but for the most part she is such a great sister. Speaking of great people, I love my parents so much. I have never really realized how much they really care about me and worry about me until I went off to college. The day that I called them crying they were so worried about me. I called them again that night and they were so relieved that I was feeling better. Also, yesterday I felt really sick and my told me that she wished that she could be here to take care of me. My family is probably the greatest thing that I have in my life. What I really wish for right now is to make at least a 3. 0 this first semester. I am going to try really hard. I know I can do it I just have to keep up with my studies and work really hard. So far I think I am doing good in studying. I am really trying to balance out study time and play time. I can't believe how much my mind switches from subject to subject. This is awesome. I have just typed so much in just twenty minutes. ",high,high,high,low,low
"it's 9:19 right now. I should call home soon. I wonder how my family's doing. how's justin? and joshua? . and mom and dad. oh yeah, retreat. pick up at 7:30 friday night. san antonio. I hope all the church people are having fun . business. I like my ring. I'm calm . today's been so tiring. 8:00 calculus. gosh I can't do math early in the morning. mis. when you care about someone more than they care about you, you end up getting hurt. is it really worth it?  why the negative attitude. and yeah, I feel like I'm sinking into that depression that dr. pennebaker talked about the freshman. I believe ti to be true. I can see how most of us would get depressed. the whole new environment. new friends. keeping up with old friends. worrying about how to fit in. about grades, and gpa's and food and getting the freshman fifteen. find a family church. keeping strong in faith and healthy relationships. and to add to that everyone's else's problems. hm. that was a good kiss. I love gary. I feel so blessed with to have him. he is such a selfless and caring and giving guy! I'm glad he got back safely. I wish the ppl in the halls would be quiet. that's what I hate aobut college and ddorm life. there's always SOMEONE in your room or in your hall talking. and I can' t hget started on homesork anymore until like 9:00pm and by the time I finish I get reallly tired causeit's really late. and I wonder why I go to sleep so late. I waste all my time. I went shopping with lucy and josephine yesterday. at momoko. the CUTEST little store . I like my hello kitty towel. it's so cute and the the bracelet. except I wish it wasn't pink. blue's cuter. and yeah. hmmmmm. that other store the chadeau was really nice. I have to go back. gary's wallet is here. I wonder if he realy likes it. andi need to fill out loocie's address page it's cute oo with the ""man toe"" ppl. my arms are geting tired. why do we talk the way we do? why do we act the way we do? why are we igonorant and proud ppl who are too insecure to let ourtrue selves show. why must we put on an act. I hate karen. but I'm not supposed to. but why oh why is she the way she is? how insensitive!  and how int he world did she and jennifer becom best friends all of a sudden. what an act, I swear. it's all an act. they look so happy when they go arouund hating the world together. I don't know if jennifer is fake around me, either. it's so hard to tell. and I don't like the way she is with gary. I don't like it. I hate it, I hate it. why the fake smile and the fake happy attitude. how fake. and the high pitched voice. and karen. ohhhhhhhhhhhhh. what the heck? she's ugly and she's fat and she's got big buggy eyes and she thinks she's all that . she's all FAKE. I hte fake ppl. I can't' stand them. I hope I am not ever like that to anyone. this stream of consciousness thing is helping me vent. and my arms are getting tired. but hey, I like this. writing whatever I want. and not have anyone read it. lalalala. fudd is cute. so is fergus. and I need a picture in my p[icture frame. and hm. lucy's mirror is turned backwards. and m. I cna't help my coreect my mistakes. hehe. I hoop gary comes back soon. how come he's got all these new friends to study with. I wish I did too. but my homework. you cnat' really groupd study with. hm. lalala. if I only took philosophy and chemestry this semester, maybe I'd have a class or two with gary and maybe things would be more bearable. or maybenot. cuas jennifer's in that class. and oh. jennifer shue. she doesn't seem very real either. hm. why do people blame others for thing s that are not their fault? that's so stupid? is it a sense of denial? lalala. why can't we accept the truth and accept our weaknesses and admit we are wrong? why must it always be someone else's fault? that's such an immature attitude / I wish I could give them all a lesson. and take away all the ppl they're depending on. and show them that they can't go on living a lie. I like this computer. and the screensaver. and the background. the paperclip is so cute. and josphine's so sweet and lucy. I like it when we can really share and talk and not worry aobut being judged by our own friends. it was never tha tway with akren or jenn or maxine. I've alwyas had to be very careful in fear that tey might look down on me or tlk behind my back and such and such. lalal. I want my own apartment and decorated it all nice and pretty with a puzzle room. and a candle room. and really cool picture frames and dried flowers. yeah. I hope our new house look sreally nice. I want to be an interior decorator. yeah, how interesting. I would be so good. an one more minute. I want something to drink. I'm thristy. orange juice? OJ? simpson? what's that term called? word association. club meetings. chp. and come on ",low,high,low,high,low
"This the third time that I am typing this thing. I am so frustrated. Every time I get close to the 20 minutes I get cut off. There is a party I want to go to now I am here stuck here spending an hour doing this thing. I don't know what to type because I am tired of staring at this screen. It seems as if in the past two weeks  I have had no time to myself. Between pledgship, school, and studying, I have no time. The only time I spend in my room, is done sleeping. I am just going to describe what is going on in sportscenter because I haven't watched it in about a week. Chris Berman is talking about the upcoming pro football games this weekend. I used to idolize berman. I also liked dick vitale. I was so obsessed that I wrote him a letter. a few weeks later I got a copy of his book with a personalized note on the inside. I am halfway done!   I am starting to calm down. I have never been to hot-headed. I try to keep a level head all the time. The only time I really cut loose is when I am in a competition that I feel I can win. this may not be very often but when it does happen I thrive on the situation. Only eight minutes left. I really respect Pudge Rodriguez. he is the catcher for the rangers, my hometown team. I also like ken griffey jr, he seems like a team player that gives his all every game. mo vaughn is a very large man, he won't win any stolen bases titles anytime. only five minutes left. I like the expos and pirates, just because every year they are competitive even though they have no money to win with. they are building their team through the farm systems, which is how it should be done. I hope to get good grades. I wish this assignment was over. I love college football. I loved to play football but I never was big enough of fast enough to play up to the level I wanted to . I hate danny  schayes. his dad was a great basketball player. One minute left!!  my favorite team is the cowboys. I love going to the games and cheering them on to victory. I think my time is up so I will write later!  the simpsons is the best show on tv by the way. and caddyshack is the bast movie ever! ",low,low,low,low,low
"I don't ever know what to talk about in these damned things, although I know that the point is just to write whatever comes to mind. Nothing ever seems worth committing to anything besides a fleeting second of short term memory. My eye itches. I wish Keith would stop singing that opera crap so I could concentrate on what I am doing. Oh, wait, this is what I am supposed to be doing. My head itches. What am I going to do about Elizabeth? On one hand, I want to be free to enjoy college life, having my own apartment, and the like, but at the same time, I wonder if pushing her away will be the biggest mistake I ever make in my life. Sometimes I kind of wish that someone else were making decisions for me, or at least the tough ones. My stomach hurts a lot, thinking about this all the time. I hope I don't get a ulcer. That really would suck. My head itches again. I wonder what Jeff is doing tonight; I should call him and see if he knows of any parties going on. I should probably take this keg shell back and get my deposit. Is Charlie here? He needs to call his mom. Oh crap, I was supposed to call my mom back. It will have to wait though. Damn homework. I wonder if I have anything else to do tonight besides this. Economics. no, Chemistry. no, Philosophy. no, cool no other homework. I wish I could type as fast as I think, that would be nice. I hope my mom isn't too mad that I'm not coming home this weekend. she'll get over it. I hope she understands though; I wouldn't want to hurt her feelings. She really is good to me; so is Dad though. I wonder if Dad is back from his trip yet; he sure is out of town a lot. Maybe he will retire soon, and live off mutual funds. He'll probably wait for Katie to move out though. I wonder if Dean will ever move out; maybe he's finally got his act together  I hope he does, anyway. I wish I could do something to help him out  if nothing else but to see where he could be, where his potential lies. I think even if I could find the words, he would not take the time to listen, or be willing to listen, one or the other. Is time up yet? No. Hmmm. what am I thinking now? All these question marks. makes me feel like the Riddler or something. I wonder if that means anything, that my ""stream of consciousness assignment is flooded with question marks. Apparently, there are still many questions in my life. Will they ever be answered? More question marks  great. So many questions, and not enough resources to answer them by. Not to mention the fact that no one can help because no one else is in the situation. I wish there were some way to link with someone  make them feel what you feel and know what you know  maybe get some reliable advice for a change. ",low,low,low,high,high
"So, I can now finally begin this writing. I am pretty relaxed right now because I have a wonderful boyfriend. He is funny, sweet, and weird like I am. I feel like I am writing in a journal. Trying to track my thoughts is weird because I feel like I jump from one idea to the next really quickly. It is almost as if I am ADD in the mind. That sounds weird. I keep hearing this ticking from this tiny pink watch that is sitting right next to me. It surprises me how loud it ticks for being a wrist watch. Now, I can hear the television from the living room. It sounds pretty interesting. I can hear the air condition vent outside the apartment complex. The air just turned off now but the vent is as loud as can be. I like the noise of the keyboard when I type. Especially when I type fast. The clicks make me think that I am really accomplishing something. I am going to stop talking about sounds now and try to see what my mind is does. Write now I am a little tired. My brain seems a little slow right now. I feel a little overwhelmed by the school work load along with my sorority obligations and my job. I am happy thinking about my sorority. I love the girls! Everyone of them make me feel important ant that I really matter. All the girls are so fun to be around too. We all love to go out to parties and dance. Man, that car outside that just passed through was very loud. The music was rap and not very good. I do not understand sometimes why people ride around at night with really loud music and their windows down for everyone to hear. It seems kind of dumb to me that it is a week day night and there are people out there thinking they are all cool. Man this watch ticking is really bothering me. It's amazing how many things I hear when I really think about things. This means I am not talking which is a really good accomplishment for me. I love to be social and visit with everyone. I just remembered that I am missing music. Normally, when I type or do any homework I like to listen to some music. When I do math, I can listen to any kind of music I want. But if I have a paper or any readings, I can only listen to classical music. Speaking of music, I had my first T. A. session for my History of Rock class. It was really interesting. The teacher is pretty cool and nice. We get to listen to all kinds of music every class. The only thing is it seemed to me like I was learning all about how music works again like as if I was in band all over again. Man, I keep looking at the clock and just realized that my twenty minutes is almost up. I remember looking at seven minutes thinking that this was going to be a long twenty minutes. I was wrong. I am almost done and it went by so fast. My stomach doesn't feel too well. I think I ate too much marshmallows. Also, my head hurts now. Maybe I just didn't eat enough today. I only have          ",high,high,high,low,high
"Well, I have procrastinated on doing this assignment for long enough, and so I guess I should start working on it now. It's a thursday afternoon and all I'm doing is staying at the apartment to do this assignment. What a life! These stupid pop-ups keep on coming up, it's interrupting my thinking process. Let's see, I've been up here for about a month now, and I have yet been able to see and fun"" that everyone that went here or is going here claim. It's not that I want to be partying everyday, still I would like to see what's all the fuss's about. Then again, my life here at the apartment is great. I live with two roommates, each have their own eccentricity, still without them I would be bored out of my mind. These restaurants around here keep on posting flyers in front of my door- it's getting really annoying. I'm hungry, yet I don't want to go grab something to eat - does that make me lazy? Of course not! It's because I have to sit here for 20 minutes to write this assignment, yea that's it. During the day this place is so quiet, almost everyone that's living here goes to UT, so during the day they're at the campus. Maybe I should spend more time at the campus. Maybe that would help me get to know more people. I haven't made one single friend yet, well besides those people that I see in class everyday, those that I greet with a casual hello; however, I don't think of them as friends, just acquaintances. My computer desk keeps on shaking while I'm typing this, I should have brought a sturdier desk, but then how would it fit in here? This place is so cramped. Luckily, this weekend I'm going back home to Houston to get a bunk bed, and also to see my family and girlfriend of course. I miss my family very much, especially my dad. He have always been the strict yet caring figure that shadows every minute of my life up till now. Now, I have to be on my own, that's the only way that I will learn to grow up. I know he must be worried out of his mind right now, wondering what I'm doing up here, wondering how my health is, wondering how I'm doing in school, wondering how late I sleep, wondering how many times I eat in a day, etc. I know he worries, but the best I can do is call him every night just to let him know that I'm doing fine. I can't go back home, if I live with him, then he will take care of everything for me, then I will never learn to grow up. I miss my mom too, but I'm more attached to my dad because he is the only other male in our family of seven. The buses hear run pretty frequently, I just heard another bus pass by our apartment, this is pretty convenient. My roommate just got home, he is the bossy but cool one out of us. I'm like the normal one, well, besides my random outburst of course. My other roommate is the cool, quiet subtle one. It's always fun to pick on him, but we know our limits. Oh yea, VSA meeting is today, maybe I will get to know more people. Then again, I doubt it because I'm always quiet and reserved so I guess I won't talk much. Well, I'm going to wrap this up because the timer's about to run out. After this, I'm going to head to class, then it's VSA meeting. ",low,low,high,high,low
"What is Ale doing right now? She looks pretty funny ironing on a table. Wow! I have a lot of homework and I don't even get some of it. I need to get a tutor for like every subject. It's Monday, shit! I still need 4 more days till the weekend. I wonder if Rodrigo is going to call me for the weekend. I hope this weekend is way better than last weekend. Eww! It smells like burnt clothes hahaha. I don't want to go to class right now. I still need to wash my clothes. Where am I going to get change? I don't want to walk anywhere. I need to call my mom for some more money. Oh! my dad too. Oh God I just signed up for a Friday night experiment! I hope it doesn't interfere with my Friday night. Oh wow! I got fat over a couple of months. That's it I'm on a diet. Damn, it's only been Five minutes. Hmmmmm, can I even put foul language on this assignment? Will he even read this. God! I hate eminem reminds me of the ugly winters in Laredo. I don't miss Laredo. Whoa! Ale looks like a maid ironing! hahaha. Why hasn't Rodrigo called me? I wonder if he still loves me. Should he trust me and I trust him? God, 7 minutes barely. I wonder if he is going to check for spelling or punctuation. Ummm. I'm pretty hungry, but I'm on a diet. Where is Anne? She is never here. I need to go exercise after I go to class and after I wash my clothes. I smell starch. I need some water. I think I'm getting dehydrated. I need to buy that necklace that I liked in BeBe. It'll look great with my new outfit. I need to get a guy. I'm tired of being a tag a long. I want a nice latin guy with money. I have to admit that does attract me. In fact, it'll attract any girl. Oooh I like this song, is there any more room for me, in those jeans""! Ale thinks I'm bad, but I'm not I just like to express myself. I like myself, I would date me. Why doesn't anyone want me or Ale? I guess, we are not girlfriend material. How can you get to be ""girlfriend material"". Okay. I am spilling too much information for my professor. Will he think I'm weird! I am weird sometimes. My book just fell! My phone is ringing and I can't pick it up. Awww. The newspaper just fell. Ale is making a mess and she can't iron for shit. I should stop saying bad words. It doesn't look nice on a lady like me. Ale's making me hot with the iron. I wonder if she will iron my clothes. Oh Wow! I have about a min. actually. Wow! this song is so ghetto, but I can feel my head bouncing. ",high,low,high,high,low
"Well I'm sitting here wondering why I have to do this assignment. Should I type     correctly, capitalizing words. I don't normally when I chat on I'M or email someone. I really wonder if I'm ever going to get that song I'm practicing on the guitar. It's so     hard to hear the parts because there are so many other instruments, namely the     piano which is really getting in the way. Maybe I should try something simpler. but I get so bored with the simple stuff. I wonder if I can eventually get a Jason     Mraz song or get to the point where I can just play something cool and everyone     recognizes it. Will I ever lead worship at a church? Who knows. I don't really think     that's my thing. there are so many cool people that do that already. In fact, I loved     Friday night worship at the Sanchez Building. I really want to go back. I don't know     if Hope in the City is the church that the Lord wants me at, but I really like it. I love     how everyone is so friendly and genuine -- the worship is passionate, and I love     that. I walk in and go, this is how Christians SHOULD be. "" not like the majority of     churches you walk into and see all the little cliques of friends, most of which are     too comfortable and exclusive to open up to a new type of person or just a person     in general. however, I know that there are some really cool places in Austin that I     want to try: The Austin Stone, Hyde Park Baptist. who knows. Oh, EV Free. Oh, I     saw court rode today. Man I love that girl. I hate that it's sometimes a struggle to     talk to her though. It's cool if we talk about the general stuff, but not normal enough     to just say whatever or something stupid because we haven't spent much time together. I mean, she is really cool, but she is a senior and has her own stuff, and I doubt that     she would ever just want to hang out with me. However, I should give myself some     credit -- I mean, she has called me and invited me to places (church, a cook-out. ),     so maybe she is interested in introducing me to some cool people. Cool people --     I'm finding some but still missing Steph and Allison back home. Man I love them,     too. They're great. I miss being so comfortable with someone that you can just do     or say whatever's on your mind. or if nothing, you don't have to say anything, and     it's totally fine. I wonder how they're doing. I wonder how Allison is doing in the     dorm, meeting new people, finding new good friends, like Amanda. I'm really     excited that Allison is branching out and exploring A&M, but I'm not ready for loss     of contact completely, and I don't think she is either. I think she wants to (as do I     and as does Stephanie) ""make new friends but keep the old; one is silver and the     other gold. "" I can deal with being silver, or bronze even, but I would like to keep a     place in her life. And man, I really want Stephanie and I to stay the good friends     that we've become this summer. after Leslie's death. I love how she always     understood and felt the same way I felt. We agreed that we never knew what Al     was thinking but that we wanted to. Leslie -- man I miss her so much. Silver Taps     at A&M is tonight, and I really want to drive back. I know I would miss Spanish in     the morning, but I just want to see my friends and talk about her and remember     her. I feel like things would be so different if she were still here: Stephanie and I     would never have become as good of friends as we have because they would still be     hanging out all the time. They would still support and love me completely, of     course, but I think I would be more like Allison -- really branching out and finding     new people. Plus, Stephanie would have someone to chill with in College Station. Sarah is cool and all, but she has her own issues, and I really would like someone     there to keep Stephanie accountable, to pay her the attention that she needs. because we all do! I would really like to find someone like me, but not too much,     and without a boyfriend (because the only cool girls I've found so far have boys. long-term boys, I think). I really want someone (a girl) that I can just play around     with -- be stupid and say stupid things, but also have fun and be silly. I want to be     able to plop down on her bed and either cry or laugh incredibly loud. Amazing, I     actually already have that. Do I need/want new friends other than camp friends     like Megan and Meredith. They love me so much and support me like crazy. They     like it when I'm around and like to spend time with me and hear about things with     me. especially Meredith. Megan has got lots of other stuff that's she is doing --     which is cool -- but she just doesn't really have all the time for me. which I guess     sounds kinda selfish now that I've typed it out. But Meredith -- truly loving and     sincere and like a big sister. Just seeing her around campus encourages me and     makes me feel at ease. Not that I'm so uncomfortable here. I am SO GLAD that I     left College Station and A&M to come to Austin and UT. What a blessing! this     place is amazing and fun and new and exciting but also is quickly becoming a     home. I find myself either almost getting lost or just finding new places or     directions or whatever to go around town, and I love it. I love being able to know     what street takes me somewhere else, or where my friends' houses are or where     to go shop or. whatever else. Friends' houses. the boys -- haven't talked to them,     want to see them. The girls -- looooved going over to their house the other night. I     got to chill with Meg and tell her about school and life and etc while she shared     the same. Liz and I also got to talk about Spirits and applications and all that jazz. Oh and I made it to the second round of the Texas Spirits app! Exciting. I can't     decide what I think about it though. I know who I am, and I just want to be myself,     but from what I hear and have seen, it might be like a sorority. Blah. I just don't     want to conform -- I want to be a part of something cool and unique but without     being stereotyped as something. I don't know. cookie-cutter, I guess. I hate that. I     want people to like me for who I am. stupid and crazy and silly and fun and smart     and perfectionist that likes crazy things and crazy music. crazy music -- ACL! And     Russ is coming into town, and I just don't know what I think about that. Do I like     him? Does he like me? I have no idea. I don't think I'd ever date him. he is     younger and in Colle Sta and whatnot. But he is pretty great. I just have no idea. Ok well honestly I can't stop looking at the timer and how I have thirty seconds left. So I hope that I wasn't graded on capitalization or anything because I'm sure that I     messed up all over, but hey it's all good -- all we had to do was write this thing. I'm     confident. I'm happy. Class is cool. Don't want to take the tests ",high,low,high,high,high
"I am sad. I just started thinking about the dog I left behind in Katy, Texas. That isn't exactly why I am sad though. It seems weird to me that I am really missing my dog and hardly ever thinking about my mom and dad. It isn't that I don't love my mom or dad but something must have gone wrong considering this is my first time away from them and I am hardly talking to them at all. If my mom sends me an email is usually says something like: nothing new here, Mickey's now. Mickey is my dog. I really feel like my dog is more important to my mom then I am. At least she has always spent more time with him. I am getting teary eyed which is weird because I haven't cried in years and I don't think I have anything to cry about now. My roommate's mom calls him every single night. I have talked to her more then I have talked to my mom since I have been here. I haven't heard a word from my dad at all. Oddly enough I don't really miss my friends back home. We have been very close since sixth grade and I just left them. For some odd reason this really doesn't bother me. I can't stop thinking about how much your class stresses me out. It seems so easy. I know it won't be easy though, and that makes we question how much time I should be spending on it now. I almost had a panic attack when I saw that the website was down but it is now back up and that makes me feel okay. I am really hungry which is weird because I just ate a piece of ham, a piece of turkey, sweet potatoes, a piece of pecan pie, broccoli and cheese, and a Neapolitan ice cream sandwich. Isn't that nuts. Hopkins 24/7 is now on. That is an awesome show. It really hits hard without showing gruesome ER scenes (it is a documentary series). I lost my train of thought and I am now writing about nothing. Well, my twenty minutes are up. Bye. ",low,high,low,high,high
"Ok, so I'm not really sure what I should write for twenty minutes because usually when I'm writing something or doing something I'm totally focused on it. So, I don't know if I can be focused on just straight writing for twenty minutes, but I'll give it a try. Right now, I also have the tv on, I like to do two things at once which sometimes is a fault of mine, because I can't fully concentrate on one thing. I don't like this show, I think I'll change the station. Well, it's been three minutes and I'm kind of of at a stopping point. ""You're a god and I'm a god. cause you're a god and I am god and I just thought I'd let you go"". I don't actually believe that, but right now that music video is on the radio. When I don't have anything else to think about I tend to sing to myself. I really enjoy singing, but I know it's something in which I'm not that talented at. I'm better than average, but I'll never have my own record. I don't know how people just sit and write what ever is going on in their heads, I mean I tend to think a lot, but I find that I don't think about serious deep stuff. I just think about like what I'm going to have for lunch. I hate this song, stupid Nine days and Story of a Girl. I think it's stupid that Christina Augielar is coming out with Spanish language Cd. She doesn't even speak Spanish. Just Hispanic because Latino music is really popular she thinks that she can put out a Spanish CD. But I guess the same thing could be said about NSYNC, They aren't even Hispanic. But it's ok, because ""This I Promise You"" is a really good song. Ummm. just 10 more minutes to go. I want some skittles. I don't like those man's sunglasses. I wonder if this has to grammatically correct and spelling correct. I'm such a bad speller. Is it possible to really not be thinking. Like I was just staring at the tv, but I don't' think I was really thinking. I wasn't concentrating on the tv, but I wasn't thinking of anything else I'm hungry. I wish Lindsey didn't have a 121 class. I don't care for eating real late, I'd prefer to eat early, but it's ok, because she's my friend. I like the new Eminem song, but he makes me mad. I can understand that he doesn't want to be bothered by people, but that is the price for fame. I feel sad for his daughter, because her dad has some much repressed anger and the life he lives is probably hard on her. I mean having her mother go insane and then having her parents divorce at such a young age, she only looks 3 or 4, will be real hard on her. This is a really long song. I wonder what it's like to just be falling, to not be sure if you're going to be alive after the fall. Does it fell free or is this impending fear of life being over. Does your life really flash before your eyes? And what does it feel like when you finally do fall? I think I'm watching too much tv. As of now, I'm listening to another song, but I don't think that I can type the words as fast as I sing them. But the song is Kryptonite bye 3 doors down. Well, I guess that's it. It's been 20 minutes and I think I've run out of things to say/ think. ",low,high,high,low,low
"Right now I don't know what to write. Marc sure is cute, and funny too, it was nice of him to email me I wish Scott and I hadn't gotten in a fight earlier today. he overreacted  I am glad dad emailed me. I miss my parents  I am sick of this school the work is hard  my astronomy makes no sense  I am going to fail  Michael is giving us too much work  I need to read for eng and psy  I don't know what to expect  from the tests here. I can't wait to go home  dinner with Christina was fun  it sucks that laurissa and I don't hang out anymore. neither do Eileen and I  no one ever writes me  I wish that I went to U of H and lived at home  I am not motivated  I don't like my edp teacher. she makes no sense in our assignments  Vicky is so inconsiderate about the TV  I hope linds likes her present. . it wasn't exactly cheap. too bad we aren't closer. I wish that we were  I wish that she would get better and get on track. . . I wish I would get on track. . . I am so disorganized! Psy is going to be hard. I can't remember anything!  I never did study. study skills class is a joke b/c I know it won't help. boy, my typing sure does suck  I miss my work!  I need to email or write Christy. she was a sweet boss. Vicky hoggs the TV and is inconsiderate but lupe is nice. julie is too nice for her own good, and she talks about ""daddy's money"" too much. people like that are annoying I hate it here b/c its just too much to handle I can't wait to go home this weekend!  that will be an adventure with all of the family roller coasters! I can't believe aunt rita did it before she got married!  actually, I can, but still its weird. linds needs to get over paul I hope we go see a movie on Friday. I hope she wears the necklace I got her. I miss Scott. . . I wish he were a little more considerate of my feelings. . Vicky is SoOOO presumptuous!  to change the channel while I am watching it??? I hope that no one thinks I am  nuts when they read this. I am getting upset b/c of how inconsiderate everyone is!!!  I am so glad mom called and dad emailed me! I miss them. I can't wait to go home. I hope the 20 mins goes by fast!!!  this is getting boring. I need to read for English marc is so funny. . . the way he jumps around subjects is so cute!  Scott thinks he is the only one with stress in his life. I am so glad I got the stupid ""brain picking"" out of the way. Christina worries too much. right now I am annoyed with everyone and everything!  I am going to miss Thursday night shows b/c of stupid astronomy. I want to marry someone rich and stop having to study. I hate to study this sucks. . all the work!  my time is up sooN!!!  okay, maybe not. I wonder if they would know I did it for half the time, probably so. everything I am writing is stupid. I am tired and hate astronomy  its too broad a subject. I can't visualize the universe so I  can't understand any of the topics. I am a visual person. I have to see to understand!  Noelle took Pascal, so did the girl next to me. I wish that Noelle and Chris would stop being so ""happy"" and Sappy with each other. its sick and I think it is unhealthy that he cries about her all the time. he’s a big baby and I think it would never work with them b/c its soooo sappy and I think its unhealthy that they plan their lives around each other when they have only been dating for 7 months. Scott and I don't do that and we have been going out for 4 years. maybe we should break up. . yeah right, that'll never happen b/c we're too comfortable, bad!  Oh well, that’s life and what can I do? Vicky totally monopolizes the room. Marc is so funny. I can’t WAIT TO go home!  I miss my parents, they have such a hand full with Lindsay!  Why can't she be more normal and get ""it"" together. I am tired of everyone blaming me for her troubles, its not my fault, I am bossy but that didn't make her the way she is. Yes!!!  only 4 mins to go!  Thank GOD. I really should go to church here, I sure have strayed into the last 2 months, we never missed before we moved. Scott lives too far from the new house, glad he got a car. can't wait for Saturday’s Date!!!  Hope he takes me to carrabbas,  I am sooo hungry. wish the store was still open, I want pizza. vic is selfish. I wish she would go to lupe's tonight. I prefer to have the room to myself. I don't like her too much, thought she is okay some times, but still, UNCONSIDERATE!!!  just b/c she’s a soph, doesn't mean she’s superior to me in any way!!!  She needs to just  get over herself and go to lupes for the night. . . I liked it better when she spent the night out. I am hungry. stress makes me hungry, I am mad and upset with vic, and Scott too, I hope he called, so I can call him back!  YES. . . one more min. this was harder that I thought b/c I am soooo tired. couldn't check my messages b/c VICKY was on the phone!!!  AHHHHHH  I don't like her!!!!!  she needs to be more considerate like me. I bend over backwards to be considerate for her!!!  ahhhhhhhhhh  THE END. THANK GOD!!! ",low,high,low,low,high
"I have so much on my mind right now. It seems as if my world is changing in every way from every aspect. I have been told by someone close to me (my ex girlfriend) that I have changed. She will not tell me what she means or in what way I have changed. It bothers me more and more all the time. I can't see how I have changed. I have looked at every aspect of my life and personality and have yet to find any feeling different than that which I felt three months ago. I don't want her to be upset with me. I just wish she would tell me why. I feel like I am continuously trying to make everyone around me happy. I spend so much time being the listener of other people's problems. I just sit there and listen to them and when they want feedback I provide it to the best of my ability. The only problem is that sometimes I want to talk to someone. But people do not usually seem to have the same time for me. I usually find my own way of dealing with things such as bowling. Bowling is great stress relief. You challenge yourself only and get to throw heavy objects at other heavy objects to improve your score. I am not a violent person at all. but I do feel better after a few games of bowling. I enjoy talking to people about things and helping them with their problems. It just seems like there are a lot of problems out there for which I have no advice to give. It's as if I am letting them down. I am somewhat worried right now. Mainly about what will happen when I finish this thought process. I have to go to my fraternity house and help work on one of our pledge class's projects. I am tired and feel overwhelmed by what I have to do. I have schoolwork, friends, and fraternity. Any one of these could easily take all of my time. Yet here I am trying to budget all of it in. I realize that schoolwork comes first, but I do not want to give up my fun time. I enjoy fraternity but it is a lot of work and takes a lot of time. Right now if I had one wish it would be for me to never need sleep again. That would give me another 8 hours to get my daily tasks done. I guess maybe I should think of some good things too. Life can't be all bad. I have met so many new people since arriving at UT. I have made friends with people whom I can already tell have the potential to be lifelong friends. College has been like starting over. I have friends who also came to UT. But I rarely see them. And those who I did not get along with, I have yet to see thanks to the incredibly large campus. This is probably one of the most interesting assignments I have ever one. It has been a very long time since I simply sat down and wrote my feelings. In fact, this is the first time since I arrived at UT that I have had the opportunity to think about how I really feel. I actually feel better knowing where I stand on some of the most important aspects of my life. I will definitely make sure to read this again. maybe in a day or so. I might even do this assignment over again on my own in a week or so to see if and how my feelings have changed. I need new shoes. I stepped in a deep water puddle the other day and soaked them inside and out. It is time for a new pair of shoes anyway. I actually saw a student walking to class without shoes the other day. I can't imagine walking down the streets of campus without shoes. Why am I thinking about shoes? What time is it? Only one minute left. I have really enjoyed this assignment. I hope the upcoming writing assignments are as interesting as this one has been. Time is up. ",high,low,high,high,high
"Okay I am really clueless right now on what I am supposed to be doing. I'm pretty sure we're just supposed to write whatever is on our mind, but I've never had an assignment like this one so that seems really peculiar to me. My back kinda hurts, does that count?  Plus I'm wearing Christmas socks, they are white with red and green snowflakes, but I like them. Now I feel weird, like maybe I'm not doing the assignment right, I don't know what to put. I'm the type of person that always likes to have clear directions on what to do. Someone tells me to do something, and I do it. That way I know that what I'm doing is right. But oh well. I've missed two calculus classes in a row, and that is got me worried. I'm really aiming for a 4. 0. People would make UT as a school that is completely hard, and all u do is work. And that's partly true, I always find myself reading, and it takes me a full day to finish a math assignment. The weird thing is that I would never read in high school, so I thought it would be a major drag. Surprisingly it's not. I don't think it's that bad. Last night I was reading for economics, but I was too sleepy and nothing I was reading was sinking in. I set my alarm clock for 7:40, but it didn't go off so I missed calculus. That is got me worried. But I'm pretty sure that I'll do okay. Now I have 7 minutes and 50 seconds writing, still not too sure what I'm doing, still having my doubts. I think of so many things when I'm by myself, I go into my own little world and just think about anything and everything. But when I'm asked what I'm thinking, I go completely blank. And people think that I'm just holding things from them, that I'm keeping to myself. Maybe that's partly true, but I really do go blank a lot of times. My memory is really weird. I can remember the smallest most insignificant details about something, and then not remember something important that occurred. Okay I just noticed that when I started writing, I was sitting up straight. Now I am completely slouching, and now my back hurts. I don't know why I said that my back was hurting earlier, it really wasn't. Perhaps it was just because I had nothing to say. But now it really does hurt. I have back problems, last time I got an x-ray it showed that it was 16 or 19 degrees crooked. I don't remember which one it was. and that was a long time ago. I really should go again. Which reminds me, I need to go to a dentist too. I have not gone to a dentist in about 5 or 6 years. My parents go, but my sister and I have not gone. They told us to get the dental health plan here at UT. Do they even have that? I'm pretty sure they do, I'm just procrastinating. I'm not too consistent on my thoughts or actions. I give in really easily to things I wish I wouldn't. Oh well I'm sure I'm not the only one. Now 14 minutes and 50 seconds have gone by. A few more to write whatever it is that I'm thinking. And I went blank again. Well I started to notice my back again, so I decided to sit up straight. I want to go do laps in the swimming pool. I used to be in swimming when I was little, I was pretty good. I remember that I had a swim meet on my birthday, and I wasn't too happy about that. I hated competition. I hated going to swimming classes, to brownies, jazz dance, and especially karate. Tennis too. Its weird how when ur little, you hate going to all of these things that ur parents make u go to, but when ur older, u whish u would have stuck with them. I was also in gymnastics, but I think I kinda liked that. I remember the first time I had a swimming lesson, I was afraid to get in a pool, so my mom pushed me in. I have class in like 10 minutes, but its in this same building and hey, for this class as a matter of fact. Pretty damn convenient right?  Well now I've taken care of this assignment, I still need to read like 2 chapters for this class and another one for eco. But I don't even know what we're supposed to read. People told me the first 2 chapters, so I guess that is it. Anyways I'm done. ",high,high,high,low,low
"As I start this essay I am feeling a little wary because I am doing it a little late. I am starting to think about what to write. I think that if I don't write something intellingent I will come off as dumb or ignorant as to what I am feeling. I am also thinking erotic thoughts. I am also feeling embarassed for writing that down. I am scared that after reading this you will think that I am a pervert (which I am not). I am once again thinking about what to write; once again thinking that if I don't write something smart I will come off as dumb. I am beginning to think of friends from back home. People I left behind, family, friends, teachers with whom I had pretty good relationships. I am now thinking of a conversation I had with two other friends on a very private issue. My father comes into my head also, times I have spent with him after he and my mother seperated. Then I think of times with my stepmother and how my mother would dislike it if she knew that I acknowledge her as someone related to me. I am now feeling a little anxious because I do not want my sister to come home right now and see that I wrote something about having erotic thoughts. I now am thinking of a girl in one of my classes. It isn't erotic, I am just thinking of what she looks like in the class and how I would like to talk to her sometime. Then I start to feel a little down because I haven't made any really close friends in college yet, just aquaintences. Again I am thinking about what to write. I just got an image of the capitol as it looks from the tower and I just thought about the tower. I think about going to Mezes hall to sign up for an experiment. I am now worrying again because I haven't signed up for one. ",low,low,high,low,low
"ok, I'm really stressed out right now! I've been running around all day, then I got back to my friend's dorm and remembered that I had to do this writing assignment! Of course, stupid me. I didn't know the web address to get here. I had to call my roommate and have her look up the address on my computer. and now its almost 5pm! GREAT. Well, anyway, I'm so happy about last night. This really hot guy that I like invited me over last night to hang out at his apartment :) Exciting! It was a lot of fun. Now I can't stop thinking about him! I also can't stop thinking about Ryan. He still won't talk to me because of that stupid bitch he is dating. I HATE HER. She got between me and Ryan's relationship, firstly, and then our friendship as well. It's only been 4 minutes. I can't think right now. I'm so anxious for this weekend. Well, back to Ryan. every night for the past couple weeks, I've had dreams about him. They won't stop, it's getting annoying. Even last night I had a dream that we ran into each other in Houston and were immediately friends again. That's what I wish would happen. He looked so cute in the dream. so I wake up thinking about the stupid asshole. BUT, at least this morning I woke up next to a hot guy :) :) That makes things a lot easier on me. the only way I know how to get over a guy is by dating a new one. I need distractions, GOOD distractions, to keep my mind off of Ryan. It sucks. I miss him so much but I know he probably doesn't give a shit about me. SO, I just want to feel. wanted. And if it's by this guy, Jason, that would be PERFECT. He is awesome- cute, cool apartment, easy to get along with, funny, and he is even in the business school at UT! Pretty impressive. Of course, with my luck, I'm sure he has plenty of girls after him- so why would he choose to be with me. Hmmm well I can pray that he does! At least he wanted to be with me last night, that's a plus. I have to think about something else! It's driving me crazy. I need to go hang out with Laura soon. she will make me talk about something besides guys! Yummm can't wait to order those delicious cookies from Tiffany's Treats! 13 minutes. ALrighty then. I think I have about a million thoughts running through my head right now and I can't seem to distinguish any certain thought. Does that make sense? Ehh, oh well. School is a stressful place, especially now. What we do now creates what we can do for the rest of our lives! I don't want to fail. yet I'm actually scared that I might. I've never been scared of failing a class- ever. I never made below a B on my report card in high school. College is SO incredibly different! I really do love it here. Even though the classes are challenging, UT is awesome. I like having a big campus. it makes it feel like college. It's the way it should be. At least I have a little workout every day- walking to class and up & down all those stairs all the time. Its tiring! OK, 2 minutes left. JC is distracting me. I want to stop typing now! I'm sure whatever I just wrote down is somewhat interesting. I don't even remember what I said. What should I do tonight. hmmm everyone is going to the game tomorrow. My dumbass didn't get the sports package so I can't go :( How sad. ",high,high,high,low,low
"Well I just got don't talking to my brother. He is doing well. That is good becasue I worry about him, and I don't even worry about him that much until I hear him say that he eats lunch and dinner alone. He is only a freshmen at UTA and it's only been like a week and he has to have time to make friends but he is just not as good as I am at making friends. My mom worries about him too, so that makes me worry even more. It is cold in here. I wish it was warmer, but I have one roommate who likes it hot and one who likes it cold and the one who likes it cold is in the living room and I can't exactly argue since she pays rent here too. oh well. She is watching CSI, which is not something I terribly care for, its an ok show but I have different things that I watch. Her and I tried to go to the gym earlier to play racquetball bt all the courts were full, so we reserved one for tomorrow, but who knows what is going on tomorrow. We rode our bikes there and it is so hot outside, I cannot wait until it gets cold, although I will complain then too but at least the cold is more easy to deal with then the heat at least to me. god the TV is loud, I don't know why its so loud, its just me and her in the room. I have a lot to do and I am putting it off. I have math homework due next wednesday and I need to get it don't before this weekend because my boyfriend is going back home to houston and he is my help for that class. I understand just about nothing in that class and it scares me. He is very patient with me and I love him and are very grateful to him that he takes time out of his homework to help me with mine. right now his roommates are mad at him because all he does now is hang out with me and they don't understand why, well they understand but hey don't like it and I cannot help it, its his choice. I am worried about chemistry, I understand nothing in that class either. I thought I was good at chemistry, I wanted to be a pharmacist but now I just don't know and that scares me too. I am feeling extremely overwhelmed with everything right now. UT is a lot different from UTSA. my neck hurts and I don't know why, I didn't get to work out today, since the racquetball courts are full. my roommate just asked me if she could use my garlic. I don't really mind but she always throws a fit when I ask to borrow her stuff, not like its a big deal or anything it just gets on my nerves every now and then. I am so scared about chemistry, I have to ask my boyfriends roommate this weekend to help me figure it out. we have a quiz on tuesday over the stuff we have been learning although I feel like I have not been learning anything. it worries me so much, I feel like I have no direction again. I don't know what I want to be or what I want my major to be and my parents kept asking me and my advisor told me to just choose so I chose pharmacy and now with the chemistry part being so hard and I thought I was going to be good at it, I am scared that I won't be able to be a pharmacist anymore and that will only disappoint me and my parents. I feel like I have no direction and I can't just force myself to have one. I wish that I had something I was REALLY good at but I don't. I have a lot of things that I am good at but not one thing that I really excel in and sometimes that hurts my feelings and makes me feel bad about who I am. wow already been 13 minutes time goes by fast when you just keep typing. I need to shave my legs, now it smells gross in here because of the amount of garlic my roommate used. my arms are starting to hurt because of all the typing only 6 minutes to go. this writing thing is not that bad I think its a good idea I hope thy don't mind all my grammatical errors and or misspellings, why does my neck hurt!  I need to repaint my toenail, I keep messing them up because I won't let them dry all the way before I put my shoes back on. I wish my boyfriend would hurry up and come home at work no actually I am glad that he is working , he needs the money. our three year anniversary is coming up and I have nothing to get him, no idea whatsoever and neither of us have the money to do anything really special so I don't know exactly how this is going to work this year. man I wish I could get motivated to learn that chemistry stuff but I already feel so behind that it makes me discouraged to even try now. I know I will try but I just don't know I just wish that I knew what was going on in there. I was so good at it in high school and that was back in 10th grade and I remember some stuff that he has talked about but not hardly most of it and now I feel behind like I am not going to be able to catch up. I wish that it was not in such a big room I think that is part of my problem, I am not getting the basic review that I need to refresh my memory form so long ago but I guess that is partly my fault, I should be reading, and I am going to as soon as I can motivate myself and tell myself that I can do it and that I am good at it and that I do have a future being good at something. ",high,low,high,low,high
"Ever since this assignment was introduced in class, I've been trying to think about what to write (which totally defeats the purpose of the assignment). It's just that when I sit down at the computer to type something, I usually have a plan or goal in mind, whether it is to write a report about something or type an email to a friend. Never have I just had to sit at a computer and type whatever comes to my mind. I guess that makes me a bit boring in a way because I find it so hard to express myself at times. The other day when you were talking about obsessivecompulsive people, my roommate turned to me and said, ""That's you!"" I guess I had never really thought about that label applying to me. But once you started listing examples, I had an epiphany. I guess I am obsessivecompulsive in some ways. I like everything neat, clean, and orderly. I can't stand having a dirty living space. I mean, how can you sleep and use the bathroom in a dirty environment? For me, it's just not possible. Plus, I think it's important to be neat and clean because that's the first thing people see when they walk into your room, and how you maintain your room really tells a lot about your personality. I like to make good first impressions and the way I maintain my room is a way of achieving that. I think I get a lot of this from my mother because she's really picky about the way she likes to do things. I remember one time I started doing the dinner dishes for her while she was outside in the backyard and when she came in, she pretty much kicked me out of the kitchen because I wasn't washing the dishes ""the right way. "" Of course I can't really complain because I do a lot of that too. I understand that everyone has their own way of doing things, but I just like to do things my way because I see the logic in it. A lot of my friends think I'm a freak for being so neat, clean, and organized, but if I wasn't, I can't even imagine what my life would be like. Being clean and organized is what brings stability into my life. It is something that will never change. I guess I shouldn't say that because every time I say I will never do something, I end up doing it later on. For example, when I was younger, I told my older sister I would never wear lipstick or any other makeup and now if you look in my purse, you will see powder, two shades of lipstick, and lipliner. So I guess that's why I should never say never. I have so much to do today. I probably should have done it yesterday instead of sleeping and watching television all day. Of course I had fun doing crossword puzzles and playing Jeopardy online with my boyfriend. I've always loved playing intellectual games. It makes me feel great when I can answer a question or figure out a word on a puzzle because people are really smarter than they think. Sometimes you think you don't remember anything from a class you took sophomore or junior year in high school, but then it pops up in a Jeopardy question and you know the answer to it. It amazes me the things I remember from some of my classes in high school. And sometimes, that information came from classes that I thought were totally useless at that time. Now, I realize that there's no such thing as useless information (except for maybe Calculus when you're studying to be a Communications major). ",low,low,high,high,high
"THE FOLLOWING HAS BEEN TRANSCRIBED FROM PAPER EXACTLY AS IT WAS WRITTEN (INCLUDING ALL MISTAKES, MISSPELLS, ETC):   Let's see. its really hard to do this assignment because I find I have trouble doing this assignment  I messed up there. It's hard to write down your own thoughts because I find that even as I am writing this I am already thinking something else. It's hard to get into the right mindset because as I'm writing this I feel like okay. i'm writing a paper for psychology, not I'm writing down my thoughts. What I was going to say above before I messed up was that I can't or rather, I'm having a hard time with this assignment because I can't, I mean I have trouble doing something on cue or when someone tells me to do something. It's difficult to do something that usually comes naturally when someone gives you certain perameters to do it in. Its like someone telling you to go the bathroom when you don't have to. Or its kind of like when some one tells you ""Don't think of an elephant"" what's the first thing you think of?  In this assignment, its like you're telling us, ""Don't think of it as writing a paper for a psychology"" Or was that the whole point?--to see if we could write down our thoughts freely and as they come to us without--oh @#&*!  I lost my words or I don't know how to word what I was thinking rather. I find that this happens to me often. I really don't feel like I'm writing down my thoughts, I feel more like I writing an entry in a diary or journal. Hmmm. i wonder when my friend Christine is going to call, I hope soon because I need to get the store before it closes--todays Sunday so everything closes early. I hate waiting for phone calls because I hate that feeling of not knowing when they are going to call. You expect the phone to ring any minute but at the same time not to. It just happed again--in the middle of the previous sentence I had to pause because I wasn't quite sure how to word myself. Sometimes you have feelings that cannot be expressed in words (at least for someone like myself--I'm no Shakespeare). I'm writing this down on paper & I'm  going to type it later. I've just had to switch to--oh never mind-that really wasn't what I was thinking. I really wish this stupid cold would go away. I keep sniffling every 5 seconds and coughing too. Times almost up--1 more minute. I can't think now with that in mind. so I'll end here. ",low,high,high,low,low
I wish it was Friday actually I wish it was next Friday then I would be going home vacuums really bug me I want to change the channel but I don't want to get up but duck tales really sucks and even though I’m not even watching it and just hearing it bugs me I guess that's something you just have to deal with if you're lazy I want to talk to Stephen but I don’t want to call him because I called last but he hasn't called me which really doesn't make much sense but guys don't make any sense anyway so its ok I don't want to go to calculus tomorrow but I should because I’ve already missed it twice I wish it would rain I want to get caught in the rain I want some Dr pepper but I don’t want to go buy some because I don't want to spend the money I want to get an exhaust even though I haven't even found anybody to race up here I should write to Christina I need to check the mail who cares about the kennedys I hope I have some mail but I really doubt it I never get mail my room looks so boring I don't like living in a dorm it really sucks but I guess this is better than jester it's kind of hard to think and write at the same time I hate typing why are her clothes still hanging there what's wrong with using the dryer I need to do laundry double your pleasure double your fun my boobs itch I guess I shouldn't have tanned for so long     ,high,low,high,high,high
"     So I just read the asterix at the bottom of the screen about your social security number and it sounded like the most rediculous thing EVER!  I mean, obviously you don't want you SSN to be taken, but if youre telling Carla you have to speak quietly?!  So no one overhears you?!  What the hell?  I read it out loud to my roommate and good friend from high school, Margaret and she said it was probably serious because our freshman English teacher in high school got her social security number stolen. I was sick this morning and I skipped all my classes. I don't know if I should write that because now maybe you think I'm a slacker. But I really felt like complete shit. I did go out last night til like 3,  but I'm really snotty and coughing up phlegm. So last night when I got home, I had to walk home early because Margaret felt like way faint and was supertired and her face was white-it was weird. So we came back and I was a little drunk and I called my ex from high school, but he's still my best friend and we talk all the time, Jacob. It was so funny, he answered the phone- I was really surprised because he sleeps like a log, but he answered and sounded kind of awake so I asked him if i woke him up and he said no he was about to take a nap though. But I'm sure he was woken up. I really like him and I think I'll probably end up with him someday just because I can't picture ever having a friend I can confide in as much as him and I feel like he knows me inside and out-however cheesy that may seem. But I still get elated when he calls me and I love talking to him most of the time. I'm really excited because tonite I'm going to KA pledge line!  with one of my friends from high school, daniel, a KA pledge. I can't decide if i should wear this black tube dress with a white ribbon on it or this black mock turtleneck dress thats a little bit longer and supertight. Its very flattering, but it seems like guys always like strapless stuff and I have to wear my superhigh heeled shoes with the mock turtleneck dress and a lot of guys like petite girls. I might go with that one anyway though because I have like a zit on my chest and it shows with the tube one. But I've met Jeb Bush a few times and I'm way starstruck with him and want to go on a date with him really bad just so I can say I could kind of, and he's kind of short. But I have a crush on this pothead (of course)  I'm always attracted to that type (except Jacob) who's tall and his name is Clayton. I may just forget about Jeb and go for the tall shoes. haha. So I've only been writing for 11 minutes 45 seconds!  I have so much time left and I already feel like the most shallow girl ever- not to mention slacker for skipping class already. Chandler, my suite mate and I are going to go to the SSB later and then-shopping!!  You can never be too sick to shop. So right now I'm undeclared liberal arts and I was thinking about transferring to the business school and then I was like what the hell am I doing because I hate math and economics!  So I dropped economics and added art history which I do like and decided to just stick with calculus-unfortunately. I got a 75 on my calculus homework yesterday. great a C already, that sucks ass. But I'm taking textiles-which sounds like another crap course but I'm really interested in fashion merchandising as a major. I want to be a buyer when I grow up or own a cute little clothes store. I think that would be a blast. But I told my dad I was taking textiles and he laughed his ass off for like 20 minutes and I mentioned fashion merchandising (but not like I was going to do it) and he would absolutely die and disown me if I majored in that. he was like you can still major in English and be a buyer. But I know he's going to tell the whole family I'm taking textiles and theyre all going to laugh at me and think I'm dumb, but whatever. Textiles really is harder than some of my other classes like French (that you would think would be a really hard class). We have to memorize like 500 different kinds of fabrics and their properties. Yikes. So I'm like aching right now and I really think I have West Nile. Chandler's brother's friend (in Baton Rouge) had to have his appendix out because they thought it was appendicitis, but he really had West Nile. How much does that suck?!  So I like UT ok right now, but from what I've heard everyone saying about the college experience being the best thing ever, I don't know so much right now. I can't imagine ever having friends as close as the ones I had in high school or meeting people as nice as the ones in Baton Rouge. Louisiana people seem way nicer to me than Texas people. ",low,low,high,low,low
"Well, it's been a long day. I'm really tired but I am not very excited about going to my last class, just because right after I get out I have to rush home, change clothes, and go to work. I can think of a million other things I would much rather be doing, ya know?   But, hey, that's just life, right?  It actually feels good to be working again. I always seem to get more accomplished in school, when I have a set routine. Last year, I was just a huge mess. All I did was party, never go to class, wake up and feel like crap all day. I'm only 20, but I feel like I'm already finished with my days where I don't remember anything or have a clue as to what's going on. It makes me laugh. Anyway, so it really annoys me in the library when people have their stupid cell phones on and they start ringing and then they answer it and just start chatting in a regular tone. Or on the bus!  I don't care to hear everyone's conversations they have, but they talk like they want everyone to know what they're doing. I just thought about that because it just happened a few times in a row. But I'm not really anal about anything. I'm already thinking about what I want to do when I get off work tonight. It's the weekend, yea!!  I hope Nick comes into town. I haven't talked to him in like almost 2 weeks. It's really weird. I can't even understand it myself. I'm crazy about this guy and I have been for about 6 months. He says that he thinks about me all the time too. It's just like some sort of connection I felt with him from the first time I sat down and talked to him. It's weird because we just hang out and are just like the same person. He's so funny too. But we never talk or tell each other how we feel unless we're just trashed and then we vaguely remember what we said. I'm usually not like that with guys as far as not being straight up, but right now I think it's just maybe not worth it to try to get involved because he lives in houston and I am obviously here. It's like, I know it's a mutual feeling, but I wouldn't want anything to ever mess up between us, I'd rather just wait until I know the time is right and then we can be together. Anyway enough about all that. I want to go home and hang out with my family. I love them so much. They're all just so cool. I would rather be with them than any of my friends I grew up with back home. My shoulders are so tight. It's from lugging around this heavy backpack all day. The first couple of weeks of school, I didn't even have a backpack so I hauled around this little pink Clinique plastic kind of hand bag with all my books. That was funny. I always had to laugh at myself, I'm laughing right now. I can just picture myself walking around campus. This cute guy just walked by. Well, I really just liked his hair. I love kind of long, messy hair with curls coming out of hats. They're so sexy. and dark eyes. I love dark eyes. They just seem to be so seductive. I have no problem whatsoever staring at anybody directly in the eyes. Sometimes I think I might even scare people. I feel like I can just see right through people. It's not because I think they're necessarily cute, or even that I want to talk to them.       ",high,high,high,low,high
"This is my first actual assignment of college so far. I've gotten all the homework assignments and practice problems, but this is the first one that really counts. At least it is the first assignment that I know of that really counts. Of course, I'm not exactly sure what the professor is looking for, but I'm doing my best. I'm just hoping I'll get a good grade for this. So far, I'm having a lot of fun here in the lovely University of Texas at Austin. It's a lot of work, but then again, I know it will pay off in the long run. And despite the small forest I've killed so far making flash cards for Spanish and Medical Terminology, its actually kind of fun. I like being busy, and I like doing things that lead to something bigger. In this case, it will hopefully lead to medical school. But that's enough about school, after all, I only live on campus, I'm surrounded by it! I'm in a great mood today and I have no idea why. I'm really hyper, and I didn't really do anything that unusual. I didn't eat an entire bag of Pixy Stix or anything. I did go swimming today, not nearly as much as I used to, but apparently it was enough to actually get some endorphins (if that's right) pumping. Now all I need to do is keep up that routine. I'm wide awake, and ready to go, even it is eight o'clock in the evening, and I have about a dozen other things I should really get around to doing. At least I'm organized though. I didn't really think that would pay off that much in school at least not right away, but it is. I can't wait until my birthday; I'll finally be eighteen! Its kind of funny how much a birthday can mean. Even though it's not that big of a deal, it's still exciting. Although the only thing I can do is go to clubs and join the military, and neither of those are exactly my kind of thing. It'll be nice to have people stopping and being completely amazed that a seventeen year old is actually in college. Will wonders never cease? Oh well, its all fun and games and it means presents! Shallow, but its nice to get things. Especially when you're one of those people who usually manages to remember everyone's birthday, even if it is a few days or weeks late. What matters is that I remember! I just like doing things like that, it makes everyone feel special, as pathetic as that sounds. I feel like this is the most incoherent thing I've ever written. I'm just rambling all over the place, but I hope this is what the professor is looking for. If this is stream of consciousness, I'm amazed anyone can actually read this kind of thing. It would drive me crazy to have to read all this rambling. As completely crazy and illogical as what I have written is, its nice to just be able to switch subjects like mad. It's a nice change from the whole introduction, body, and conclusion type of paper. Still, this style of writing is very refreshing and it's a lot more challenging than I thought. I've never really sat down and tried to follow my thoughts for twenty minutes. I guess I just don't have that much to think about, judging from what I have written. And it's sad because I've actually written a fair amount of absolutely nothing. Who would have guessed I could spend twenty whole minutes just writing this kind of thing? ",high,low,low,high,low
"Right now I am having a weird feeling in the lower part of my stomach. I'm not sure if I just had a bad lunch or if it may be something a little more serious. I'm kind of sad too. I talked to my family earlier and I realized how much I missed being at home. Last night I attempted to meet some new people despite the fact that I am just not the social type so I am kind of down about that too. I hate walking up and down the stairs and stuff here at u. t. I can't stand the heat. I mean I am from the Rio Grande Valley but I never had to walk EVERYWHERE. I hate the food in Jester. I know I wasn't supposed to talk about this until my second assignment, but right now college controls most of what I am thinking right now. I forgot, keep typing, keep typing. In a sense this stream of consciousness isn't as relaxed or real as one might assume it may be. A lot of the thoughts are a little forced because you would have to put your thoughts into words. That itself isn't too natural. I am not a computer person either. I guess it could be worse and I could be an EXTREMELY slow typer as well. Phew. You know, this isn't so bad. It's kind of fun. This assignment simply requires that you ramble for twenty minutes. It's kind of quiet in here. I just realized that. My fingernails are really short. I wish they could be a little longer. a little more feminine. One day I wake up and they are on their way to getting long and the next day I wake up and I've either pulled on or bit them. Even though I am not really the social type, I have managed to make some friends. yea for me. this guy in front of me looks like he's all into his homework when I bet he's just e-mailing his chick back home. Even though I just used the word ""chick"" I am not sexist. In fact, I  hate that word. I'm not exactly into all this equal rights stuff. I think it is okay for men to play the macho, take charge role in society. I mean, women are, as an entirety , weaker. So what if we are the ones who play the nurturing half of the species?  We have our strong points and so do men. It balances out. Every once and a while you get a person who is stronger in a different and/or unnatural area, but that is fine with me too. There are a lot of computers in this room. While I typed that I had another thought but I can't type 2 things at once so you just missed out on something. of course it wasn't important so who really cares?  bop bop bop bop my brain stopped throwing out ideas just then. My friends are sitting to each side of me. I haven’t talked to them since I started this assignment so it feels weird. Oh, wait. I had to talk to one briefly about why this thing typed all the way down to what seemed infinity until it returned to the next line. She just told me to wait. Everyone says you gain fifteen pounds when you get to college. I hope that is not true because I already feel fat enough as it is. So, have you sat down for twenty minutes and tried this assignment?  How did it turn out for you?  This is a pretty big screen. Pretty big, indeed. I'm pretending to type fast. I hit keys and everyone probably thinks I'm on a role with what I am thinking, when in reality I am just pretending. Crazy, huh. Wouldn't it be weird if I just snapped and from here on out everything I thought was as random and crazy as this. this isn't a personality profile is it? You aren't going to call me in some time and discharge me from UT are you?  I guess this isn't what you had in mind for stream of consciousness (I don’t want to spell it takes too much brain power) but I hope its kind of what I was supposed to do. I am one of those students who is always scared of turning in assignments because they might be just plain wrong. I'm really tires of typing. I just read what I typed ""I’m really 'tires' of typing"" that's pretty stupid. at least I know I am not one of those people who thinks a bunch of bad words when I am freethinking. Or at least I don’t think about sex or anything. Well, I did talk about men and women and equal rights so I guess that kind of applies. When I play with the keyboard it sounds kind of like a horserace. Try it, it does. All you have to do is establish a rhythm. My fingers hurt still. I wish I was really fluent in another language. type, I don’t want to type. type I don’t want to type. believe it or not those words just took the form as a song in my head. I cheated. I just talked to my friends sitting next to me. I BROKE. again. I think I went a little over but this has been kind of fun.   ",low,high,low,low,high
"Right now, my dad just left and I am feeling homesick and sad. Even though by the time I left home I was so ready to leave, but now seeing him makes me feel really sad. It's not just that I feel sad but I feel guilty to. My dad is so awesome and when I lived at home I never really appreciated him. Sometimes I can be so incredibly selfish and self absorbed. I guess experiences like leaving home are good for us because they help open our eyes and let us see things that we wouldn't ordinarily. At home I was in my own little world which revolved around my school, friends, and family. Now being in Austin with out any of these comforts, I feel much more vulnerable and also naive. Living on the drag can open your eyes more than anything. My dad told me that just yesterday the bank underneath my building got robbed. That kind of stuff freaks me out because I go to that bank constantly and I just never expect anything like that to happen. I really don't understand why people do things like robbing a bank. I guess it's just hard for me to understand how people could feel like they have no other options than to just rob a bank. Although it's probably naive of me to say this, there are so many organizations and programs out there for people which just go so unutilized. I really enjoy working a places like those. I am still consider pledging the APO frat. The only problem is that if I do it's still going to cost me money, even though it's not as much as normal frats. I'm really not sure I can afford that. I spend money so fast up here. I probably need to get a job, but I really don't want to. I think it would be so overwhelming if I was to get a job. It would be a fun way to meet people though. And my managers said that they would be more than willing to get me a job at any of the Austin Macaroni Grill's if I wanted one. I really miss all of my friends from my job. next time I go home I am going to go up there and visit everybody. I am going to visit all of my friends also. I miss them all so much. Last night I called Mandy. It was so good to talk to her again. She is honestly the only person who really understands me. She understands all of this crap that I am going through with Charles. I can not believe that I have been here for 2 weeks and he hasn't called me once. I have no idea what the deal is with him, but if he doesn't want to se me any more then he needs to let me know. Well, time's up. ",low,low,low,low,low
"It is 12:53 on Tuesday and my roommate and I just finished eating lunch and  came down to the computer lab to work on our assignment. My computer in our  room is not hooked up to the Internet yet, so for the time being I have to come  down here. That's ok. The guy just came over because we forgot to give him our  IDs. Oops. Oh well. Anyway, I'm really sad lately. I miss all my friends from high school. Everyone I've met so far has been really nice and everything; I just miss how close we all were last year. I could go anywhere, to any school function, and see people that I knew and would feel comfortable with. Here, it's not that there are so many people - it's just that there are so many  people that I don't know. Every face that I pass on campus is another stranger. Actually, I have seen a few people that I know from other places. Earlier today I saw Brittany. But it's just not the same as walking down the hall and knowing every single person. I was so comfortable there. I don't know. I should  probably be writing on the other assignment topic, since I'm going off about  high school and college and what have you, but I'm kind of just blabbering so  whatever. I am ready to be comfortable with lots of people again. I miss my comfort zone that I had at Anderson and I want it back!!   Hey!  I just looked at my watch and it has already been ten minutes. I guess I  can't really say that it's been ten minutes, because of that guy that came over. It's probably been more like seven minutes. I don't like this keyboard. It's kind of hard to type on. This assignment is actually harder than I thought it  would be. I mean, it's not hard, because I'm not really writing on anything in particular, but it is kind of hard to think continuously for twenty minutes. I think it's crazy that so many Anderson people are in my psychology class. It  also freaks me out that Alex is in our class. Since you don't know about Alex, just let me say that he is the most intimidating person in the world. I think  underneath that tough guy Russian thing he has going for him he's really  probably a very nice person, but I don't know how easy it is for me to look past  the fact that he actually chased someone with an axe on the last day of school our junior year at City Park. So I wouldn't fail Alex if I were you. He might come to your office with his axe (do you spell it ""axe"" or ""ax""?  I don't know) or his machete or any of his other assortment of weapons that he totes around with him. I would really like to get to know him though - I think he would be an interesting person to get under his skin and see what he's really like. Not to mention the fact that it would be cool to have him be your friend in case someone was giving you trouble. I think that time is probably almost up, but I would kind of like to keep  writing. I think I will. The temperature in this room is perfectly comfortable. I don't know where that thought came from. I am scared about having to write papers. What if my professors don't like the way I write?  I've always loved to write, but I like writing creatively. I'm pretty bad at comparing and  contrasting and all my research papers are boring. I mean I got good grades on  them, but later I'd go back and read them and be like ""Hey did I actually write this?  Yuck. ""  I think I'm probably being hard on myself. I wonder how many  times I have used the word probably in this assignment so far. I bet a lot. I hate when people don't know that a lot is two words and not one. I wonder what Angie's deal is. She used to be so nice, but ever since Dis and  I rushed she has been so rude. That's her problem, I know. And it kind of  always justifies the fact that I didn't like her that much. I always had to  act like I did, and she was nice enough, but just something about her has  always rubbed me the wrong way. That's what I told Brian. Brian -- what to do about Brian?  I wish I knew I wish I could have some answer. I hate  leading  him on the way I did the other night, but that just seemed unavoidable. I know he needs me  and that's what I love about him. When I'm around him I feel  special and needed and important. But I just don't know if that is enough. ",high,low,high,high,low
"I guess I won't be looking forward to this weekend. Why? I won't be going home. At least I'll be able to get some work done if I stay here. It's hard to concentrate at home because there are so many distractions. All I know is that I have to focus on my  studies. This feels weird just babbling on. I don't even know where this is even heading. I feel like such a fool sitting here typing up things on this screen that don't even  make sense. I'm stuck. Okay, never mind, I'll think of something to say. At least  I should be happy that I was able to get access to this computer. Stuck again. It's amazing how  when I'm asked to say things, I usually don't know what to say. This feels weird. Maybe the next time  I do this, I should do it in a private place, so people won't be wondering what the heck I'm doing or constantly looking over at my screen to catch a glimpse of what it is I'm doing here. Who cares anyway. I can't believe have so much work to do when I get back. Forget about that for now. I'll deal with that later. I wish I wouldn't procrastinate sometimes. This assignment is so similar to the one that I had to do everyday in my high school sophomore English class. I couldn't believe all the things I had written. I think this guy sitting next to me is getting annoyed. He's making some sort of grunting sounds. Oh well, I guess he'll have to put up with it for  another ten minutes. I'm so nervous about tomorrow. Going out to join the tennis club. I haven't played in awhile. I hope  they have plenty of extra balls because they might be losing a few tomorrow. I need the exercise anyway. ",low,high,low,high,low
"I know so many people already, but I don't feel as that I have made that many close friends. I spent a lot of time deciding whether or not to join a fraternity, and ultimatley decided not to, and now I wonder if this was the right idea. I tried to think of both all the positive advantages and negative disadvantages of joining a frat, and came to the conclusion that it would be too time consuming. But now I see a lot of my peers invloved with Greek organizations, and they seem to be having a lot of fun. All of my room/suitemates are in frats, so they talk about it and go to their activites all the time. I do not know if I made the right decision, but there is nothing I can do now because the pledge period has already started. I will have to make the best of my situation, but I am confident and hoping that it will work out. I have some very close friends fromm my hometown of Fort Worth who are not in fraternities, so I plan on hanging out with them a lot this semseter. To find worthwhile activites, I plan on joining some student organizations and Jewish groups. I am excited about all the people here at UT, and sometimes feel intimdated about everything that is going on (especially since at my dorm, Univeristy Towers, a majority of the residents go Greek and they are always doing something). I am an optomistic person though, and I will do anythign and everything I can to have a successful and enjoyable year in school and in Austin. I am worried about a growing threat of religious fundamentalism in the world, and not only in the United States. This month, an Islamic ultranationalist group bombed two U. S. embassies in Africa. This same group has vowed to destroy the State of Israel, which is very scary to me and for all Jewish people throughout the world. Osama Bin-Laden, leader of the terrorist group, supports and financially funds Hamas, a Palestinian terror organization and Hezbollah, a Lebanese terrorist group as well, and has the support of many Muslims in the Middle East. He is very popular, and will do whatever it takes to achieve his goal- the immeidate ""Liberation of Palestine from Zionist aggression"" as he calls it, or ""total annihilation and massacrre of the free people in the secular, democratic, peace-loving State of Israel"" as I see it. He sees Israel as a hostile nation which should be removed from the world map. As all intelligent people know, Israel is a peace seeking country that respects the rights and liberites of all its inhabitants, regardless of religion. Bin-Laden has growing support of his movement from his radical fundamentalist supporters, and they are the ones responsible for commiting these terrorist acts throughout the world. For instance, this week he was probably behind a nail bomb which expoded in Tel Aviv, injuring and killing many. Also, Pakistani radicals this week announced plans to overthrow the secular government and instill a new parliament based on Islamic religious law. In poor Middle East countries, where starvation and poverty are extremely high, people having nothing positive to look forward to, so they turn to fundamentalsim. The same movement is happening right here in the United States. Some religious fundamentalist leaders, like Pat Robertson and Ralph Reed, are calling for mandatory school prayer and the inclusion of religion into public instituition. It is their intention to make the United States a Christian nation by passing legislation in favor of the religious right, which happens to be WRONG. The founders of our country included a seperation of church and state clause into the Constitution for a purpose, and that was to keep America a secular nation. The radical right wing is trying to change this very core of our country. Learning fundamentals might be good in athletics, but preaching religious fundamenalism is a dangerous threat to all of society. I commend freedom seeking nations like the United States and Israel for doing their part to combat this worldwide problem, which if not stopped will affect everyone in a very horrific manner. ",high,low,high,high,low
"I am running from something. From who I was and where I was. Maybe not running from. Maybe running to something. Everything I see changes. My life is one constant storm, one sunset. I don't spend enough time thinking about who I am. I am attracted to things that are not always the best for me. I think I can fix them. I like to visit my past. Sometimes it is nice to bask in something comfortable. I sit in your glow and warmth. I run to you thinking that you will wrap me in your arms offer me something stable. Something that makes me feel like I know something about my life. I was thinking today as I was walking on campus that you are the only one I would like to run up to and kiss. Then you come at me with your fists up and all I can do is shrivel and draw back. I loose the urge to hold you. for a minute. I wish I could shake you. I sometimes wish I could shake myself. Just get out of my own life for a minute so I would get a new perspective. Do you think I am wonderful? Do you wish that I would let you love me? When I was running today I pounded out all of my aggression and all that I was left with was tears. Do you ever have the feeling that anger is a mask for pain. I think I play that game a lot. Hide what I feel. Or maybe I don't ask. Don't look inside my heart. Too many challenges follow. I am happy though. Proud of myself for the distance that I have walked and that I take another step every day. I wish you would stop me sometimes. Grab my hand and beg me to say. Tell me from your own mouth what your life is like with out me. Admit to me that I am the light that causes you to have a shadow. You never admit things like that. Too much pride to loose I guess. I let you fill me. I made you my home. Then so much of what I thought we had and what I thought we were did not exist. Very confusing. And painful to tell you and me the truth. I wish I had something beautiful to say. I wish I was the rain that washed down over the whole world. Beautiful gray drops that just make you want to stay in your warm bed. They are comfort and beauty and a rare surprise. They can be gentle and subtle. Or they can fall with a vengeance drench you make you remember things you want to forget. Create a spectacle in the sky. Lightening strikes my heart. I wish I was the lightening that struck your heart. Then I remember that I am lucky. So many people never find what I have. The ability to love, be loved, lay beside someone. Hold them, think them, feel them. I am lucky to have found people that will hold me with out making me pay them back, love me without asking when I will notice. With those people in mind I decide to get out of the life I live with you. Focus on them. Devote time to them. Hold them in return for once. Decide who I am and quit letting you define me. I think I will be happier that way. I think maybe it is time to let my light shine. ",high,high,low,low,high
"     whats up im tearing awwaaayyy  my name is Hope i like fish, and stuff like that, sarah's music is loud so it is hard to write i think. . my room has lilo and stitch in it a lot, my doll is funny from that movie it is green, it's name is Rogelia i'm not really sure how to spell it. the suite mates across from us are very loud, they like to laugh a lot- it's not really laughing it's more like cackling and shouting at the same time. . This drowning pool song is a good song but the lead singer died the other day. I wish my hair didn't take so long to dry and straighten and everything it gets annoying and makes me mad sometimes  the phone is ringing in the room across the bathroom they're so loud    I like goldfish i'm glad i got them from the campus store. . Grace is yelling 'give me a break' and clapping they are so loud it took me awhile to learn they're names because they're both so loud and its hard to distinguish them- i forgot my apostrophe in that it's but now i guess i don't need it   I wonder what brittany is doing today- she doesnt spell her name like Britney so i always try to write it like Britney Spears. I haven't talked to her in awhile i really should call her more often but she lives so far. it's such a long walk. plus i should call Candi, but Candi doesnt call me so i don't know why i should    I don't know if she moved in with her boyfriend or if she lives at home, she invited me to hang out with her the other day and then her cell phone broke- i called Taylor's cell phone the other day  uh-oh Incubus  (not sure how to spell that)  and actually no i messaged taylor and it said it was his sister and he told me he had a new phone and gave his to her but i don't believe him. Taylor has cute hair, just because he's original with it. i miss the mall and visiting taylor at gadzooks before i went to work, i liked walking past there and seeing him, then seeing ashley and toni at electrocell, then going up the escalators to journeys and saying hi to russell and krystal and hollye   krystal owes me 50 dollars she has been so mean lately because she's so obsessed with her boyfriend   I don't think that a boyfriend should mean that much to somebody, they're just going to screw you over in the end, and you're going to need yoru friends to fall back on, unless of course you alienate them like shes done to all her friends. i miss kirkland's too, all my buds were there-it wasn't the same though without amber and brandye- i felt so bad for amber this weekend because robert didnt call her back- just another evident sign that boys are trouble    eddie is probably trouble i don't know why i like him   i can tell he's just another liar like Aaron-  aaron broke my wittle heart i can't believe i let myself trust him, it is kind of upsetting to think how much he upset me and i still kept calling him, i won't do that again,, sarah's playing limp bizkit; at junior prom ben reagan drove me and we listened to limp bizkit on the way to dustin's house i thought it was unromantic, i can't believe dustin's dating amanda- shes actually pretty nice i went to that foam party with her the other night and she was cool   however she did call me and her and jenifer asked me to go to the game with them but when i said i didnt want to they said 'but we need your extra ticket'   awww our lady peace they are so awesome i was so happy that Erin went withme to their concert even though she doesnt like them. i was kind of mad that she dragged us from the front near the stage to the back because she was hot    elimidate is onn!! i love that show, Cody was on it and won, i wonder why cody hasnt called me maybe he thinks he'll get in trouble because he's a teacher and i'm a student or maybe i'm just not good enough for him    I don't konw but i should go back and visit Ms. Brinson and tell her i'm thinking about switching my major to art or architecture. i don't know i think architecture would be more fun then architectural engineering thats hard to spell. . . i would like to design things i just think there's not a lot of money in architecture or especially in studio art, but my mom says there is    she was really cool about my losing my check card the other day    i was so upset about it especially when i thought i had lost my UT id thingy too  that woulda sucked then i couldn't have gotten food i think that i type too fast, all the freshman in my BCIS class last year used to stare at me and be like whoa she types fast   and i'd be like yeah thats because i'm cooler than you. scott was in my class and he knew amber but he always called her nicole. i'm sleepy its 11 pm i think i should be in bed considering i have class at 8 tomorrow   i hafta go because i have to turn in my homework,   jenifer hancock and me worked on our homework together today in the study lounge,  when she took the top off her bottle-o-water it made a funny noise and i remember getting mad for some odd reason. . i want to go home this weekend but i think my friend's are going to want me to go to some parties with them  however   i don't drink so i don't think it will be that fun. sarah is doing her homework online i like when it says 'correct' i'm glad that sarah thinks the neighbors are loud too, i guess at they're house screaming this late was acceptable   omg and that girl yesterday sitting outside OUR door on her phone, what was she thinking???? she knew we saw her and she was just being loud to be mean i guess and i just wanted to open the door and be like HEY i can hear your whole conversation and i am trying to study so couldyou be q-u-i-e-t please but she wouldnt have understood anyways. . if i were to go home i don't think james would want me there, it's not really my house anyway, i hope they're watering my plant because i love it! especially the little pot its so small and fat   there was a pot like that at kirklands that crystal always talked about how cute it was and amber thought that i said krystal was a size 13 but i meant the crystal at kirklands and it was really funny i thought it was sweet how they got me that cookie cake   i am so mad that my mom left all that stuff in the fridge, and my shelves and parakeet from kirklands on the floor of the apartment   whatever there prolly weren't even any fleas i mean she got her zelda books but she couldnt get my stuff???  she said i left some shoes there i hope i got all the cute ones   what else was there i don't remember oh yeah my sea monkeys they had gotten big, there used to be a buncha little ones and now theres just a few big ones i thought that was funny i'm going to hafta get some more because thos were pretty cute ",low,high,low,low,high
"My roommate just had a sandwich from subway, and the smell is killing me. It's one of my favorite things to eat. He gets somewhat annoying, though. Right now he is playing a video game, and he is got the volume turned way up. I don't mind so much; it's just hard to get my thoughts straight. I hate the way milk leaves a sour taste in your mouth. I always end up having to chew some gum or brush my teeth again, but it is so good. Everything I am saying sounds really stupid. I guess that's how the mind works though. I've never actually had to plot out my exact thoughts. Most of them just kind of run through my head, with the important ones being the only truly pondered thoughts. He (my roommate) keeps talking to his game. It's getting old. The game is cool though; a bit violent but very addictive. It even gets a little scary at night some of the time. Nights are so weird here. It always feels a lot later than it is, or not late enough. I always end up forgetting to call home and my girlfriend because by the time I remember it's too late to be calling the east coast. I don't know where my relationship with her is going. We've been dating for almost four years. Maybe I should tell my roommate that the talking gets annoying. Would that offend him though?  I don't know. I don't know about a lot of things. And I just realized that I just used the word don't know. ""  The internet lingo is getting out of hand. I used to be online almost all day long. He is still talking. At least I can look forward to the game this weekend. For once I won't mind the noise. It's kind of exciting. My first Texas game. I am so bored. I really need to meet people. Being from out-of-state definitely has its downside. Everyone seems to know everybody here and that doesn't help me very much. It seems a little awkward to walk up to someone and introduce myself, but that's what I have to do or I'll be spending a lot of time in my dorm room. That, my friend, was a run off sentence, but I'm much too lazy to correct it right now. Stayed up too late last night because I don't have any classes today. I should really finish my homework after this, but I am way too lazy for that. There it goes. My roommate made me lose where I was going with that last thought. I'm kind of thirsty right now, I should get a bottle of water. The Austin water is gross. I'm definitely not feeling the fact that there are no agents in the water to clean it. We've been buying water left and right. We should really get a Brita filter. This game really is addicting. I just lost all train of thought watching it for a matter of 30 seconds. I don't think that it's a good thing to do that. This whole writing is filled with vague pronoun references. My 11th grade english (is that supposed to be capitalized) would murder me if she knew I was writing like this, but I suppose it is okay as long as I don't get into the habit of writing this way. I am really slack. I'm only taking 13 hours this semester and I still don't do any homework. At least I am doing okay on my graded assignments. Oh well. This is college life and for once I'm not going to have my mom around to push me to study and do my work. The timer seems like it is moving a lot slower now than before. Just like when I'm running; it always takes so much longer for 20 minutes to pass when I'm on one the treadmill. Very dull, indeed. ",low,low,high,low,high
"I hope I can finish this assignment in time because I am really stressed right now. I have a lot of stuff to do. I have to go to eat dinner at the house in a little bit and then I have to do my calculus homework. I don’t have time to sleep or anything I have been having fun but I am so tired and I think I am getting sick. I am definitely stressed out. I have to get up to go to the bathroom. I wonder if I have met the girl that I am going to marry in the past three weeks. all of this is just so overwhelming . I am in terrible shape and my body hurts all the time. I am hungry and tired and dirty, but I know that I will be okay once I can get organized and get on top of things. I need to talk to my family ",low,high,low,low,high
"     I always pride myself on my ability to be creative but lately i feel restricted. I am spending more time absorbing everything around me than actually reflecting. I also feel lonelier than usual. I know this is normal, so I don't feel strange for the feelings. I am used to being surrounded by chaos and people  I know. All of a sudden, I'm in a school more than twice as big as my town and a dorm more than twice as big as my high school. I am deep down enjoying the experience. On the surface, I am just caught up in reorganizing everything. I am also still recovering from last year. I keep thinking that things will pick up and that I will meet people. I don't know if it is just a slower process than I expect or if I have high expectaions. All I know is that I love Austin as much as I miss New Mexico. I miss the scenery and the openess but now I get to enjoy a more vibrant and colorful scene. More than anything, I am excited to be around new music. I am listening to Grateful Dead right now- as I have for the last year. Right now, I feel that my scene suits the music more. I also am excited to be around live music. It has a better taste. I think I miss good New Mexican food (burritos) almost as much as I miss my old room. I miss being able to walk down the street without running into another person if I feel like it.  I miss my friends. I miss being able to have inside jokes and laugh without even talking. I think I have more potential for good friends because Austin appeals to a particular crowd including myself. In NM, I made friends with the peop[le that were available. In Austin I will make friend with people that I hve common interests with. That is why it takes more time. I am not used to the freedom that I have recently obtained. I want to experiment with the limits of my freedom, but I just haven't found good opportunies. I haven't done much since I've been here. I can't tell if I'm lazy, timid, or just in the process of figuring out my niche. Education is more interesting when it is by willpower. I like learning when I have the choice to go to class. I also get the idea the teachers in college enjoy teaching more. That may be a generalization. I'm a bit scared aobut tests. I don't know how to study yet. I actually was scared yesterday, but not today. I bought a   to-do   list yesterday and wrote down everything that I need to do. Even though I haven't checked off much, I feel so much more organized knowing that it's written down. I actually fell more compelled to check stuff off (that's why i'm writing this now). I hope I don't fall victim to my lack of self dicipline and poor study habits. I truly enjoy being disorganized and careless. I think it gives me more personality and a more colorful life. A reckless and wild life has its o elegant motion. More than anything, I think having careless adcventures (i. e. hitchiking home from a party) makes me more creative. All I want to do in life is to write. Well, I want to do more, but that's my main ambition and source of happiness. I think adventures inspire what I write just as much as education builds a foundation. All of my college experience will be relevant. I get excited writing about what I want, but I then look back at the time I've been here and feel a bit unaccomplished. My wrist keeps popping when I type, and it really hurts. I have to slow down. I should probably start working out again if typeing at my computer is strenuous. My roommate is cleaning our room right now. She is a bit cumpolsive, but I'm glad that it inspires me to stay organized. Well, I'm organized on the surface. My closet and drawers are a different story. I love how I decorated my room. I think interior design is next on the list to writing. I wish I could study it, but I don't think I could make it into the school of architecture ",high,low,high,low,high
"I called her to ask how to cook a  roast. I think it's funny how much I still depend on her - how much I still need her. I call her almost everyday. Sometimes just to hear her voice. It seems to comfort me and I don't really know why. Thank God she has a  1-800 number at her office, otherwise I would have to call collect and she probably wouldn't appreciate that. When I put the roast in the oven, I  started to think about all the meals she has ever cooked me. I wonder where she came up with all of her ideas. I only know how to cook three meals, and  they are not even that good. I wonder if my mom was born a good cook. She  probably was. That's what my dad says anyway. I kind of hope she wasn't  though, because then there might be hope for me. She told me that she taught herself. I hate when people say that. She had to have learned how somewhere. Maybe my grandmother taught her. She told me that she didn't, but she  probably did. My mom doesn't like my grandmother, so she probably doesn't  want to give her credit for anything. I guess I don't blame her. Now the  roast is starting to smell good. I love it when you come home and the whole place is filled with a mouth-watering aroma. Delicious! But it always smells the best when you're the one who is cooking. I wonder why that is. Maybe  it's because you-yourself created it. It's your own little personal accomplishment. I can't wait to taste my accomplishment. ",low,high,high,low,high
"I don't really think there is much of a purpose to this assignment. Granted, I realize its purpose but do not find it to be entirely essential to this course. I do realize, however, that this   experiment   is to be able to tap into the minds of students for a multitude of reasons. One, assuming the student submitted factual personal information (i. e. name and social security number), then certain concerned faculty members can tap into the minds of students they, a) don't like, or b) about which they are concerned. Of course, this can be helpful to understand a student better, or should that student be suicidal, intervene in a timely manner. Unfortunately, if these submissions are not read when they are first processed, then the suicide could take place without due intervention. Of course now, whoever is reading this is probably evaluating my deep psychological reasons for even mentioning suicide. I am sure that this is being analyzed as my subconcious admitting to facts that my cognizant mind would never release. This, however, is not true. While one must accept the fact the subconscious and conscious directly interact, rarely does one prevail over the other. Granted, we have absolute control of the conscious--or at least, more control than that of the subconscious. I am sure, that by now, for a 17 year old college student, I have begun to come across as some sort of pyschological analyst who has put entirely too much thought into this essay and that, for the most part, this is a typical essay and those who submit similar writings are merely trying to impress the reader with their psychological knowledge prior to and INTRODUCTORY course. This is rediculous. As an instructor, s/he probably does not care how much one particular student knows or what their analytical take on this assignment is. And thus, I shall switch from this entirely too practical frame of mind to a more entertaining frame of mind. Why don't we (yes,   we.  As in, the poker players inside my head. Actually, I'm not a fan of poker, so we'll say that we're playing four-man Chickenfoot (dominoes). Please note that the use of   four-man   was not a sexual comment, but the use of   man   was simply to imply that there are four /participants/ in the game of Chickenfoot in my mind. As long as we're discussing dominoes, how about a little trivial information?  Afterall, one does not know when s/he will appear on a radio quiz or a game show. The dots of dominoes and die are known as   pips.   You may recognize   pips   from the rock-n-roll band   blah-blah-blah and the Pips.   This, obviously, as my age has already been discussed, was before my time, and thus, I cannot recall the name of the lead singer, but merely   the Pips. ) discuss my roommate. What to say about Patrick?  Well, I should not attempt to sum him up in words because it would do him no justice. Not that he deserves justice for his unsanitary, habitually lazy style of living, but he is human and our Declaration (let us be patriotic on Sept. 11th) so demands that every   man   (please revert to prior parenthetical insertion upon the proper intent of the usage of   man  ) be allowed the same just (the root of   justice) opportunities. Patrick has found that his calling to life is to frighten or shock people by the way he dresses. I assume that this is a phase, though its onset was around three years ago. He likes to present himself as a very demonic, Gothic rocker. Upon conversing with his girlfriend (aside from her abhorance of this behavior) he does it merely to get a reaction from people. His sole intentions are to be noticed. In fact, that later branches into his very strong desire to be famous some day in life. According to Erin, his girlfriend, he won't make it because he doesn't have the personality. She said he's too submissive. I can completely agree with this as he has wrapped himself (by his own will, mind you) around Erin's stubby little finger. Inside of him, somewhere, he has the need to feel wanted and maybe to a degree where he needs to feel submissive. Who knows?  Let's not talk about Patrick. We're going by fives. 2+3+5+10 = 20 points. I'm kicking butt. Reverting back (as I like to keep my segways under control) to the comment of   let us be patriotic on Sept. 11th,   when will this day be commemorated as a national holiday?  Do not you think it will be soon?  Afterall, if we have D-Day (whenever it falls) why shouldn't we have a day to observe the day when international terrorism (or so we assume it was) attacked America?  It will happen--soon. This is my prediction. I don't think that the day should be so sad. Afterall, people die every day. We don't celebrate all of their lives. Granted, this is on a broader spectrum and affects the patriotism of this nation, but there is no need to mourn eternally. Ahh. Bah. My 20 minutes is up. More on this later. rux at mail. utexas. edu for more thoughts and opinions. ",high,low,low,high,high
"     Well, I have to do this weird assignment for psychology. I think its neat, but kind of weird. that spoon full peanut butter was really good. I'm going to have to have some more later. the atkins diet is a bitch . even though you can eat all the protein you want. I still crave the bun on my buger. I was so upset this morning for leaving my cell phone in my dorm room. god, I felt like such an idiot. then I went crazy looking for my  roommate Sam cause we are supposed to meet at jester for lunch and I Couldn't find her and I don't have her number memorized. I don't know. I felt stupid. I feel so fat. !!!! even though I'm not overweight at all I just feel fat . I have this obsession with looking in the mirror all the time. I thinks obsessive compulsive or something. I feel like I always have to look my best or that part of my hair is out of place. I guess I always feel like I have to impress everyone. shut up Sam, god she makes the most annoying sounds I've ever heard. anyway. yeah I just always feel fat. I think I way around 123 and I'm 5""1. I just want be a little bit thinner maybe 5 or 7 pounds lighter. well, I'm trying to loose weight cause my friends from back home are coming to visit me in a couple of weeks for austin city limits, and I feel like I got to loose a few. they are awesome, but its kind of weird actually because they were my coaches in high school and we've just grown to be the best of friends. I'm only 18, and its weird cause one of them is 42 and the other is 30. I'm so excited cause I miss them a lot. I think its pretty cool that my coaches would drive 6 hours to come and visit. when I went down a couple of weeks ago back home, they took me out to South padre island and we all got wasted. I like it cause I can trust them and more importantly they can trust me. I have a little head ache right now. I wonder if it was the peanut butter. I hope not. I'm really thirsty. all I've been drinking is water cause of that diet. I just started it yesterday and I probably won't see any results till maybe in a few more days. I miss isaiah. I love him so much, but he's about 6 hours away and a senior in high school. I love him but the last time I went down I didn't feel the same love for him like I used to. maybe I'm just in love  with the image of him. I guess that can happen. I've been really confused lately about a lot of things especially what kind of person I am. I wanted to come to UT because it was so liberal and they actually encouraged you to be different here and no one even judges you. well, I still don't know who I am. I know that I'm sweet, kind, and talented, but there's also the me who lies to people to benefit me and bend the truth so that I don't get into trouble. maybe everyone does that. I guess I'll never know. I 'm really glad that I have a good roommate. we are exactly alike and we get along really well. I just miss everyone from back home , but I know when pam and kristy come to visit me I'll feel a lot better cause we are all going to see sheryl crow and I m so in love with her music. I recently went to  a sarah mclachlan concert on july 23 this summer. now that was probably the best experience of my life. it was awesome. their friend niguel is also coming in from nacadoches, I think that's how you spell it. I 'm really excited to meet her cause she's hilarious. I spoke to her on the phone the other night for about an hour and she is hilarious and I haven't met her in person yet, but I'm looking foward to it cause she  said she likes having a good time and I'm pretty sure we are all going to have a great time together. I CAN'T WAIt!!!!1. I'm tired now. I haven't gotten any sleep since I'v been here, wow the times almost running out,,  ",low,high,low,low,high
"I've never sat here like this before and jotted down my thoughts. Despite them being my thoughts, I don't think much about them. Every time I hear my roommate, Charles, play the saxophone, I think of my brother Marlon back at home. (I thought of this because he is practicing on it now. )  School. This year I'm trying to make straight A's because I crashed and burned my 1st two semesters. Some say it wasn't really a crash and burn. I received a 2. 4 G. P. A. It's definitely not what I was aiming at. I don't know what's wrong though. I set aside a lot of time to study, but I could just never pull through on tests. Some people suggested I have ADD. I always think about whether or not I have ADD. I've usually dismiss the possibility that I do, because that might be just the easy"" way out. What if it's not ADD?  Just me having bad study habits. I don't know. I always worry about school. 'm going to see a counselor about it. Crew. I can't wait 'till tomorrow morning. We have another practice with Texas Rowing Crew bright and early in the morning. 5:30 practice that is. I found seven people that are trying out for crew too that are living in my apartment complex. In one building over no less. Heather just left. I just got back from dropping her off. Heather's my girlfriend of 2 yrs going on 3. She plays goaltender on the St. Edwards girls soccer team and is having a tournament in Oklahoma for the weekend, getting back late Sunday night. Charles stopped, and is now watching television in the living room. I think that is one reason I can hardly get any studying done in this apartment. There are too many distractions. Plus my bed is so comfortable. Having to wake up so early sort of makes me tired. I learned today that people with a regular sleep cycle tend to have better concentrations than do people with a sporadic sleep cycle. That's what I have. On Monday, Wednesday, and Friday, I wake up at 4:30 and on Tuesday, Thursday, Saturday, and Sunday, I wake up at 7:30. I never gave much attention to my sleeping habits, but now I'm taking a study strategies course that is hopefully going to help me make better grades. I want to make straight A's this semester because in doing so, it will raise my G. P. A. to a 2. 7. Still no where near where I want to be, but its a start in the right direction. 10 more minutes. Speaking of sleepiness, I am feeling very, very sleepy right now. My eyes are getting heavy and my head is tilting. But I'm fighting it because I am in the middle of an assignment. I just looked at Professor Pennebaker's old tests and I do not remember going over some of those things in the book or in lecture. I hope that there was a different curriculum last year. Psychology is the only class I'm all too worried about. I feel like I have no control in this class. I feel like this class overburdens me. I'm used to reading material and having the professor reiterate what I had just learned. I guess that's something about college everybody has to learn. I just don't want to learn it the hard way. So I'm starting to form a study group. I really think these will help a lot. Although I hope the other people in the group are not thinking I'm using them for their notes. I'm not a good note taker, and I'll probably want to copy them from them. I also formed more study groups in each of my 4 classes. I'm a 12 hour student. That's another thing that gets me all depressed. I feel I might have clinical depression. It's something I'm checking out with a counselor next thursday. Four more minutes. I'm getting even more and more tired than ever. I will definitely nap after this writing assignment. My glasses are bothering me and my throat is so dry. My brain is going on hold for a second as I take a swig of water. Ok. I bought one of those Nalgene water bottles. What's the deal with those anyway?  They make them so expensive, and I see everybody has one. So, naturally, I had to get one for myself. Two more minutes. I am counting down this assignment to be over because I'm just that tired. I am assuming their will be some sort of punishment to press the finish button early, so I stop myself from doing that. Wow, 50 seconds. I am very ready to take a nap. 30 seconds. Almost there. Man, I'm going to have to get Charles to shut that TV up when I  ",low,low,high,high,low
"I've been here for about three weeks now and its starting to feel a little more like home. I was really scared when I first left, and I questioned myself if I was really ready for this big of a step. Once I got here there was no turning back. I would feel like a failure if I had worked my way to this point and then chickened out. Being away taught me a little about love too. I always knew I loved my parents but that was mainly because it was pretty much understood. Now that we are separated  I know how much they really mean to me. It almost feels like I have lost them and I am thinking about all those things I wish I had said then. I guess that is a good aspect about college because it teaches you to appreciate the things you don't have anymore. Overall I really like it here. I like being responsible for myself and it almost feels like Austin is my home and not my family's. They will have to come to my city to visit me. I really miss my girlfriend Mandi. She is at A&M but she hates it there. She came to visit me here and fell in love with Austin. she is now planning to transfer here as soon as possible. That makes the future look very bright to me. She was the one person who was always there for me in the past year. I really think she is my guardian angel. She came into my life at a point where I was about to be headed downhill. I helped her in a lot of ways too. I am glad that she doesn't like it at A&M but I would rather her be happy than anything. She has called me countless times this semester balling. It frustrates me because there is nothing I can do for her. I just can't wait until we are back together here in Austin. That will be paradise. I can see myself living here for the rest of my life. It has a little bit of everything. If you want beauty, head for the hills,  if you want history, head for the Capitol, and Guadalupe is Texas' little piece of California. I am going back home to Tyler in two weeks. I don't think the town will seem the same. It already seems like the place that I spent my childhood but could never go back to and live. I guess it seems that way because I already know I am staying here for the summers in order to take some summer classes. My parents treat me like an adult now. I had one of the best conversations yet with my dad the first week of school when I was having a hard time. He really treated me like a man and that meant a lot to me. When I go back I plan to really show more respect than I used to. I'm starting to realize that my parents are not going to be around forever. I want to make them proud. ",low,high,low,high,high
"clicking of the keyboards, a bunch of freshman psy 301 students. pennebaker glasses. the computer man has a dark and conservative sense of humor?  who cares. people smelling the library books. Korean couples. It is twice that I said today about two different people that I hardly know these people, but I really miss them. The computer proctor's laugh is the same as always, like an unusual yet common icon that. keyboards. I feel like a small ant in a row of computers. the library hums. shelves of books to hide in. humid outside. my roommate and Luke. she's happy?  She really misses her friends. he laughed again. he has a strange sense of humor. low voice. I have no structure or purpose to my thoughts because I came to the computer with no purpose but catching the breathing patterns of my thoughts. backpack, lunch box. zipper. cough. school supplies. the table is smooth and shiny, like in all typical libraries. Shara was here last time. Ashley Odem at the tower. Aren't they categorizing me?  it doesn't seem so. there must be some kind of positive--computer beep, boring monochromatic computer games, 10pm at a church person's house, old kids that are nice and well-rounded. Jan reminds me of a deer. her boyfriend is spazmatic, if that is a word. talking. abelardo ireguas. esther has this distinct smell--like her house--not necessarily bad. short guy's hoarse voice. phobia. short ""dancing-man's weird son"". carrot, pickles?  what does he remind me of?  screen doors?  who cares. she is always tired and kind of moody, and I really really hope it is not contagious. woman wearing yellow and short hair. science. Mrs. Smith. biology lab. Mrs. pitts is colorful. she laughs at the right times. she has a bunny nose. computer, two guys who know my parents. I must stop smoking, I can't stop. I made it worse!  Why did I say that to what's his face, back in Arlington?  He may think I'm a moron. He's a moron. no, it's okay. finger stuck in elevator. shara has a helpless look on her face. the Blacklock twins, facial hair, boring people, volleyball. Hospital air. mommy--So fragile. organization of shelves. computer grunts when it thinks. keyboard. I don't feel like writing long and comprehensive sentences because I have nicotine in my system. computer beep, boring monochromatic computer games. I don't explore on computers, I can't. perfectionist. I will get rid of that!  it's a waste of time. BALANCE. church on Fri and Sun, will I blend and belittle the past?  yes?  yes. Structure. plastic mug, sunny and old porch. Submit, in a nice. I'm irritated. okay, she looked away. I’m still irritated. I hate it when I’m irritated!  my mom irritates me, some peoples heads irritate the life out of me, if they act like my mom. computer, worthless projects. I’m irritated. I’m irritated, like only being pierced by a fire would alleviate it. I sometimes hate it when I lose control, but it is sometimes fun. paranoia. lose track of time and dimension that all people share and get into my own mode, like falling off into space, and then I get paranoid when people have a blank stare, or silence. whatever. no, not whatever. I must stop thinking in wasteful cycles!  I--there's that laugh again. I think he's funny. I just know I’ll run into him again!  I just know it. some foreign setting (in the United States). me happy and self-conscious. that laugh again!  it's sunny outside, and gross picnic food, trees, breeze. backpack, voice, tall guy, it's already been twenty minutes, but I can't stop. I wish I could do both assignments today!  I don't understand why I can't. Peeping shelves. harmony. trendy crap. woman laugh like mid-thirties with a freckled tan and sunglasses and I gotta go be a semi-perfectionist. I had fun. key ",low,high,high,low,high
"I have so much to do. I need to go get ready for track, but I would really  like to sit down and relax. perhaps go outside and sit by the pool and  catch some rays. I c9ompletly failed my music quiz. I wish I could have  prepared better. I  have been running around and it would feel so nice to just sit down and relax. What am I writing about. This seems so odd to  'sit here and write what I am thinking. I feel like  I should be trying to  keep my typing neat. and worry about spelling/grammar. Oh well. I am very sore. I wish that I didn't work out so hard because now I'm  paying for it. I really need to go read my kinesiology work. I wonder if  the person who reads this what she thinks, She must get so many strange responses. I hope this goes through the email system in time. I have  random thoughts. I guess everyone's thoughts are random. I wonder How Catherine is doing. I really need to call her but I don't have the m money for this month to spend on more long distance calls. It's so weird being away from dad and mom. I almost miss the nagging, but I guess  Kelly's taking their place. She really mad me mad last night. I wish she would be more considerate when getting dressed in the morning and ready for bed at night. The boyfriend thing is getting out of hand. Why doe's so someone want to go around and tell people that her boyfriend is psychotic? I hope Lauren's roommate mobes out so that I can talk about mobing in with Lauren at the end of the semester, but I feel bad leaving Kelly, but if she is going to be this much of a perfectionist and somewhat inconsiderate I have to look out for myself. I hope John is doing well with his Steave  situation. I know that I could help him out, but I don't want to be the know it all little sister. John is so sweet and I don’t' want Steve to  push him around. I think I've been writhing for a long time yep, it's been 20 min. bye. ",high,low,low,high,low
"     I was a little nervous about writing for this assignment because I've never really done anything like this. So i decided to put it off until the last minute. It is now twelve twenty-three on the night before its due. Im really beginning to get nervous about the whole college experience. So far I havent really met any new people that I would actually fraternize with on a regular basis. I think the main reason for this is that so many of my friends from high school are attending UT. It is a lot easier to just hang out with them all the time than to bother with the trouble of making new friends. Although I know in the long run this will not accomplish one of my goals in coming to college, which is to make new diverse and long lasting friendships. I don't know I guess will just have to see how things turn out. One thing that I am really happy about is the fact that my girlfriend also goes to college here. In fact she is a mere stones throw away in LLD. She means alot to me and during this time of insecurity it makes things a little easier. I mentioned LLD well that is a girls dorm, near LLB which is my dorm Whitis court that I now call home. Whitis is a nice little community although I don't much enjoy some of the company here. The rooms are nice and very spacious unlike in Jester. However its still kind of hard to think of this room as my own. It seems like a room in a hospital or some mental institution, with its industrial white painted walls and linoleum floor. I guess its just one more thing Ill have to get used to. Not only is the new college experience making me uncomfortable right now. I am also planning on joining the Marine Corps and going to the PLC course this summer. It is a big step  in my life and im a little unsure about it right now. My father was a marine and his father was in the army and I feel somewhat obligated to serve my country. One thing that I would like to accomplish in my life is making my father proud and i think that is perhaps one thing that could. Me and my father didnt have the greatest relationship this past summer before i went off to college. It seemed like he was pushing me away and out of the family. I know he loves me but i guess thats just the fathers way of letting go. Hopefully this time apart will do our relationship well. He came into town for a job interview the other day but i didnt get to see him, it was a little upsetting. I really do love and care for my family but I believe they think much to the contrary. I guess I don't show it very well, or give them much common courtesy. This short time away from home has made me realize how much they do for me and how much I miss them. ",low,low,low,low,high
"tomorrow we're going to see carrie, i'm really excited, i think but then there's also being anxious about it. i know i should be happy and in many ways i am, it's just weird. because i mean things with lisa have been on the weird side lately adn i don't think it's going to get any easier. maybe it's only this period of transition. i'm glad that lisa's comign out of her shell, i guess i'm still not wanting to. but then thea'ts not really something i like doing. typing on the keyboards makes little to no sense. at least with eva's keyboard, it's letters are separated, i wonder how she writes like that. i hate my dingy old omsputer though its so crappy i wish i could get s\a new one, but theen it'd be bad wasting it on some money. i wonder who that professors in waking life was. matthew said he teaches at UT but i guess it'd be hard to find him. there are al million billion people on campus. which has been weird cause i've been seeing people that i didn't really think i'd see again. i don't quite know what to do about that. i wish that john and i were better friends so we could hang out somewhere away from here and everything in my life wouldn't be so complicated and connected for once. i wonder what he thingsk of me, i hope i'm not imposing too much, i gues its been a while since there has been someone that's really interested me and i wish i could make him be interestedd in me too. i think its that need for love that we all have that makes me get this way. i guess i'd feel much better if i had someone that could hold my hand and listen to everything. i wish on some level i could be taht way with matthew, but when i'm with him, its so much more different. oh god. i'm only been writing for 6 minutes? what am i supposeed to write about. i wonder if this will give me writer  s cramps. that carpal tunnel ? syndrome. i doubt it. but i don't know this is probly the most work i've had to do for a class so far. that and going to cnetral market, which wasn't too bad. i don't see all the glamour of central market yet, but who knows maybe it's there. i'm glad that i know some people in my classes, at least in my art related classes. theatre and psychology are other things. i wnat to be able to go up and talk to someone, but its so freaking intimidating. i think i'll make it a point next time to come early so i can get a good seat. i just wish i wasn't so tired all the time so i could really enjoy those classes. i thought i'd be spending alot more time being intellectually stimulated than i have been since classes startedd. maybe it just takes aw hile. i dunno, i still miss some aspects of high school. god, that sounds lame. and i know it is on most levels, i just miss how easy it was. but maybe not. the latter part of high school was hell. especially senior year. and really before senior year. i can't believe i still think about him sometimes. i must be liek the biggest loser in the world. i wonder if its because of him that i'm still get malfunctioney sometimes. but most days, i know for sure that's not true. maybe i just need someone or something to constantly be thinking about. like i need some drama in my life so i create it for myself by bringing up something that really bothered me even though its way in the past. i can't spend all this time and energy trying to analyze myself. it gets exhausting. i just should forget about it sometimes and just have funn. but then that gets you to be too so-called   shallor  . . that's really lame. i should just not be this way. i don't know. its not like i really think this way all the time. maybe i do but i guess it just seems different when actually writing out ideas as they come. i guess thats what i did with paper journal. thought i've become too lazy to keep up with one. i wonder how anna is doing. i'm glad she keeps in touch with carrie at least. in my aspect i totally understand why she wouldn't make too great of an effort to talk to me. god, i'm such an ass sometimes. hmm. . maybe i should eat ramen. it was so good today. but i dunno, that would mean i got to go work out or something and i know i'll regret it later. i'm tired of worrying about weight but then the flabbiness is not good to look at. i wonder how really obese peopel can live. i mean, not to be rude, but i feel really bad for them. if i were in their position and had trouble with just like moving around and stuff i might just die. aimee is going to sleep and this static crap is annoying the shit oputta me. i guess that's that whole buyy cheap. less quality thing. god but now its' like louder than ever. there headphones off muuuuuch better. my computer is so stupid. makes too much noise. i want to meet john someday. i hope he writes back soon. i guess i was kind of a big jerk for waiting so long to write to hiom. gosh, i hate that. it could have been fixed and we could be writing each other back and forth like we used to. . but noo. . i'm a big freaking idiot. ahh maybe i shouldn't try so hard. he's different than most guuys i know, i think. and i dunno, i really would like to see him one day. at least as friends, even though that might be kind of big and scary. maybe we'll just keep corresponding through email. that would be enough to keep me happy. i think. it's just weird giving so much of yourself so honestly and candidly and without prided or shame to someone you have never seen in real life. though, la ",low,high,high,low,high
"In fact I always think about her whenever I have a spare moment. She is in my every thought. She is so far away from me, yet in my heart she is so close. I read some poetry tonight, Love Sonnets, and all I could think about was her. She is so beautiful. I long for the next time I can see her. It seems like only yesterday we met for the first time. I talk about her constantly to all my friends to the point, where they are either sick of hearing about her, or know her almost as well as I do. I know it's not the best thing to go through, but I am seem to be sad all the time. Not literally, or maybe literally, but it is hard to explain. I love her more then life itself, but I ""hate"" her for leaving me. Not really hate, but I don't know how to explain it, but more like I guess a little dislike. Nothing I can't handle, I just wish she was here with me. It doesn't seem fair. I see all of my friend's with their significant others, and they are next to each other always. Sharing all the ""special"" moments in their lives, but I have to wait at least a week, before I can call her. The bill is too expensive otherwise. I beg her to come back, knowing full and well, that she can't do that, but it seems to help but sometimes hurt at the same time. She is so special to me, and I can wait forever for her. Most people think that is absurd, but she is my everything. Being sad a lot I know is to a degree not healthy, but what can I do. The moment she walked down the corridor in the airport, I heart stopped smiling. Since that gloomy day in June, a part of me has been gone. Although I smile on the outside, on the inside I am sad. The day her sweet embrace takes me in, only then can I smile. That day is not too far away, and I long for it. I guess this is the best part of being sad, because I feel better thinking about the future, the only thing is that it is a type of perpetual loop. As soon as I think about the future and being with her, I get sad again thinking that I have to wait another few months. Then I think about all the times that I will be ""alone"" without her. As much as my friends are great, I have none really. She is my one and only TRUE friend. I have some friends, I. e. my roommate, and a several other people that genuinely care, but most of them don't. I have pretty much stopped ""trying"" to be there as much as I have in the past. I feel that I am only a friend in the convenience of someone else. I feel that they only come to talk to me when they need something, or when something is wrong for them. I used to try so much, but in the past month's I have stopped trying. That may not be the answer, but it is something that I have come to. I tell all my friends that if they do need me, then I will be there for them. I called to see how my friends were. I paged them telling the just a simple ""hello"". Calling them randomly just to check if everything was cool. And that favor was never really returned. So, now I don't care as much. I am still there if someone needs me. I could NEVER abandon a friend. I care too much about people for that. All of this leads me back to my girlfriend. She is the one person that ALWAYS cares about how I am feeling. She always knows when something is wrong or bothering me. She always wants to take care of me and love me. And for that I return the feelings back 10x over. I love her and I don't want anything ever to happen to her, so I check with her as much as I can. She is some kind of special and I can't let her go. She is too good to me. It's moments like these where I get to feel better about my situation, because I know everything will be fine in the ""end"", but at this moment in my life, I am not so much worried about the ""end"" as the now. Maybe worried isn't the best word. I just wish she was here to spend time with me. So we could eat dinner together, go see a movie together, to study together, to love together. All the couple things and all the friend things. It just seems unfair, and then there are points like now, where I miss her like crazy and I think I am going to go nuts without her. I know I can be strong and I can surpass this and the end will be that much sweeter. So with that in mind, I can end this ""journal"" entry on a good note and feel good about everything. ",high,low,high,high,high
"For the past couple of weeks, I have been wondering about one question: Why am I here? As I go from class to class I look around at all the other students just like me standing around like they are waiting for something. What are they waiting for? Should I be waiting for something? A lot of changes have happened to me in the past 3 weeks. As these changes take place, I wonder, ""I guess this is what everyone is supposed to do. Everyone gets caught up in doing what is expected from everyone else. If I were to ask someone as I walk by, ""Why are you here at UT?"" an overwhelming majority would probably reply by saying, ""I don't know"" or ""That's a good question. "" So with that said, I ask myself, ""Why am I here?"" I guess the reason for everyone to go to college is to make a higher salary than someone who doesn't go. If that is true then why is it that some of the richest people in the world did not go to college? Michael Dell is a prime example. He is not your everyday college dropout. He is making more money than probably 97 percent of college graduates. So is college a way of evening everyone out? Someone could have had big dreams of starting their own business and carrying out the American Dream; whereas someone else could be forced to go to college by their parents, end up graduating in the middle of the class, but still hold the same kind of job as the person who wanted the American Dream, but got it spoiled by being ""brainwashed"" in college. So what exactly does ""brainwashed"" mean? Everywhere I have been in college, there are professors talking about, ""When you graduate, you can get a job at a big important firm and then you'll be set for life. "" NONSENSE. I don't want to work for someone. Nevertheless, everyone starts to agree with these statements and go to a business, get an ok  paying job, settle with where they are, and never look back to see where they took the wrong turn. I don't want to have to ""use"" my degree when I ""get a job. "" I want to hire other people to use their degree. On second thought, I'm glad professors tell college students to find a job with a big company when they graduate. That big company is going to be me. ",high,low,high,high,low
"     I really don't know what I am thinking at this moment. I am in a state of emotional turmoil at the moment. I can't believe they cancelled Farscape. I see no logical reason why that was necessary. I mean, the show had decent ratings and Scifi had already agreed to pick it up for another season. It has to be something that doesn't concern the show. If I were paranoid I would say it was a big government conspiracy to see how people react to great emotional turmoil. I can't believe this is happening. There is no reason for it. It can't be financial difficulties. Farscape is the highest rated series on the Scifi Channel. This is completely unbelievable. This is a major flaw on  their part. They cannot possibly be sane or sober. Maybe all of the executives are are currrently in the process of overdosing on crack, coccaine, heroine, and ecstasy. They have to be mad. There is no other logical explanation for this. It is freaking stupid. Complete idiocy. This only further proves that the Scifi Channel and USA Networks is truly run by a bunch of apes who have no grasp on reality. This sucks. They might need to be tortured to see the error of their ways. all of them. I wonder if the police are goign to get a  hold of me for writting some of this. oh well, at thist point i really couldn't care. i really have  no idea why i decided tto write this now, i guess i j ust needed a distraction from my own thoughts on this tragedy, at least a tragedy in my mind. Damn, this is so fucking stupid that they are doing  this. This really sucks because i just realized that the time counter thing on this paage that keeps track of how long i have been writing is not working. So i have no idea how long i have been writing. I am quite aggitated now, i have to write for an even longer period of time  to make sure that i write at least the required 20 minutes. i hope a new network decides to pick up Farscape. I really hope so. It really sucks taht it is being canceled after its current season. This is totally screwed up. THERE  IS NO LOGICAL EXPLANATION. Every CEO and executive HAS to be high on something to come  to this decision.  I wonder how long i have been writing?  I guess i t started a t about 1:44. Taht is only a guess though, i reallly have no clue when I started this. I hate not having controll over a situation. I hate that there is not a whole  lot  i can do to reverse the fate of Farscape. I hate that i don't know how long i have been writing this thisn. My leg hurts. I hope all the letters i sent to all of  the higher brain function deficient Scifi and USA Network execs can see the error of their ways and NOT cancel a great show. I would like to boycott the channel but i also watch another series on it. DAMN ME FOR LIKING STARGATE: SG-1!!!  I wish i didn't like taht other sereies so  i could wholeheardedly boycott the sons of trelks.  My sister hates math, she jsut asked me a math question. I don't like teaching people things, i get easily frustrated when i know something and have explain to others.  If the Scifi Channel was STUPID enought to cancel thier highest rated show then  no  other program is safe, the will probably cancel Stargate nec (the assholes) and then i would REALLY have a reason  to boycott. i wonder how long i have been writing this?  Alll of the Scifi execs and USA Network boneheads should be tortured for thieir stupidity in this matter. I would like to be a major contributor in their pain at this moment. Those bastards. how can they do this to me?  how can they do this to my sister?  This blows goats. Damn them. I wonder what it  would be like for them to scream in uninhibited pain and angiush, does this make me a bad person?  I don't think so, not at the moment. They deserve whatever the get. My sister would tie them down for me so i could get to the torturing without fear of them escaping. I think  that time has run  out. I don't know   if it has. The damn counter is all screwed up. If i submit this and i don't get credit because i didn't write for a long enough period of time, i will be pissed. It's not my fault that this damn time thing isn't working. I wish they would reevaluate their decision to cancel. i hope this has beeen and adequate amoutn of time. Well Hell, I'm getting more angry writing about how wronged i have been, like everyone else that they are canceling what is possibly the greates show on the air. ",low,high,low,high,low
"My thoughts, sensations, and emotions are always changing with each new experience, idea, and whatever happens throughout my life. They are affected sometimes by what other people think and sometimes affected from just maturing and thinking differently. Right now I feel like I am in control of myself because I am doing well in school academically, socially, and mentally. School work is very important to me and I make sure that I do well. I don't go overboard like a lot of my friends who study hours every day. Socially, I have adapted very well in meeting new friends. Mentally, I am in control and focused on what is going on in my life. There were some problems that have caused some stress in my life since college started. First, me and my roommate got in some petty arguments, but now we are getting along just fine. Also, I had some guy problems. I regretted doing some things I knew I shouldn't have done, but now we worked things out and or friendship is even better than before. I know that I haven't been eating right and sleeping enough, which is causing some changes in my body that cause me to be more tired and weak. I always go to sleep way too late and wake up early for my classes. Last night a friend called at two in the morning and I talked to him for hours even though I should have y eight-o-clock class. I am in a very good mood today because everything seems to be working out for me. I'm usually a nice pleasant person until I am faced with a lot of stress or go through PMS. Then I get in a really bad mood. My friends know when to stay away from me. The only thing really troubling me right now is all the reading I have to do for my classes. the assignments they give us are no problem, but the reading is crazy. They bombard us with reading assignments that  really aren't necessary. My art class, for instance, requires for the present moment for me to read from pages 13 to 200-something. I really don't want to read about all these statues and paintings and sculptures from different eras. Anyway, I miss my family, but I'm not homesick at all. How can I be when my parents call ALL the time?  I know they care for me, but it's really not necessary for them to want to visit every weekend, which I won't allow them to do. That sounds mean, but they're going to have to get used to it. I do miss the free laundry and the home-cooked meals and my own room and my nice bathroom, but oh well.                     ",low,high,low,low,low
"     My roommate is throwing gummy bears at me. My favorite flavor is the pineapple ones. My roommate is rambling. Pineapples make me think of he beach. The Bahamas. White sand, clear water. I am thirsty. I don't drink enough water during the day. I hear slaming doors, faint radio tunes threw the walls. My window is huge and the view is of a tree. I hear water flowing. My feet are cold. They are always cold. The enter key keeps getting stuck on the keyboard. I need to grease it I guess. I hate greasy fried foods. Dinner tonight was not to great in Kinsolving. I hear a cell phone ringing. I wish I had more minutes on my cell phone. I see the room phone ringing now. The door just opened. Tulips are my favorite flower. They only grow during certain seasons. I with I had tulips. They don't last as long as roses or carnations. Chi O's flower is a carnation. Carnations are funeral flowers. Why does it always rain at funerals. I haven't been to a funeral in several years. I can't spell. The shift key keeps getting stuck too. I hope I get to be on the Diamonds. I need to apply. I miss Cody. He is coming soon. I hope he gets here early. I wonder how Kristin did on her interview. I am sure she was fantastic. I hope she liked Houston better. I hear cars outside. My feet are freezing. I have socks on. my socks are dirty. There are grammer mistakes in this writing. I hope I get to go to church Sunday. I miss my old church. I need to pray more. Man Im glad we are still friends. The game is going to be fun. Do i need to get there early. I wonder where my cousin lives. I wonder what he would have cooked for us. What ever it was, I'm sure it would have been better than what I ate. I can't believe he called me. When will I go home. When will I find a place i like to study. When will this place feel homey. I need to cut my nails. It is hard to type. I need a pedicure too. Ther're my favorite. I like the chairs you sit in. They put me to sleep. I never know how much to tip the woman that works on my nails. My back doesn't hurt. I can't believe it. This chair is hard. I liked stud    ",low,high,high,low,high
"My heart is beating so fast. that's probably not good. I'm actually getting . I just sprayed. nervous about writing this. I keep messing up on the whole typing aspect, so I have to stop and go back to fix things. deep breath. this music is so pretty. I wish I had an amazing voice like Alice Ripley. I totally just got a shiver from the notes they were singing. ohhh, her voice just squeaked, but it add emotion. That's so amazing. I just pooped my back, that feels all strange. geez, my computer just did this whole weird Sticky Keys, what was that? You should have chosen . such an amazing song. That note he sings, it's gorgeous but he says it as EWWWW instead you. that irritates me. I  don't even now the words. If only he really loved it would. wow, that was amazing harmony. I hope that ticket stuff gets there. I want to be this part so bad, why aren't there any theaters auditioning for this musical. My jaw keeps popping. Why am I yawning so much? Nose, itch. That's so funny, Chris Noth totally looks like Sam the bald eagle from the Muppet Show. I guess I have to go help Kristin out tomorrow before. I don't feel good. class. That guy today was such an annoying, rude and evil little man. All condescending and all. I got to stop thinking about that otherwise I'll obsess over it, like I always do. I love that note. it's so high and she sings it so amazingly. I can't believe it's the same girl who sings the part of Ariel in the Little Mermaid. He doesn't love her, guys suck. I mean ya she was a Siamese twin, and you know, but I mean he loved her, but because he couldn't live knowing someone else was there he dumped her. I'm so cold. God, why do I keep yawning. I've only been doing this for twelve minutes. My hands are so cold. My nose keeps running. Ricola cough drops are so good. I need to clean up. Of course, I'm not the one shedding and leaving hair ever. on the floor, in the shower. it's so gross. He doesn't love you that's why he is hesitating. Ever time I listen to this, I still get emotional. It's so powerful, I don't know I just connect with them. I think it has something to do with the emotions that you can hear and almost feel through the singers voice and the music. Gosh, my eyes itches. or is it itches. hmmm. I don't know. Ewww, something total floated across the floor. could it be hair. I think so. I know it's definitely not mine. It's so gross. Why did Sarah come in here and ask if I was singing. She acted like I should be ashamed. I can never tell that harmony. I want to learn it so bad. These ant bites are really painful. They're all scabby. is that how you spell that. because I kept itching them. My stomach is all nervous like. it's because I'm all nervous about this assignment. and that stupid accountant jerk. I hate accountants. weird folk they are. I am totally finished with this assignment and I'm going to sing, and watch Much Ado About Nothing. yea! ",high,low,low,low,high
"     well here i am, just sitting and typing. I've had a pretty long day, in fact. it was pretty horrible! thursdays are my really long days - I've got class til 7, what a drag. but the great thing is that im done for the week!  hmm, but tonight was a letdown. i was supposed to go out with this really really hot girl, but i found out that she was working - i mean, not that we had this planned, but my best friend has been pushing me to ask her out because, according to him, shes 'dying to get with me' - whatever. shes incredibly hot, and every guy wants her, so why would she want me?  thats what i think anyway. matt, my best friend, says that shes called me the hottest asian guy shes ever laid eyes on. i think thats a pretty big stretch of the truth. i think i really do have self esteem issues underneath it all. i just broke up with my girlfriend of 8 (or 9?) months. it happened over the summer. i was really in love with her. i could venture to say that i still am, but that would further jeapordize my . 05 percent chance of staying friends with her (sarcasm) - we were really good together, and when we parted ways for the summer we both cried. we had just said the big L-word that month, and in my eyes at least the relationship was just getting good. then the summer started. i was here, being back in school from a semester hiatus (to find myself, i guess. and it worked, because now i know what im doing) - thats a different story. things started out great, we would talk to each other on the phone and online whenever we could. then one day i noticed that it had been a week since we had talked to each other. this was test week for me, i believe, so my attention was elsewhere. but that isnt the reason we broke up, it was just the reason that i didnt see what was happening - when i noticed that maggie (my ex) hadnt called in awhile, i became worried and called her. she was very distant. it continued this way for another month, and i think i talked to her once during that month. then she came to visit me, and i was really excited because, while i could feel that the relationship was straining, i thought that once we saw each other things would go back to normal. boy was i wrong!  maggie walked up to me with tears in her eyes. she was hiding behind a pair of sunglasses though. the shock put me into a state of complacency. first, i totally brushed off her crying and was oddly cheerful, then she said 'let's take a walk' and it hit me like a brick wall. but i wasnt ever sad, because. i coudlnt be, i coudlnt make an emotion at all. i think that it was the closest that I've ever been to being a vegetable. all i could do was tell her things i didnt mean, like how i loved her and just wanted her to be happy, and that i wanted to be with her but not if she wasnt happy, and i could only be happy if she was happy. basically, i said the exact oppossite of everything i felt. no, i did not want to break up, yes i wnated to make things work. her reasons. her reasons were that we never fought. that we never did anything. that all we did was just be with each other and nothing else. that she had been very unhappy and got into a self-destructive lifestyle that made her look as bad as she felt. furthermore, while she was at home she made a lot of new friends and for once she felt like she was accepted. i think i hit everything, im not sure, but all her reasons made no sense to me - ok, we never did anything, but 1) i always wanted to go out, and she was always too tired. she would crawl into my arms and we would just lay in bed, watching tv 2) she came over to be depressed with me, and she got what she wanted, i mean, there was nothing i could do to make her have fun. and she was unhappy, but so was i (i was kicked out of school!) - put 2 unhappy people together and. well you get the idea. but you know what? - i saw that too, and i wanted to make things work this fall, because i knew that we would both be better individuals (damn my optimism). and she said that she got into a self-destructive lifestyle (she meant eating takeout all the time and just sitting on our asses, doing nothing, gaining weight) - 1) maggie is incredibly good looking, very pretty, and i told her that a lot because its true. she has a very low self esteem, just like i do, so maybe im being a hypocrite. and the 'weight' she gained was easily lost as is apparent by the last time i saw her, about 2 weeks ago. and the last part is the coldest one of all, but i don't think i meant much to her, i mean, i was her first boyfriend, and i thought we meant a lot to each other, but i guess when i told her how great she was, it meant nothing. it wasnt until she had a whole bunch of random guys back home tell her that it sunk in, and i guess suddenly she saw all these other choices. really, all her excuses boiled down to the fact that she HAS her pick of any guy, and that all of a sudden her love and affection for me seemed, to her, to be misplaced. i just think that i was thrown to the curb for someone better, but who knows!  im still in love with her, and im trying to chase after ashley for all the wrong reasons. just because i need a girl in my life. but more than anything, i want maggie back. god, were not even friends anymore, and thats what we were both trying to never ",high,low,high,low,high
"My name is jon krebbs and I forgot my code I'm really sorry my roommate wants to know what this paper is about I answered ""stream of conscious no I'm thinking you dumbass and damn that tool in the background sounds awesome. I wander why I'm so forgetful? probably all the smoke. let me see hear this is my day off oh my god cole just let out a crazy yell from his back he strained it wow manard g I feel really light headed this is awesome cole is on the ground wow he is trying to get up ""are you alright fool?"" I ask I been crawling on my belly wow do I delusions? cole wants his matches I say get em I got to keep typing this paper wow I home they except this even though I don't have my code with I live and grow will I be paranoid this is awesome. so anyway live or to lie that is the question earlier this morning my mouse trap I set owned a mouse in the side or the head cole s phone rings welcome to atlanta andyway the mouse was just laying there and I felt like wow that poor bastard my phone is ringing one sec its joe he is at the daoroorawww hist this is nuts anyway back to the topic the mouse was making all kinds of squeaky noises dying and I thought what if there are some mice in the afterlife that trap us that would suck I probably won't set another trap I  look at joe wow red headed we are going to game soem counterstike I know it I'm thirsty 'gulp' water now that is something you take for granted talk about taking that away from someone they get a little antsy I feel like I appreciate most of my life sometimes I feel a little guilty about being a son but its ok I think it will go down for me like that wow no music! this sucks kazaa lite yes the grudge wow. honestly there was like 2 seconds just then I didn't think about anything wow so I wander what all those girls in my class are like some of em look good coles back is killing him I see the grimace in his face 'toke' where is it ? humble hahaha to be humble somebody told me that was the highest form of pride and aint that the truth I brag about my shit it I know its someone that can be shot straight I wander why there is so much depressing in the world haha that was just for you I know why its cause in america at least we know longer have the preoccupation of thinking about SURVIVAL like what we are going to eat you know what I mean controlling let this go so yah if people would not be so strange I feel a little young I mean change PLEASE DON'T TAKE of points from my grade maynard is yelling someone signs on aim maybe its a friend a good friend what am I going to do tonight I wonder ? my brother imed me      ",high,low,high,low,high
"At this exact moment I am wondering how long this twenty minutes is going to last because I am going to falll asleep  soon and I  have a lot of things to do. I wish I could be doing this on my own computer, but the stupid thing wont work, I  think I am computer illiterate. I have had e-mail sitting  there since june and I can't get into it. It is killing me that I'm not able  to talk with all of my friends that went away for college. I shouldn't have waited to do this assignment until now because I need  to finish getting my stuff together to go back to ny dorm room. I am really glad that I was able to get away from her for a day, I always have the worst luck and got an incompatible roommate, but I would rather not have come home. The food is better but my  parents are constantly bothering me. I need to check my messages in my room,I bet there are going to be at least ten, and half of them are going to be from Ben, my ex-boyfriend. Not going to waste my time on him anymore-- why do people cheat on each other, I woant  ever understand that. And what makes him think that just by sayng I Love You htat I am just going to forget everything. Forget hijm,  at  least I have met someone new that I can tlak to heis so sweet and all but I think I should call it off, nothing ever works for me  and I ned to concentrate more on my shcool work. I don't know what to do about guys. I need to meet some more girls to hang out  with, but the only ones I see are all snoby sorority girls  a nd that just isn't me at all. Kyle is such a sweet guy and all but should  I tell him htat I need to slow down and work on my shcool or should I just let things go and see what happens. I'm scared to just go with  the flow, I really like this guy a lot and the last time I felt this way I got hurt and  that pain is still here. Everytimt Ben calls I  get a happy feeling inside until I think of kyle and how he is here now and how Ben messed up when he screwed me over. My mom is yelling at me again I wonder what I did now. Icould be nothing but it will still be my fault for some reason  I swear that if I ever heard my  parents compliment me or say that they were proud of my I would probably have a heart attack right then and there. I wish I wasnt such  a dissapointment  I have never done anything right and if I don't get a 4. 0 gpa they are going to lay it on me because if my sister can do it,  and play volley-ball at ut then I should be able to just sit there and study constently and maybe one day live up to her. My feelings for  Ben and Kyle are so mumble-jumbled in my brain right now that it is starting to hurt from thinking about it all the time. Well what a  surprise my mom is coming to yell at me  as much as I am used to it the tears still come very easily. ",high,high,low,low,low
" It is a rainy  grey day and i am enjoying just hanging out around   my house. just lazing around feels good. the print on my computer   has broken. I tell you what there is always something. more money   more money. i have always worked and being unemployed feels so   strange and makes me feel like  I'm walking on a tight rope. I hate   the feeling of being cheap and worring about money. but so it goes   the money chase. I will be getting back to work very soon. Its been a   strange summer hit over and over.   It feels so good to see Scott out of his brace!Man he took that whole   thing well. I think we both took it very well. Its hard to see someone   you love in pain also it can be plain hard just being around   someone who is trapped in a brace. i know it would have been a   nightmare to kick-it with me in a back brace! I would have been a   emotional rollercoaster. anyway we made it through those 3 months   pretty well. Free again,yes!   my house always seems to become a mess, I just cleaned a day   ago.  It's been along time since i just sat down and wrote. I never seem to   keep up with a journal  I only write in them when I'm sad or   depressed. What a shame i could learn so much about myself . my   grandmother says you just have to force yourself to write a 2 pages   a day. Speaking of my grandmother i need to write her she is such   an amazing women. i feel guilty because i have gotten 3 letters from   her and still have not  written. ok,ok, don't talk about it just do it! Less   talking more doing. That is so like me, I'm working on it but I love to   talk about the things I need / want to do instead of just going for it. like   working-out its silly . Ok I am just yapping about nothing and already my time is out. ",high,high,low,low,low
"     I was so excited about coming to UT and I still am but alot of things just over whelm me. For example, people in Austin are not a friendly as college students at other schools. Basically im talking about the girls its all about what frat your in and bullshit like that. I am always so nervous about screwing up in class like for example Psychology I am always worried that im gunna forget to do something and I am always worried that im not taking the right notes. What it really comes down to is that im always worried about grades and wether my parents are gunna accept my grades. I always woder wether they would really take me out of school but im not gunna ever see because i won't let my self be that bad of a student. I worry alot way to much i just wish sometimes i could just say F*** it and do my own thing but i know if i do that then i will fall behind and never be able to catch up. I think one of the real reasons that im always worried is because im dislexic and i feel that sometimes that holds me back from being a great student. I nother thing that bothers me are bad room mates like my room mate now he has a 4. 0 in buisness honors and basically i thinks that he is right on everything. That really pisses me off because he has no common since and living with him has not been the best thing because i can already tell that his parents have done everything for him because he never cleans up after himself and he is always trying to blaim me for plates and food that gets left out and it is always him. I know that sounds stupid but i don't forget to put food back in the frig because i love to eat so food is important to me and i would not for get it. One thing that i don't like about living in Austin is that it is so expensive to live here. Every place on campus is between 700 and 900 dollars a month not including the electric bill, gas bill or telephone bill. I really wish the weather would get better it is so hot right now that walking to class has been killing me, i hate to sweat and i swear thati walk into class looking like i just got out of the pool. One more thing that is really bothering me is my ex-girl friend like we were only together for all of july and august and i broke up with her because she goes to tcu and i got to ut and i would not work out. But i always find myself wanting to call her and she always calls me but everytime we end up getting in a fight and and we never ever faught when we were together. I wish life was easier because if she went to school here i would not ever have a problem except for guys trying to talk to her. That is one of my biggest flaw with her is that she is so hot and guys are always trying to hit on her right in front of me and she always tells them that she has a boyfriend but i always wonder if she says that when im not around i really worried about that this summer. And now she calls asking about girls and weather i was dating someone and i really think that she is one of the perfect girls that changes in different scenes. For example, in Dallas she is the best beautiful and kind and the best personality but everytime i went with her to TCU i felt like i was with a different person and that really bothers me because i hate fake people. My goal is to find a girl that never lies and i will be happy for the rest of my life with that girl. I can't wait for that day that i get a great job and find the women of my dreams. ",high,low,high,high,high
"Well, lets see, I'm writing for about thirty minutes here in my dorm room and well, I'm actually not sure what to write about. I guess since you are going to read this a little I should just tell you about myself. My name is Robert Barajas and I am a freshman here at UT. I am originally from El Paso, Texas, but I am rather familiar with the city of Austin already because my brother has been coming here for the past four years. I am in the Longhorn Marching Band and I play the TUBA! Besides your class I'm taking astronomy, philosophy, and a freshman seminar. What I really like about the University is that I get to meet all sorts of people. I've even made a new friend here in your own class. Her name is Amanda and I think she might become one of my friends by the time the year is over. But I've learned over the years that whether it happens or not is not the most important thing. Life will go on either way, whether we're friends, whether I pass your class, or even whether I decide to just sit at home and do nothing. That's the beauty of life. But it could also been since as the travesty of it as well. I consider myself to be a rather enlightened individual and so I have a rather morphed way of seeing things. I am my own island of tranquility in this sea of chaos. But chaos can be beautiful as well. Umm, its only been like six minutes so far so I don't know what else to write. I guess I could just type the same thing over and over and over and over and over and over and over again, just to improve my typing skills. Improvement is always a good thing. I believe that people are too preoccupied with the accumulation of material things. And that the only way to deal with this would be to take away all material things. Like people are not humble and they should be. I'm still in the process of finding ways to implement this idea, but most of these are still on the drawing board. Like if someone created free energy and just gave it out to everyone, I belief that that might completely destroy the economy and that would be good. Money serves no purpose but to bind us to our material things. Or, on a more serious note, what I think the people of the world need is some lifealtering event. Perhaps WWIII would suffice. That way everything and everyone would be dead and the few survivors would have to band together and realize that there is more to life than what we have now. There should be no prejudice or racism. Only on what people think should people be criticized, not on what they look like. That it shouldn't matter on their appearance but on the quality of their thoughts. Even that sounds a bit wrong to people but its just because most don't envision the same thing as me. Oh, well, whatever. These are just some random thoughts that I'm having. Take care and God bless. Bye. ",high,low,high,high,high
"Today was a very long and exhausting day. I began by waking up at 8:15, after only 6 hours of sleep, to go to a 9:00 Art History discussion lab at the museum. It actually crossed my mind to skip class and then go back to sleep, that way I wouldn't be as tired as I am right now. But instead I decided to go ahead and go to class, otherwise I would just fall behind and not know what happend. Personaly, I am not one to really like getting behind, so I think that I made the right decision, granted I may be tired right now, I know my decision to go to class will pay off in the long run. As my day continued, I went to the actual class lecture for  Art history. It was somewhat interesting, although I found it a little difficult to consentrate. I guess that may be because I did not catch up on my reading that I was supposed to have completed by today. Obviously I am paying for the ocnsequenses of not keeping up with the outside responsibilities. Futhur in the day, I went to the dentist to get a filling,  which was not fun!  The right side of my mouth was numb for about 4 hours. That may not sound like too long, but in reality, when your mouth is numb and you can't talk well, and you can't eat or drink anything because you will spill it, it is a long time. Then I proceeded to go to a meeting. I had previously told my room mate that she was able to use my computer while I was gone. This kind of bothered me just because I payed for this computer and I could have just relied on her supplying the computer and used hers. I just don't really think that that is fair. Then what really irritated me, which doesn't happen too ofter, is that when I came back from the meeting, the stuff that was in my chair that she sat in was thrown all on the floor. My brand new shirts that are not even two days old, my purse, and my shorts, were all on the ground. Now it is one hting to use something of someones and put everything back where you found it, but to be so inconsiderate as to not put things back in it's place is rude. I was quite mad, so instead of confronting her, I just left and went to get TCBY and to watch tv with my sister. I guess you could say that I did it to get out of confronting her and to also blow some steem off. Oh well, what's done is done, but next time I think that I just might have to say something to her(if I let her use my computer next time). Well, that was pretty much my day, and now I am just trying to get caught up with all of my responsibilities and homework, which is making me stressful. I know that I will be relieved when I finish it all, though. ",high,low,high,high,low
"College presents a life that is quite different from home life! Having to adjust the many changes is both challenging and fun! Doing laundry is a task that I am almost positive that I will never become accustomed to! It is boring and time consuming! When I visit home I appreciate the clean clothes in my closet even more, since they are clean and I wasn't the one to clean them! However, the independence I now have is unexplainable. I realize that I am in control of my life now and the direction I will go! Sure I had control of my life before college, but my parents were there to guide me and make sure I made the right decision. Now it's all up to me to make the right choices. I have to be the one to say, ""I don't want to go out tonight. "" And when my friends persist, I can't use the excuse, my parents won't let me, which makes it even more difficult! I know college will present me with as many challenges to overcome as well as fun memories that I will cherish forever. I am excited about my next four years here and am quite sure that with my determination and hard work, I will succeed not only at The University of Texas, but in life as well!  ",high,high,high,high,low
"""antisocial""--that is what it said in large letters as I walked into my dorm room today. Everyone on my floor thinks I am antisocial. I hate the way that people do not ever understand the difference between anitsocial and shy. I wish that people would just to understand people more and hate them less. I guess it is partially my fault. I long to meet new people and make new friends but I spend all of my time locked in my room talking to all of my old freinds that are hundrends of miles away. They are all coming to visit me tomorrow for my 19th birthday. lots of them are coming. I guess it will at least show all of the jerks on my floor that I am not as ""anitsocial"" as they think I am. They are all so stupid anyway. All they do is get drunk every single night. How can they think so highly of themselves living that way. When do they ever study? The true is that I am jealous of them, I have always wanted to be so carefree and fun. But, I would never pick on anyone, EVER! I guess I could go out and party everynight, but that just isn't me. I would fell silly if I ever went to one of those wild parties. Besides, I am going to be a doctor, I need to stay and study. It makes me sick to imagine the possibility of not getting into medical school, it is my dream, the only thing I really want. But, I am not the most desipined student, I love to slack off and sit and play on aol. I will never get into a good medical school and then I will be lost, it is the scariest thing I have ever had to face. It is so scary that I try to protect myself. I am a diehard romantic and it is amazing that in my lowest moments I think about marrying Ty in order to secure my future. Ty is my ex-boyfreind that I would never be happy with but I in the business honors program and wil surely be rich someday. I often think that if I marry him then it will be okay if my medical school falls through. I know it would be stupid but I think it at times. What I really want is someone to sweep me off my feet, like in the movies. I love okd black and white mushy romantic movies more than anything in the world. The are so sweet and beautiful and you can always tell that they will never fall out of love and that they really will live happily ever after. Such a nice thought. I guess I cna't ask for a fairy tale but I know that I will never get a divorce. NEVER!  I was always so proud growing up that my parents never divorced. I always thought that it somehow made me better than everyone, like I had something to do with it. Well, the last day of school on my Sophmore year my mom called me into the living room and told me she was moving out. I thought I was going to die. The effects of this event have been bothering me ever since. I am so clingy now with guys I date that I drive them insane. I have this unbelievable fear of being left by those I love, and I wwent through a phase were I cried everyday for a year. I am going to be a much better parent to my kids than most. I am going to sing to them and show them hapy movies and take them to museums and plays and play games with them. I will puch them to be wonderful, but not too much. And I will make sure that every moment of their lives they know how much I love them. I can't wait to have children. I do worry thought. sometimes even the best parents can't always innfluence their kids to be good. Tonight Ty is taking me out for dinner. I invited my roommate to come with us, she said she would and I feel bad because I think it hurt his feelings that I asked her. I just can't help it. Even in high school I would invite the band director that everyody hated to walk around with us in Disney World. He looked so lonely walking by himself. I hope I find someone to appricate me being like that. ",low,high,high,low,high
"I think that I am a pretty friendly guy who is fun to hang with but no one ever calls me. I don't know if its because I get decent grades and look studious that they figure that I won't want to do anything or if its just because they don't like me and they are just pretending to like me. I used to think that I had good judgement of people but after finding out that all my friends in high school basically used me in class and ignored me outside of class, I have questioned in from then on. My quest to find a good group of reliable friends always seems to come to a dead end. I look at both of my sisters who are always getting calls from their classmates and friends and I never get any. They don't help much either because they are always reminding about the fact that I have no friends. I know people and I say hi to them in the hallways and class and they talk to me normally in class but outside of class I have no touch with them. I admit that I have done the best of job of keeping in touch with anyone, but I've started to this year but with no results so far. I always end up doing the calling and asking what people are up to. No one ever calls me. It just makes me mad. While people are complaining about all the junk mail and excess mail they get, I basically hoping or looking forward to getting one message per day. Lately, I think I'm so obsessed with it that I religiously check my e-mail hoping that something new happened. Other than that everything so far is going well. I've already joined a couple of clubs, got some leadership positions and will be volunteering. My resume is starting to shape up. Now if only my grades would follow, a decent grade on the MCAT would give me an excellent chance of getting into a decent medical school. Before none of these things bothered me before, even in high school. Just like in high school I see other people doing things and never cared that I never did. But once I came to college, it just started bothering me. I don't know if its my sister's influence or what its become a problem that last year kept me from doing good in my classes. Whether its same or not this year, I'm not going to let it ruin my grades. I hope to get a 4. 0 from now till I graduate. I tried talking to people, opening up about my problems and things like that because some people told me that I was to closed and that they didn't feel at ease with me because it looked like I was too serious. Everyone that knows me never seems to think that I'm serious. They don't think that I give a care about anybody or anything but myself. I don't mean to come of that way but I'm just good at expressing my emotions. When I do, the response that I've gotten from others is that I'm stupid if I can't even figure it out by myself. I figured maybe I caught them at a wrong time or something and would try again but same thing happens. After a while I feel like I'm starting to bug them and just let it go. I think that I am a good listener but no one ever tells me about their problems. I think they think that they can't trust me or won't be able to help them. I wish they would because I truly do get a rush out of helping people for some reason. I'm not saying it because I'm egotistical or overwhelmed by myself but I really do enjoy helping others. If I didn't become a doctor, I really wouldn't mind becoming a teacher. I don't know if its because I get to showcase what I know and understand or if its because I just enjoy making someone else understand but I just like it. I would hate it if it was an ego thing, because I always tried to fight against the ego thing. Sometimes I can be at certain moments but later after I think about it I usually apologize for my mistakes. Most people get on me about being egotistical but if they ever looked at themselves objectively they would find that they have a greater ego. If I point that out to them they'll just ignore and say that I am wrong and give me longer lecture on me being egotistical or something else. I try to use their own words, conversation, statements examples whatever but they just deny it. I'm not strong willed enough to continue the argument so I usually give up. I lose a lot of arguments. I think that humans generally think that if they win an argument then they must be right and not necessarily because they just talked more than the other person. I find or observe a lot of ironic things about humans and wonder how the things can co-exist. I find them very interesting. Just the possibilities even the slightest that something every is against is actually the right way. When I try to discuss this someone else, they just look at me as if I'm just crazy. I have a lot of curiosity and like to explore but at my own pace and not at societies beckoning. Maybe that's why I have a hard time fitting into society. I haven't found a group of people yet that are categorized as me or have the same ironic interests, at least ironic according to societies view. I'm a mix of several things both culturally and socially. Well that's about 30 minutes now think I'm going to go on to assignment two. ",low,high,high,low,high
"I guess I'm just supposed to write what I'm thinking right now. I love listening to music. I guess it releases some kind of hormone or something that can just totally change my mood. If I'm sad about something, which would most likely have to do with my boyfriend or my parents, I can listen to a song and it will totally relax me and make me feel so much better. It should a kind of therapy  I think that they have already made that up  musical therapy. One of my friends from high school that is going to University of North Texas is majoring in that I think. I really miss Michael. He's my best friend and my boyfriend all in one. I can't wait to talk to him today  I've already done all of my homework for today and I don't have any more classes today. Mondays, Wednesdays, and Fridays are my hard days. I had a rhetoric class that I was taking but I'm not anymore because the professor gave a really sour first impression  she didn't seem happy at all to be teaching. I think that that's sad when someone doesn't like their job. I want to be happy when I'm older  I want to be a child psychiatrist. But as of right now, the psych department isn't accepting any more psych majors so I'm going to have to wait on that one. I want to continue to medical school, but I don't know where I want to apply for that. I have a couple of years to think about it though more than a couple. Oh  My favorite song is on  one of those songs that you just want to turn up really loud. Okay I have ten more minutes. Okay, my shoes are too small! Have you ever had a pair of tennis shoes that are too small? It really is painful  I hope my feet aren't still growing because they are already a size 8 and a half and a 9 would make me look like I have clown feet. If you have size 9 feet I'm sure you don't look like you have clown feet so don't take it the wrong way. I'm just talking about me. I hate the people who walk around college like they are cooler than everyone else  you know they probably thought that they were so cool in high school. Maybe the star quarterback or the head cheerleader. But who even cares about that stuff now. Not me! But that's okay. I took an AP Psych course last year in high school and I loved it. It's what got me interested in Psychology in the first place. I was going to be a photojournalist. But after taking the psych class I decided that I really enjoyed that a lot more than photography. Photography is great as a hobby though, but not to make a living. I also was watching a show on TLC on a family vacation to Canada (dad's idea) and it was an ER show and I really thought that was interesting. I can be easily inspired. Okay my time is up. ",low,high,low,high,low
"ok, so my grandfather died yesterday. why don't I feel sad yet. what is wrong with me, do I have no conscionce?  When my mother told my sister and I, she told us like we should pitty her, not like we should also be sad, what the f*** he was my grandfather. it was all about her, when can you come down to houston to watch the animals, so I can go to the funeral, not, do you wnat to come with me to the funeral?  how can she possible be so selfish. but then look at me, I am so busy being angry, I haven't had a chance to be sad yet. what if I don't get sad?  Is that bad?  Am I a bad person?  I only saw him once every couple of years, if that. I didn't really know him,  and when I did see him he was very generous, but also a real jerk. his intensions were always really good, but he always was very bosy and rude. I remember once when I was like 8 we went out to eat, and he yelled at the waitress because they didn't seat us fast enough. but, last year when he came to my graduation we went out to eat . oh had a thought. My sister and I were thinking about him the night before he died. thinking about how he is always so concerned with us, like for example, he always focused in on something important to us, like when I was a vegitarian he always sent we cook books and when I danced he always called me his little princess or his little ballerina. this continued for years, he never forgot. . when we went out to eat for my graduation he was so polite to the waiter, and even joked with him ",high,low,high,high,high
"I feel strange to be writing, I should have a form or a document or something specfic to do, instead of listening to lena horne on hte stero, god I wish I could sing like that so thoarty and sensual like maybe its befauses she black, but that would be wrong to say I could get in trouble the people next door are balck, why is it that all hte good reallly good jazz performers were balck, yet the only people I know who like jazz are pasty white, thats strange, so many things I say could get me in troulbe I can't tell ryan I'm in love with him, he'd get scaared but I'm nt in love wiht him its a passing fancy, oh I hate being female and emotional it sucks, go lena, she has the answer, she just sung a manhating sond, I feel sorry for the person who has to read this, this is dthe easy writhing assignment hat I've ever done, Iknow I'm supposed to wait on the second assignment ut I want to get it over with sorry whoever has to decipher tis but I not correcting it, they told me no t togod how to figure out the thoughts of me, I can't figure my thoughts how can you reader person, I;m hungry I want food, yet I have noneone to eat with it;s annoying lisa said she'd call me but she didn't I didn;t think she would silly women me an lisa are both silly she;s in littlefield I could go find her but wondering around in a dorm oh thats intellegent now lena is sticking by her man eben though he's a slob, confusing I think so I'm tired I slept in late to day why am I tired must skip this song depressing this whole writing thing is a form of self expression I guess culd be threaputic oh htat's spelled so wrong I can't spell never could, I'm adding puncuation not supposed to do thta I thought this unfourtunaly this is the easiest writing assignment all yeaar whats the requiremnt in spainish, oh jennifer just got in turn down the music she probably dosen't like lena taht's so many mistakes in grammer structures mother would be mad but oh well I don't care she snot here is she now imiss my dog I have nothing living in my room minus shower mold but syou can't cudddle that what a nasty image ryan does the silliest jokes with bad puns like tahat oh I've got it bad I think how pathetic a women leaning on a man its wrong in so many way got ten minustes left tahts a lot for just ten mins. I covered so many topics back to lena but soft so not to bother jen I wonder why she never shortened her name to jenny or something everyother jenniffer does but everyone thinks jenny's name is shortened when its not for the poor readser htats my sister hse is newly married a picure of martial bliss and all htat I miss her sometimes but not to much we fought adn fought she thrrew a brush at me once I waas os giveing and non confriatonal as a child probably cus I was fat why do pepople discriminate against fat kids its mean my jkids will play sports and be actifve I love kidss I'm maternal all over a sk anyoone htey like to tease me about it how on earth can the reader diecphir this oh that good spelling I'm not an english major I should be a bio major but I odnt know I'm confused how am I supposed to choose a path for my llife how stange and  silly to expect htat of me I have no plan I wnat to go to philly and I would love to visit vbangkok it sounds os coolk but I wnat a translator how can I claim ot be adverterous and not be aable to take off somewhere on a whim  or is that responsible I wonder how mom would take it if I went to philly over christmeaas not well why bother I want to seee ryan I miss him god that so sad with the femine dependance imiss him though some would say htat was cute glad he doesn't live here id be in trouble pregant whatever to hell wiht purity here;s ryan oh now that is offically sad beyond belive why do women give up their positons for men, why isn't it the other way around that woudl be a change stupid pateracail society spelling agian I hate speelling its the way I was taught to read the stupid whole word approach not the phonics I have homework I ahte work I'm a lazy son of a opps don't want ot curse on a paper I curse ot much that;s not lady like but then what do I care I shouldnt have to fit a standard of feminism how arachic and outdatinga and silly opps one minuste left I really do feel sorry of rthe reader I'm going to read this before I sign out and laugh I hate my laught but this is funny why do I add t to the end of ough whay tath's stpid but whay is a prouduct of cheese how bizarre. done. ",low,low,high,low,high
"I don't know if I'm still mad at my friend. I hope she never does it again but somehow I think it'll take longer for her to change. Should I leave her alone or still hang out with her?  I'm getting tired of taking care of everyone. I don't know whether I want to go clubbing or go home this weekend. I sort of want to go home and get more food because I'm getting tired of the american food here. I don't hate olivia and I think its stupid that all these people hate her for no other reason than other people hating her. I think its very immature and you should get to know a person before judging her. I'm worried about my friend who is always taking drugs and she thinks its really cool. I had a writing assignment like this in high school. My psychology teacher in high school was so boring because she had a monotonous voice and she . I don't know but is very strange. I miss my high school life but I still prefer my college life. In high school everything seems controlled because my parents placed restrictions on my life but now here, its different because there is no one to control me. I sort of like this new freedom because my parents were really strict at home. I never got to stay out late but now, I could do whatever I want. I'm just afraid that I might mess up my schoolwork here at college. I don't want to mess up because I want a bright future but then I also want to experience and have fun my college years. So I have to learn how to set priorities to my life. I miss my high school life and I know that I could never go back to it. But I feel like I have truly lived my senior year of high school. High school was fun because I made friends I know I would keep for a lifetime. They are the ones I would call up if I'm upset or the ones I don't mind crying to. But in college, I feel like, no one really gives a damn about you unless you had some history with them. My classmates here, we're all in competition and the only ones I could turn to for now are the friends I had in high school. I just feel more comfortable being around them because I know that they've seen me through a lot of situations. I wish I could make more friends here at UT because its such a big campus and I want to be well connected. So I have started going to CBS and that's helping a lot I think not only because I meet people there but also it calms me down. Because thurs night I went clubbing and after that I still felt wild but now I'm ready to settle down and work hard in college. I don't want any regrets. I wish I could also find a boyfriend here at UT so I have someone I could rely or depend on. Because I'm tired of being depended on all the time. The ideal kind of guy would probably be a guy younger than me I would totally go for him. I wish it was summer, I like this UT campus because it just feels like home. It fits, because at home I'm always counting the days until I left home but now that I'm at uT I'm enjoying my days here. I don't usually like writing stuff like this because sometimes I feel like its a waste of time. I rather talk it out to someone so they can endure the pain of listening as well. Does someone actually read this?  Because this would be a lot of reading to do. not only to read my writing but also to read everyone's elses writing. What is the purpose of this writing?  I'm almost done, five more minutes of just rambling. This is like xanga. Everyone on there just rambles on forever about their day and their thoughts. Do they feel any different after they finish writing?  Well. xanga's are interesting to read when I'm bored but I don't think I would ever have one just because I don't want to waste my time on that and that I don't want to post up my personal life. I'm running out of stuff to say, I have never consider myself to be a very talkative person. Even to other people. I wish my roommate would get her internet port fixed because I'm tired of her always having to use my computer when she does something. Even if it was for schoolwork, I'm really anal about people touching my computer. Should I go and help her yell at the people who fixes computers because I want her to get it fixed now but she just seems to drag it. Is that selfish of me?  Well. I'm again running out of stuff to say and I have approx one more minute. My goals for college is to succeed I don't want to fail because its so much harder to climb back up again once you fall. Yay. almost time. 30 more sec. blah blah    20 more sec    I feel like an idiot just rambling here. ",low,high,high,low,low
"Some of this Indian music my roommate listens to is O. K. The American songs she listens to are cheesy ones from the 80s, except the U2 song she likes. I could see Mike Patton covering this song. It is good for a pop song and he could make it sound really good with his voice. But I guess he is discerning in choosing which songs to cover. Kind of like a music snob. Who knows. I wish there was someone here who would have went with me to see Richard Buckner tonight. I would have gone alone but I am kind of afraid I would be the youngest person there, and I wouldn't have fun and it would be a waste of $10. And a waste of time because I have to study more. I spent too much time studying for Speech and not enough for some of my other classes, although over the weekend I will have LOTS of time to catch up on studying. Unless my friends keep coming over. I wish next year my friends will move to Austin and we could share a place or something. They have a lot more freedom than me, it is unfair. It was decided I would go to college before I was born. For some of them they knew they were never going to go. I think expanding your mind in college is good though, there is practically nothing else I could do at this age besides get a minimum wage job or try to become a manager at a grocery store or something. My managers at the grocery store were pretty young, I suspect some of them are saving to go to college or something because they are taking classes at the junior college. I guess I am very privileged to not have to worry about money for college. I still feel guilty spending any money that I haven't earned at a job. Some of my friends who are not well off and are not going to college do not feel bad about asking their parents for money and not even have a job! This song is horrible. I wish I could be ruder and tell my roommate to stop talking and not play cheesy music. I hope she doesn't see this. I don't think I am well suited to be in the Business School. I am taking a class which involves marketing yourself which for some reason is very depressing. Do you really need to take a class on eye contact? I more admire people who have made their way in the businesses world accidentally. Not like pumped out of a school. Like David Geffen. He almost failed high school I think. But somehow he is good at running music companies. Kind of depressing like a Kurt Vonnegut book. Marketing yourself is a very depressing concept to me. The teacher in that class is sickeningly sweet. Kind of crazy but I think I can tell that I am not suited to be a business person because I think my class where I have to learn how long to hold a gaze is creepy. I don't want to be taught how to suck up to corporate business people! I do not care about money very much, just as long as I don't have debts. I would live very simply in order to just not have debts. I would feel very bad if I did not pay my parents back by raising me. I don't want to buy a BMW. I wish I had more guts to find something else to do. Why haven't I made any friends from my dorm? It is hard to find the kind of people I like to hang out with, laid back, good taste in art, and what else? It took me a long time to find some good friends in Kingwood. I really should make friends instead of waiting for them to make me. Story of my life. PLEASE PLEASE STOP SAYING YOUR HOMEWORK OUT LOUD I'M GOING CRAZY. You better go home this weekend, roommate. ",low,high,low,low,high
"     Okay. . now what? I thought I new what to write about, but not too sure anymore. I am doing this right now instead of studying because I forgot my books at home to study from. I am really trying hard not to waste time time semester, so it upset me a little when I forgot my book. My feet are cold right now. I should of worn tennis shoes. I want to work out later, but I think I should study to get on top of things. I need to get caught up at least, if not ahead. I am going to Miami with my sister in three weeks and have two exams the next two days I get back. It would be really really nice not to have to worry about school when I am on vacation. I didn't really have much of a vacation this summer. I had a good internship with Boeing Aerospace Support Center in San Antonio. I have a returning offer next summer, but don't know if I really want to take it. I guess I should because it is a good opportunity and can have big rewards when I graduate. I need to talk to my counslor about my degree plan. I just changed my major from Engineering Route to Business to Finance. I still don't know if this new major is right for me, but it seems like the one that fits the best right now. Speaking of Finance, I have Finance homework to do tonight. My stomache is growling right now. I don't know if I should get a little bite to eat right now before my 3:30 class, or if I should wait until I get home and not spend any money. It's hard to see that distinction with me because I do not work for my money (my parents have always helped me out) and therefore I think that deep down I don't know the real value. Sure I have had jobs, but it was never for survival, just for extra cash or for the experience. Thinking back, I have had several jobs, ranging from Pizza girl, to lifeguard, to clerk, etc. I really don't know why I started working so early. I started my first job when I was 15. It almost seems not right because my parents always supported me, they didn't even want me to work!  None of my jobs, however, lasted very long. I think that was due to my schedule when I was younger. I was so involved in sports. Sports, sports, sports. Sometimes I wonder what would have happended if I would have pursued soccer. I could have played in college. One thing is for sure, I would definitely be physically fit like I used to be. Now I struggle to keep my weight down, not that I am overweight, but it is just not easy like it used to be. I used to eat everything and anything, junkfood that is. I never ate healthy food when I was younger and that is one of my problems now. If I like salad and vegetables, I would eat them all the time because they are healthy. But I love bad food too much. Like pizza, hotdogs, and fries!!  Okay, maybe I will get a little bit to eat after this. Nine minutes left and now my fingers are freezing. This used to happen to me when I am was at work, typing alot. I guess the blood doesn't circulate too much to the tips of your hands when you are typing. Maybe I am just making that up. I wonder if I should have tried to add drop before it was too late. I think I like my Tues/Thursday schedule because I get out at 11, even if I have to start at 8am. Early classes aren't so bad as long as you get a good nights rest. Which I didn't do last night. I stayed up late because I knew I didn't have to wake up until 10. My first class today is at 12:30, then my next one is at 3:30, that's Psychology. I guess it's a tradeoff. I have late classes on Monday and Wednesday, but that leaves my Fridays free. Hopefully on Fridays I can get alot of stuff done that I didn't get to during the week. I can't imagine how this semester is going to play out. Being an officer in a huge organization on campus has its work cut out for you. I figured that yesterday I spent at least four hours working on HBSA stuff (Hispanic Business Student Association). I guess that sounds about right. Nine officers trying to run an organization that almost 200 memebers take part in. When I was running for my position last spring, I was thinking that maybe I could run and be President my Senior year. Now I am not too sure I would want to pursue that. I think I would like to take it easy. Just concentrate on school and not worry about the   hustle and bustle   of everyday life. (The words in the quotes is the name of a painting that I learned about in a class that I had with my boyfriend this last semester. )  Those were fun times. Going to class with him and going home after that. I wish he was here again, but he had to go start his life in the real world, which did not include Austin. Austin. . . . . . . . that is where my life is now. I can't imagine going and living in San Antonio again. Mayb ethat is why  ",high,low,high,low,low
I tried to get onto your pretest experimental thing and it didn't let me on that's very bad for m e since I will have to waste more damn time tomorrow doing it I heard it takes a long time to do. This whole college thing is really starting to scare me I missed my Si session today for Rtf and let myself down. I f you want to make an impression on these people you have to grab them by the balls with a 4. 0 average. How am I going to do that when I have already missed one of the damn Si's  I'm telling you I better get my act  What am I even doing here I need to get my mind on other things like movies why aren't your thoughts ever on movies they're always on what to do to impress the next person . Just get ahead of thy game early and you'll do fine  God I hope I get a $. 0. $. 0 the way to go. I don't want grad school though California Vivian Yeah that's where I'm going to be in a while no matter what. I have it the right stuff. Ed Harris. Good movie. Remember what the guy at Northwestern said The Right Stuff had god use of parallel editing. where you edit two frames together that are similar in how the shot is set so as not to disrupt the audience's attention. What is the audience's attention . Movies. this paper what am I rambling about I wonder if the proff will read this Jesus you type like a gorilla . Sigourney Weaver Gorillas in the Mist about some ape lady Aldrich something. Ironic that was in our psychology book. ironic but not funny just ironic sue me I took a pause to see how much time I had left this is all anyway what is it supposed to prove that our mind wanders is it supposed to give us some great insight into how we think  rrAAh. it is pretty fun and it will be interesting to read over this am I supposed to wow I'm a slow typist that sucks. What was it sophomore year that I got a B in keyboarding yeah I told Chad Crady about Stephanie McKinnon and we always used to fight each other in class and he'd pretend that I was beating him up why are you and all of these people so concerned about each other especially women is it just to procreate that we are interested in women or is it like Psychology. professor says that there can be different views on the whole thing. Of course dumb question there can be different views on every thing but which is the right one?  time up ,low,low,low,low,high
"However, I feel I could be falling into a trap that could severely effect my grades. My roommate is a friend from high school and unfortunately for me he likes to stay out very late. I have early classes and it is starting to take a toll on me. It doesn't seem as if there is enough time in a day. I am looking forward to playing club volleyball here and I really enjoy the coach. Volleyball is by far my favorite sport. I need to start asking some girls I have met out on dates. I am enrolled in a dancing class with one of my girlfriends and I am having a lot of fun with it. My parents are coming up to see me tomorrow and will be bringing my bicycle with them. It is funny, I love my parents very much but I really don't miss them. I don't have a desire to go home any time soon. My suitemates are having friends stay the night and I hope that they will not be too noisy. After the football game tonight I think I will do some homework and go to bed. I am looking forward to this psychology class. I find it very interesting so far. I need to be sure to keep up in my reading. ",high,low,high,high,high
"There are many things going through my mind right now. However, I just wish I would have girlfriend. I keep thinking I want one, but I'm not really sure if it would be really good for me. Looking around right now, I see my stuffed animal duck, my computer with its blue neon lights, my 8. 2 speaker system, and my printer. I really love my sound system. The two sony speakers provide a great midrange, the 7 small logitech speakers give good highs, and my subwoofers provide all the bass I need. My headphones are really nice too. I can?t believe I got them on sale for $30. what a deal. I played Warcraft 3 tonight for seven hours. I look back and don't believe that I actually played that long, but I did. After playing my first three hours, I decided to take a break. But that game is too addicting. I just finished and now its 2:36 am and I have nothing to do. so I figure I might as well write my psychology stream of consciousness paper. My roommate is fast asleep. He really needs his sleep. He gets a good 8 hours a night while I only get my 5 or 6. However, I take a bunch of naps to make up for it. He is a really great roommate. I intend on rooming all four years with him. He respects my space yet jokes around with me when its time to have fun. He keeps our room tidy and clean so we won't be living in a pig pen. My cell phone is really nice. I can't believe I got it for free. Cingular sucks though sometimes. I never get reception in my dorm room or in any of the buildings. So if people call, I never get any notice, which can be frustrating. I really miss my best friend kenny. He is in st. louis right now. He just got grounded for staying out all weekend without coming home. Now I can't talk to him or even get in contact with him. I really miss him. I wish that he and his aunt wouldn't have been fighting. If that were the case, he would still be in houston right now. This paper is really interesting because its putting down everything I'm thinking. I'm thinking whatever and its just coming out. my mind is not really in a solid thinking mood. probably because it is 2:41 am. My mind feels jumpy right now. I am still looking at my computer monitor and the duck that sits on top. I'm really glad we lofted our beds in our dorm. It gives us so much more space. Under the bed is our desk which has my computer. On the adjacent wall, our tv sits between the two dressers. I really miss home. Its nathans birthday today, and I won't be home to wish him a happy birthday. That just reminds me that I have to call him tomorrow or else he may get upset. I?m getting my postit notes out right now but I can't find a pen. where is it? oh. there it is. Eric is fast asleep. How can he sleep so early?  well. I guess its not THAT early. Looking at my walls, I have 3 dave matthews posters, an art poster and a ?better luck tomorrow? movie poster. On one wall are all my pictures from my senior year. I really miss my old friends that aren't going to UT. Austin is fun though. I have made so many new friends through basketball, classes, and just walking around. I find it really hard to remember names though. I feel bad sometimes because I have to ask the person 2 or 3 times what their names are. I miss anh back at Rice. I like her a lot. she is just one of those people that are easy going and relaxed about everything. I wonder how this year I have gotten so lazy. I'm too lazy to study for my classes and I can barely make myself do the homework assignments. I use to be so studious. I guess that was before I had a good computer and a basketball gym. plus. I had my parents around back in houston bugging me to do things. I'm really glad I'm not working though. I can now concentrate purely on school. However, I need to start getting back into the swing of things so I won't fail my first semester. my classes aren't difficult, so I better get a 4. 0. Ok. I have two minutes left. My mind is starting to shut down. I am getting tired. I'm not sure if I can stand the 1. 5 minutes left. This is pretty hard towards the end when you are tired and can't think of anything. My mind feels like jello. Looking out my window, I see the tower. I'm so lucky to get San Jacinto 5th floor. My room view is absolutely amazing at night. I think it is weird how my mind works. ",high,low,high,low,low
"stream of consciousness, I don't even know how to spell the word, god my roommate is so retarded. she is so fat. if I get fat because of all the junk food ill be real angry. god I can't type. this is so retarded. I really like the song. damn I have to go to the bath room and its only been like 3 minutes porbaqbly less, there I dammit go again, can't type. uggghhh the stupid computer guy didnt call back about my computer, stupid flirt  oh yeah he can flirt and try and act all cool with me and my roommate but can't even get my computer back before my assignment is due. I hate using other peoples computers it just doenst feel the same and I really don't like typing on lap tops. I like my computer, it feel comfortable, I feel so weird at my own personal computer in college doing college stuff. although I am reall glad I don't have to write any papers. I'm pretty damn good at writting but I hate the effort that you have to put into it. my papers have to be perfect, each word percisely chosen, but then that is the point of most papers I mean all the really good writters specifically choose they're words to convey a point. I really have to go to the bathroom, but my god damn roommate has a guy over and the bathroom is right next to her room, I mean how akward is that. I have a problem going when its just girls. I have a dg meeting no a retreat at five 15 can't wait I really am beginnig to like being a dg although I don't know where ill get the money to pay for this but I worry about that later, I always get around things that I want, although I didnt get into the sor that I wanted I mean out of 5 I didn't get either, I just didnt realize how incredibly hard is is to get into the good ones, I just wish I knew why I was rejected at some of them. and I am really really bothered by the fact that this is so final I mean for life, I can't go back and try to fix things or change things. that's what's really bothering me, I can't seem to be in charge. I really wanted to be on crew really bad, I looks so fun and I love water, but the practices are so early I mean 5 and 6 in the morning, that's like the middle of the night for me. I got home at 2 and would have only got 3 hours of sleep if I wanted to go to try outs, and since I can't go to the practice tomarrow I am pretty sure thqat I can't do it, there's always next year, I guess its all for the best, I mean I will have a chance to get my footing and get adjusted, I don't want to be to heavily involved my first semester and being in a sorority takes up so much of my time. god I just really want to meet some hot guy and make really close friends, I know I'm supposed to give it time but I have been so severly disappointed since I have been here. I didnt get the chance I wanted to be in the in the really cool top sors and live-- had to go to the bathroom much better. I guess I'm happy I mean I just have such high expectations for myself, ilways want to appear to very cool to everyone else, I guess other's opinions really do matter and I know that isn't what is going to make me happy yes like with jas. jazz I really fucked up that one, all I could think was will I be cooll with this guy next year, not if I was happy or if I liked him as a person and when I realized what he meant to me it was too late. and then there's also the fact that after we got in that little fight I cuouldnt do anything about it. just wait for him to call or not call, I couldnt fix it. even after I went down there I wanted to make him see I was sorry and that I could be and was everything he wanted. I can get so messed up sometimes. I don't give people a chance because I don't perceive them as what other's would perceive as cool soes that make sense well to me it does. why am I so obsessed with society standards, I guess that 's I why I have never really be that happy or had a really super good best friend. to worried about what other people will think or say when they see me. I want to be proud like all the other girls and I don't see why they get to have everything. I mean they can be cold hearted bitches an dback stabbers, everything bad, but they'll have popularity, hot guys tons of people dying to be their friends, but me typically very nive and loyal doesn't ever get any of that, or maybe I do but just not they way I want. I always want what other people have or I can't get. more writting but I kkinda ran out of topics running why do I have to run so much and eat so little I'm mean I have a serious problem with wieght gain, I can't loose the pounds and I seriously feel like cruying because my legs are so thick. I mean I work out and I'm trying to more and have seriously cut back on my this song sucks how much longer, I guess its ok I don't want to take off my ursuline ring its part of who I am, I think its cute that I still wear it. i had a good time at ursuline it was only this summer that I got dicked over. I don't know what the deal is with andrea but the has some serious issues, she needs to grow up or get a life. I mean she just takes me for granted so much and now she's doing it to my roommate and I don't like it, I thought for once I would be able to get heroutof my life but it doesn't look that way, its like she doenst respect my friendship at all, she really doenst respect anyone, she is a conceited spoiled brat. I need to brush my teeth oh hey look I'm done  ",high,high,high,low,high
"Well today is my birthday and I am excited. I turn 19. I am no longer just 18 and not quite 21 but somewhere in the middle. Today, I go up at 12:00 in the afternoon. I hate having to wake up so late because my day feels as if it is half gone. I guess that is why I'm here in the computer lab trying to complete these assignments. I am a little disappointed in myself because this assignment was originally due on Friday, but because some people were having difficulty with the computers the deadline was extended to Monday. That is great. I felt awkward because I had not completed the assignment not because I had computer problems but because I was to lazy to do the assignment. I have one problem I think in life and that is that I have too many friends. That seems like a weird thing to say, but it is true. I came to Austin with not one single friend or any family up here and for some reason I have many friends. I ask my friend Jina, do I look like a people-person, because people are just coming up to me and wanting to be my buds. I think that is so great. Most people would usually get very nervous and would not try to continue an conversation with complete strangers, but I try. Once you make the effort to reach put to people you will realize that there is a lot of people wanting to be your friend. I did something in the cafeteria the other day. I was running a way different schedule than my other friends, so I went to the cafeteria alone. I was thinking to myself, great I have to just eat and not talk to anyone. I was not going to do that so I say this guy sitting by himself. He looked decent and it wasn't as if I had any physical attraction to him. I just sneezed right now, two times. No one said bless you. I just thought that was weird. Any was back to my story. I went and sat down with him and we ate dinner together. It turns out that he is from San Antonion also. wow  So I see him every now and then and we say hi to each other. I know this guy, his name is Carlitos. His is the coolest. Everywhere we go he knows someone. He goes to school at SWT but he knows people at UT and UTSA. I want to be someone who has friends everywhere. I have been doing a successful job so far, considering that I'm a freshman. I really like it here at UT. I am making friends, doing reasonably well in my classes, I have an easy job at the MIC in the SSB. To me the SSB is a great building and I talk about it everyone should know but everyone doesn't know about it and I think that is interesting. A building designed to help students and many don't know about it. I understand that the freshman don't know about it but  professors and upperclass students don't know about the SSB. My hands are tired of typing and I have 5 minutes left to write. I like this psy class except that I want to fall asleep in the class. I probably should of scheduled the class for an earlier time. actually I that I think about it I did try but TEX was not working to my favor so I stayed with that time. I hope I get accepted to do the experiments because I surely do not want to do a research project. Tonight we plan on drinking some beer and having some pizza for my birthday. Last night when the clock struck 12:00 midnight, my best friend from school poured beer on me. We also dropped ashes from each others cigarette into each others beer and drank it. That is our new tradition we will carry on for years. Jeanie is a great friend. I wish she would come to UT instead of     SWT, I know she wants to . well time is up so BYE.    ",high,low,low,low,high
"I feel a bit stressed due to the fact that my first three tests are all next week. What will they be like?  Will I do well?  Or, will I enter the large classroom, with a crowd of students all cramming in the information for those last final moments before the test and freeze after spending countless hours preparing. The new environment is wonderful, however many changes come along with it. The first test of the year, the first test at college. Each exam seems to have much more bearing upon your grades than in the past. Some thoughts about how I'm going to go about studying have crossed my mind over the past few days. These hours have most likely been wasted, as I could have been studying or reading material which will be covered on my tests. However, this is not quite the way I always function. I often tend to spend too much time worrying about how I will go about doing something, rather than just doing it. Anyway, I spent a couple of hours studying today and I have figured out what time of each of my days between now and Wednesday, and how each precious moment will be spent. I'm sure it will all work out, but until these first three tests are finished, I know that some time will be spent worrying about how the final result turn out. Those are just some thoughts about school which are probably quite typical of a freshman. It's strange to come from the top, back down to a little freshman. It appears that quite a few people have decreased their level of maturity back down to a freshman in high school. A girl I know walked back into her room last night to find her pictures colored on and holes punched in her eyes. Seems a bit disturbing, doesn't it?  There's always the issue of talking to a boy and everyone assuming that your ""going steady. ""  It's difficult to even go to someone's room of the opposite sex without everyone assuming that you must have been doing something rather than talking. I guess everything, with time will pass. I'm really enjoying the transition, for the most part. It's strange to not see some of my best friends, but this is all part of growing up (Not to sound hokey). So far, it's been lots of fun and a time of many changes. I'm eager to see what lies in the future and continue to make new friends.   ",high,low,high,high,low
"Today was a pretty calm day. Nothing outrageous happened. Right now I feel hungry, probably because the last time I ate was at 6:50 or so and I didn't have much. I tired this new stir fry stuff and some mashed potatoes. It was ok but I guess it was only filling for the time being. I almost forgot I had this assignment due tomorrow. I sprang out of bed as soon as I remembered. earlier my suite mates and I watched a movie at the union called Mean Girls. It was good and they showed it for free too so there were a lot of people there. They show a lot of movies at the union. The next dorm family event planned for us is to go and watch the movie Troy. My roommate's friend is going to make her and I watch the movie schindler's list sometime soon. He is a big movie fan and is going into the college of communication and he wants to be a director later on. He has already made a movie. He made it in high school and he went around and just videotaped the different events and people at school. My roommate said it was good. She just told me that her chemistry professor wrote the book they use in class. Its not just him but he has contributed to writing the book. He has his name on the cover of the book and everything. I'm going home to Houston next weekend to see my family and to attend this bayou bhangra competition that all my friends are going to. Its going to be really fun. I can't wait to see my baby sister she's just too cute for me. I love her and she's a miracle baby too especially because she serviced through my mom's accident and all the medication my mom had to take during her pregnancy. But I guess that's God's love and blessing and I am very thankful for everything he as done for me and my family but I don't know what to think of him after my aunt and uncle's freak accident and death. I don't understand why he sends us these extraordinary people and then just takes them away from us before its time for them to go. I don't know I suppose its just one of those things that happen and can't be explained. And I believe that things happen for a reason but I don't know how God can justify their death and all these things that have been happening to our entire family. Things haven't seem to be right ever since my grandmother passed away. Well that's all I can think of to write about and its time now too, how convenient. Bye ",high,low,high,high,high
"In this present moment I feel slightly irritated due to the fact that earlier  today I was not able to surf the internet on America Online. The problem of surfing the internet could have been easily solved by going to a computer lab  in my dormitory(Jester) and logging on to the internet from there. However. my focus was to locate some friends on the internet. This feature is exclusive to America Online and not possible to achieve in the Jester Computer lab. Ultimately I gave up and now I am in the process of typing this 'stream of consciousness'. Another issue on my mind. even though it may sound trivial is table tennis. Earlier in the day my friends and I were unable to get an open table which irritated me. Truthfully, I will admit that I am fairly easily irritated. I think that a large blame on this problem rests on my tendency to be a perfectionist. When things do not get done, or do not get done the way that I want. I get really irritated.   On a good note, one good aspect about myself is that I realize my shortcomings. I am trying my best to overcome these bad tendencies that I have. In my opinion, college means to me a clean slate in which I can start over. I am trying my best to get off and remain on the right foot. One of my foremost goals is to meet new colleagues and friends. Friendship is very important to me. Without friends. the road of life would be lonely indeed. Whether these friends are so called 'e-friends' that I keep in touch with over the internet, or friends I know in person. they are equally important.   While I am on the 'e-friend' topic. I feel compelled to mention an incident that happened to me on the internet. I met a nice female an America Online. Considering that America Online is the largest internet provider in the world. I was very surprised that this person  happened to live in close proximity of me. We set up a rendezvous at a coffee  house in which we met in person. We had a good time. This just shows how the world is smaller than it seems. In addition. I also keep in touch with e-friends in such places and Germany and Singapore. It is very interesting to converse with them.    As you can probably tell. I am very much a technophile. I love anything electronic and I especially love computers. But of most importance to me as I mentioned already are friends. I guess I could say the prevalent topic in this 'stream of consciousness' is friendship. To tell the truth. if any of my e-friends were severed from my acquaintance, be it by losing touch or just plain not talking to me any more, I would be extremely upset. However. I know it cant last forever. Sometimes it seems that nothing will last forever. I guess sometimes we just have to move on. ",low,high,low,low,low
"Well, all that is on my mind sure cannot be summed up in twenty minutes, but I will continually type for that time. Lately I have desired to do nothing but become closer to God. He is awesome. My freshman year of high school was great all because I had God on my side. Now I feel like I have lost him. I know He is still there for me, but I have damaged that relationship that we had. I chose to live my life and not listen to Him. It hurts because life was stressfree and I always knew that God was just right there waiting for me everywhere I went. When I would walk outside I would smile and greet God with open arms. Now I feel like sometimes I look negatively upon the weather and don't even think of the great God who made everything. I have been trying to become closer to God. I read in the Bible more often. Rather than praying for myself or for God to do great works in my life, I now ask God what I can do to better the lives of others. I think that my outlook on life will change once I fully begin to ask Him what He wants of me rather than demanding Him to help me. I think once my relationship with Him improves, my money worries will go away. One worry is about transferring out of the school of business. I could transfer out of the business school, but I am afraid of what my future holds. I know with a business degree at UT jobs will be flying at me from every direction. Instead of being a cutthroat businesswoman, I want to help society. If I would get paid a good amount, I would definitely help the homeless or disabled. That attitude is wrong. God does not want me to think like that. He wants me to trust that He will provide all my financial necessities. He wants me to pray to Him to find out what I need to do in life. He will give me meaning once I am fully ready to accept His answer. I continually pray to God asking Him what I am to do with my life. He has not told me. I do not think it is that He has not told me; I think He has told me to wait for the right time for him to tell me. I know He will let me know when He feels I am ready to accept the task He has prepared for me. Right now I long to know what that task is. As I read the Bible daily and pray to Him daily, I feel I am taking one step closer to receiving a better understanding of my life and knowing what I am destined to do. I cannot wait until God shows me the way to my career, my husband, my kids, my destiny, but I always have to remember what my mom says. God and her both agree: patience is a virtue and in order to obtain these goals, I need to be patient. ",high,high,high,high,high
"well, today is a pretty easy relaxaing day. I've kinda gotten into the school mood now so it's not too hard to sit down and get stuff done like it was a couple days ago. when I got here I had no clue it was going to be just what I thought is was going to be like. needless to say, I'm happy. it feels just like a movie or something. I'm so lucky to have such a great roommate. she's so awesome. we knew eachother in high school but we never were great friends so it works out perfect. we always can feel free to go our separate ways and always have someone to come home to and share our nights with. we are so much alike and so much different that God sure put us in the right place. we make eachother laugh. she even hooked me up the other night with one of her friends and I had a great time. we were discussing something last night though. we haven't seemed to find our nitch yet. we've met a lot of people, together and separatly, but I guess it just takes awhile to find your friends huh?  I'm not too worried or depressed about it yet. I'm busy as it is. friends will come. I wish matt from orientation calls me. I think we could be really good friends. I'm pretty upset with some of my friends right now. mainly blake. my old best guy friend. we used to be so tight but now he's changed. all he cares about is partying and drinking and keeping an image. it's so not him and he knows it. he is so much better than that and we've even talked about it before. I just care for him and miss him but both of us are too stubborn to call first and stuff like that. we've always been that way. let me tell you, senior year with him was pretty stressful. I just wish sometimes things were what they used to be. don't get me wrong. I absolutely love college but I guess I miss all of the tight friendships I had and my little group at school. but I love everything about college (except for the showers) :)  well, that's it for now. besides the fact that I wish I had some significant other. or maybe I don't. sometimes I wish I did but I still enjoy looking at other guys and flirting and I'm still meeting people now so I guess it's good I'm not tied down. and I'm really excited I found a theater club I could join here. and I don't have to major in theater. I did a lot of that in high school (hated my teacher) but I was a role model to a lot of people and that made it easier to cope with her. I'm so glad that we have email today. it makes it such an easier way to talk and communicate with people. I miss my friends and family the most. I'm not really homesick yet, which is good I think. I think that shows a sign of maturity. I'm not going home this weekend. I know my parents would want me to but I don't really feel like it yet. I propbably will the next weekend maybe. I know I am for our high school's homecoming for sure. I think that everyone from my school that goes here is going back. I think that it will be fun. I loved high school football games. I went to every single one all four years but two of them my senior year. well, it's been past 20 minutes. until writing #2. ",high,high,high,high,high
"College life is so much different than anything that I have ever experienced in my life. It is so neat how you come here knowing so few people, and by the third week you are best friends with a group of guys from some place you have never heard of. I would never have guessed that I would get a roommate that is engaged and is never here, or break up with my girlfriend, or even meet so many different people. What is so neat about it is that you meet somebody new every day. You meet those people, then you meet their friends, and then their friends, and before you know it you have this huge network of people that you thought you would never meet. The other thing about college that was different was the incredible urge within me to surround myself with people that I previously did not know. That is why I broke up with my girlfriend. I was being stubborn and was thinking to myself that there are so many women here and I will find somebody else. Sure there are plenty of other people here, but not one has been as cool as Monica was. Now I can't decide if I want to get back with her or if I want to stick it out and find someone different. When thinking about this decision, the saying, ""don't fix it if it ain't broke"" always comes into my head. We were happy together and we had fun, so why should I not stay with her. Then again we did have our bad times and there are so many other people here at UT. I don't know what to do so I'll move to another topic. This semester I am taking 17 hours of course work. I have six different classes and everybody thought life was going to be so hard for me, but it really has not been to bad. You have so much time to get everything done in college. Where in high school I was playing 3 different sports and taking hard classes, now I am just taking those hard classes. It is nice to be able to do whatever I want when want. I am used to having my parents around nagging me about homework and studying, but they can only call and do that here. Just because I am not feeling to swamped with 17 hours doesn't mean that I want to continue taking that many hours from here on out though. After this semester I only have to take like 13 hours a semester, which will be even better. That is unless I decide to study abroad. By writing about exactly what I have been thinking about, I can now see what has been wearing on me since I have been here. I mean I knew what the basis was for all I was thinking about, but until now I hadn't really thought about how all this stuff has such an effect on me. I have always and always will worry about my schoolwork and about girl problems, so that doesn't really come as much of a surprise to me. However it does surprise me that taking 17 hours doesn't really bother as much as I was thinking it was. ",low,low,low,low,low
"My chemistry book does not have a periodic table in it while my roommate's physics book does. I find that somewhat strange, as the periodic table does not really have as much to do with physics as it does with chemistry. I have come to the realization that Indian producer people truly are strange. This realization has come after a weekend of analyzing music videos and such. I mean, they parody off of old songs as well as songs from here and incorporate a million and one costume changes and odd moves into their dances. The people upstairs just made another random noise. It sounds like they are always moving furniture or wrestling or something. I'm pretty sure there are guys up there, since I don't think that girls move their furniture daily and wrestle. I really don't know what they do upstairs. The people next door to us are just as strange. They screen their phone calls I think; their phone is always ringing and no one picks up. But then I hear them in their room. Actually, I'm beginning to think that screening phone calls is a pretty good idea. We've gotten some random phone calls. Some of these calls came from people I know very well and yet I can't understand the messages they leave on the machine. I just realized that I have very random thoughts; I think that this means that I'm not really focused on what I'm doing or something. Actually, I'm trying to think of something really meaningful to say in these twenty minutes and my mind is coming up quite blank. I just don't seem to be able to find an issue to get up on a soapbox about. That is quite sad; generally I always have something that I can just ramble on and on about for hours on end. Yet when I'm called to do just thatnot a thing shows up. I wonder when I'm going to get rid of my cough. I refuse to take cough syrup because I don't like the taste of it, and so I'm going to be suffering with this cough for a while. I don't know why the cough syrup manufacturers can't add artificial flavors to the cough syrup to make it taste good. Then again if they did that, kids would want to take it and then they would get addicted to it. That would most definitely not be a good thing. I guess even if it tastes bad enough people buy it; but making it taste better would be a good thing. At least, change the flavor from cherry to, say, grape. Grape is a good flavor. Chocolate is a good flavor too. I like chocolate. Actually I like all sugar; I think my roommate would agree with me in saying that the sugar I intake daily is what causes my oddness. But sugar is good nevertheless. So is chocolate. I don't think it causes acne. How can something that tastes so good be so bad? Of course the same comment could apply to other things as well (pizza, Italian food, etc). Ah well. I never knew twenty minutes could last so long. It's neverending. I feel like thirty minutes have gone by, but my watch tells me only fifteen. There was just another random thud from the people next door. I think they must have dropped something plastic. I just realized that I don't really know any of the people who live around me. I think that's probably because we have private baths and so we never really come across one another. That's kind of sad, considering I hear from everyone that ""People who live on the same floor as you become your family"" and I don't really seem to sense that. We all pass each other by in the hall and on the elevator, but we never really take the time to speak to each other. That, to be honest, is the one thing I didn't like about UT. The fact that everyone knows people already makes it impossible, or at least very difficult, to make new friends. Even when you make the effort, it's tough to meet new people. We all have our high school buddies. Well my time is almost up for writing this assignment; just as well, my hand hurts from typing for twenty minutes straight. If I had counted the number of times I hit the backspace button during this exercise, I think I would come up with this huge number. I never knew I'm so bad at typing; I have the speed part down, but the accuracy eludes me yet. ",low,high,high,low,low
"     The speakers that are connected to my computer are extremely cheap. I only purchased them because there was a $15 mail-in rebate with them. It would be really nice to have a new computer, this one is old and outdated and the internet connection is really slow. I am tired of always having to listen to my brother and his girlfriend bicker and yell at each other, they are like two little kids every waking hour I'm with them they are constantly harassing each other. My computer monitor is really small. It makes looking at my screen for extended periods of time like this hurt my eyes. College life is really not what I expected. I'm constantly feeling homesick and want to go back to Houston. I guess I just need to get acclimated to Austin and college life once I do I'm sure I will enjoy it very much but until then I will attempt to go back to Houston as much as possible. Luckily a lot of my friends also attend UT, they are definitely making the transition more bearable. Every one of my classes has over 100 people in them. This is a big change from my 20 people honors classes in high school. It doesn't really allow me to make relationships with my professors. Raquetball was really fun. I ran smack into the wall with my shoulder and it still hurts but its a good pain one of those pains that reminds you that you accomplished something fun and physically strenuous. Yeah I don't think I spelled that word correctly. I'll have to look it up in the dictionary when I am done. Is this assignment done yet? No still 13 and a half minutes to go. This is the first time I've ever written a stream of consciousness. I know there is some famous novel or documentary our there where there is like a 17 page stream of consciousness containing only a single sentence. I think its title has the world Ullyses or it is written by a Ullyses or something. I know this because my father appraised me of it. Just useless trivia I guess. I enjoy watching trivia games on TV, mainly stuff like Who Wants to be a Millionaire or Jeopardy. But maybe that's just because normally there isn't anything else on. The World Series of Poker is enjoyable to watch as well. I was initially really sceptical about writing this stream of consciousness because I didn't really know how it would turn out or how easy it would be to write, but now that I'm half way through it things are just sort appearing on the page. Definitely not what I expected. I have to say this is the most interesting writing assignment I think I have ever had. Whew only 8 minutes to go. The printer next to me is running out of ink, which means it will have to be replaced pretty soon which means more money out of my pocket. You have to be thrifty in college that's for sure. My budget is $500 a month and this month alone I have already spent over 800. I sure am glad that I received financial aid to make the burden of paying for college easier on my parents. They were sure proud of me when I told them about the scholarships I received. It felt good to make them proud. My brother is smart and does extremely well in school, I hope I can live up to my parents standards and continue to do well educationally in college. College sure is much different from high school. A lot more studying and my studying skills aren't nearly up to par considering I almost never did it high school. Now I know I need to study to do well in school so I am, but it just takes me forever to outline a chapter. A lot longer than it seems like it really should. I guess maybe I'm a little bit too stressed out about college. I'm sure that once I get used to it, it will be one of the best experiences of my life. But until then, it's still hell. My friends are in the living room, I told them before I started writing this not to disturb me for 30 minutes, but who knows if they will obey me. My one friend John loves to just barge into my room. I played raquetball with John and Joseph. I suck at raquetball but hey it's only my 3rd or 4th time to play it. None of us are really are that good. The lie detector test in Psychology class last time was cool. My hands normally get really sweaty so I'm sure I would have sent that sweat-o-meter off the charts, I wonder why my hands are sweaty a lot. ",low,low,high,high,low
"The University of Texas at Austin is amazing. I love the fact that I'm living independently in my dorm. I have high expectations for myself here at the university at I also fear many aspects of college life. I have to remind myself to stay focused. I'm extremely excited about the opportunities that Austin has to offer, regarding education and entertainment. I'm really looking forward to the relationships I'm going to make, the parties I'm a enjoy, and best of all the memories that will be cherished. I feel so free, but nervous at the same time. I feel I can make it though. I just visited home last weekend to visit my grandfather and the rest of my family. I miss my grandfather, but he's in a better place now. I believe he's still with me in spirit and his soul is still protecting me. Death is a crazy thing. I was happy to see all my family for the labor day weekend, but it wasn't the same without my grandpa. My grandpa was like the king of my large family, so the reunion was abnormal without the him. I pray for him like I always have. My cousin's up in ATX with me. I know I'm a be partying with him a lot this semester and next semester. I felt so suppressed at home cause I had parents that tripped all the time, but I know they trip as much as other parents. I'm enjoying everything at this university. I'm just inhaling everything and it's great. Classes are huge, people are diverse, it's just a crazy experience. I'm half way done with this assignment. I miss some things about my hometown, I miss my mom and the rest of my family, but I miss my girlfriend like Crazy! She's so amazing! Kat dropped me off last night and we chilled in my dorm all by ourselves. We've been together for like an official month, but we've been getting to know each other for like 7 months. I'm really starting to trust her, she's really growing on me. I reminisce about my other girlfriends, and they're whack in comparison with my shorty. She seems, and I emphasize seems, so faithful to me, it's weird. Trusting girls with all your heart is hard, because tricks be scandalous sometimes. I've been played like a Sega dreamcast over and over like a broken record. I got so much battle scars and war wounds from selfish young girls, it's hard to believe I can still trust Kat as much as I do. But for some reason I just do, I'm fearing what the hell she's capable of doing to me, like hurting me, and that's why I don't act faithful sometimes. I've been good, but I guess I'm just scared to be alone, so I just stay somewhat close to other women. Because if she messes up and does me greasy, then I got some chicks that are close to me. I've never really been alone in that way. There's always some girls willing to get to know me. I've had some lonely times though everyone does. There's so much in front of me at this university, I don't know what to expect. I just have to remember to stay focused, get my priorities straight, and bust my ass to get my goals done. ",high,high,low,low,high
"camping was fun. got a little too drunk. I think I'm getting sick though. sore throat, headache, the usual routine. no worries. I hope I can be as happy as those people we camped with. even though they were kinda old they were still really cool. and they were partiers. it's wierd to think that peopole so different in age can totally relate to each other. I thought it was going to be a boring weekend but I think I actually learned a lot. I hope that when I'm that old I can still appreciate life as much as they do. they were just so gracious for everything they had even if it wasn't a kings life. and that one guy was the shit. I can't imagine being shot out of a cannon. he must have some great stories. I hope I can see dustin tonight. that would be bad ass. but I would really really like to see a sunset too. I'm definatley lacking in the sunset category. but I don't think the ones here will be nearly as good as el paso. damn I miss el paso. I miss the desert. I could go for laying in the bed of a pickup truck and watching the stars while listening to good music. maybe some live acoustic shit. bongos and guitars. that's the shit. I love gummy bears. the white ones are the best. but the other day we got a really weird one. it was big and gflat and tasted fujnny. but it was good. it was so good that we even split it between three people. so d'lane and I met this guy deniz. I don't know about him.     I have hella ant bites. they suck. all ants should die. a painful, painful death. I need to paint my toenails. that will be fun. I love my new fish clarence. he's so cool!  but he's a very deepo sleeper and he likes to play dead a lot just to mess with my mind. I hate fish!  but for some weird reason I really like that guy. but I miss my kitty a lot. that's a bummer. well I think it's been 20 minutes. ",high,low,low,low,high
"I am thinking about the video game I just tried to order over the phone. It angers me that it is sold out. I am now thinking about this assignment. It comes to me that I would very much like to make a superb grade in all my classes. I think that perhaps I shall if I apply myself. I am glad to think that I can do well in school. My thoughts now focus around a girl in my philosophy class who has the cutest face I think I've ever seen. I am trying to figure out a way to talk to her. I think it will have to be classrelated. There are two other girls in that class that I think are attractive. The class itself is very fun as well. I have a lot of work to do this weekend. I suppose I should get straight to it when I get home from class today. Damn, I have to work out. I used to dislike working out because of the physical discomfort, but now it's merely an issue of time. Time is the one commodity I am exceedingly greedy with. I am now thinking about how to best manage my time this weekend. I am more or less caught up in this psychology class; I now have more time to work on the others. I think I will get caught up on reading in English, and then turn in my paper. I paused for a moment there in my writing. I was thinking about what it was I was going to do today in the gym. I realized it was leg day. Leg day is excruciating, but short. Oh well, I will live. My thoughts wander back to women. I would very much like to get better acquainted with all kinds of women on a casual level. I need to expand my pool of female friends. Even as we speak, a plan of action comes to mind. School makes it easy to meet new people. I simply have to turn off my shyness. I paused AGAIN in my writing. I was thinking about the study section in computer science I was about to go to today. The TA in that study section speaks very poor English. I will go because I understand the code he puts on the board enough that I am well ahead of his thinking during that hour. The other students are not so fortunate. I figure that they'll survive. The class is a breeze. It is not very challenging, unfortunately, but I am learning a bit. ""Easy Learning I call it. "" Ack, the image of a naked female just popped into my head out of nowhere. Why did that happen? Sometimes chaotic thoughts pop out of nowhere for me. At any rate, I am now thinking about what I should eat before class. Cereal. When in doubt, you cannot go wrong with cereal. Hmm, still struggling to get that nude image out of my head. I don't need distractions right now. I need a clear, controlled mind. I am thinking of how much I have in my bank account and how I will manage my finances this month. I am somewhat poor. This will change when I graduate, but for the meantime. poverty. I'd like to think that I can be rich one day. I can see myself driving nice cars, living in a nice place, and wearing nice clothes. I can see myself managing my own time, and I can see myself being satisfied as far as that goes. Money isn't so important to me, but freedom of time is, and the only way I can see myself having free time is being wealthy. Oh well. C'est la Vie. It seems my time is about up, but my closing thoughts dwell on responsibility and what it is I plan to do in school. ",low,high,low,low,low
"I feel that I am not very satisfied with school right now. I don't have that many friends but I am sure that I'll start making some soon. I miss my home and my miss my family and I miss my girlfriend who is also in fort worth. I always talk to her and I wish she was here all the time. I miss her a lot and all I can think about is being able to talk to her. school seems a little hard. I haven't gotten used to the studying habits yet. I know that I will soon get back into the grove though. I can't wait until I get to go home this weekend. I want to go home every weekend but I know I can't. it is so hot out side and I want things to cool down just a little bit. I want to be able to go out and play but I don't like going to parties and that's all people want to go do. so it seems like there isn't ever anything to do down here unless you go to a party. all I want to do is go home. it is a lot more fun at home. I don't understand why people say college is so fun when I haven't really had any fun yet. I don't want to join any frats because I don't think they're worth it. and I also hear that they make enemies also. and I don't want to make any enemies down here. my classes are kind of confusing. and since I don't know any body in the classes, I don't feel comfortable asking the people next to me questions. the weeks go by so slow. the only thing that I like about school so far is that I get done with school on Friday at eleven o'clock. that way I can leave for fort worth much sooner. my arms are starting to hurt and I still have just gotten started. time is going by so slow. I want to get out of my supplement housing. I don't like having a room with three other guys. and I don't like my room not having a sink or a mirror. I sort of like the big classes though. it makes class seem more fun. I am so sleepy right now. I don't know if I want to do my home work any more. I might just want to go home and take a nap. my room is so cold. we tried to get the a/c turned down but it still blows super cold air. and plus I sleep on the top bunk right by the a/c vents so it blows right on me. I always get a really cold nose in the middle of the night. and I also have a room mate with a really loud alarm. his alarm constantly goes off and he keeps hitting the snooze button. so every nine minutes it goes off again and again and again. it's so annoying. it's like just freaking wake up or turn off your alarm. I don't understand these people. and would be trying to sleep and then he walks into the room and turns on the lights which light up the whole room. and I'm trying to sleep. he has a little lamp but he doesn't use that instead. talk about no consideration. I don't like having to go down the hall to the bathroom just to brush my teeth. or going down to the bathroom just to put some lotion on my face. I want to be able to just wake up and do all that in front of a sink and a mirror that I don't have and what every body else does. I am getting tired of writing and I'm glad that the twenty minutes is almost up. I wonder if you guys are really going to be reading this thing all the way through. I wonder if you think I'm weird for saying some things that I have said. I wonder if I'm the only person that feels this way. last time I played basketball and now I am very sore. it's hard for me to walk around. I think I'm about to fall asleep on the computer. I can barely keep my eyes open. well sorry guy but my twenty minutes just about to up. bye bye and I hope y'all have a good day. ",low,low,high,high,low
"I’m in the mood to write and so I decided to do this writing assignment. sometimes I get in this mood to write anything and everything that’s on my mind. I guess it only happens when I’m bothered by something. time and time again thought it always seems to be about people and my interactions with them and how they are so I don’t know. how should I describe. I guess I was too sheltered to know how much people can hurt someone. why are people so selfish and care so much about their own well-being?  why does it hurt the good guy to be good. it seems the nicer you are, the more naive and innocent. the more you get hurt. you’d think id get the hang of it by now. but I don’t want to become like them. whoever’s reading this. are you Christian?  I am. or I believe in God and His Son Jesus Christ and I try to follow his ways. but it hurts so much because to win is to lose and yet I know I’m doing something wrong because in psalms its says to be as harmless as doves and wise as serpents. I think I've got the harmless as doves thing down, but I’m not very wise. I always get so hurt. I don’t know what to say. my thoughts don’t seem to be flowing and I cant seem to get what's on my mind out on this screen. I wish everyone were. how come I cant think. but I’m supposed to write for 20 minutes so I guess ill continue. no, I’m not totally disappointed with all people or anything if that’s what it sounds like. in fact I love my first roommate. she was so good so unselfish. so caring and hardworking. then there's my second roommate. I gave so much to her. honestly. and literally. she never once cooked for me yet I always for her. she never once cleaned yet I never complained. I bought the groceries and cooked and she ate. I cared for her well being. I never said anything to hurt her. I don’t even know how to describe. I really did care about her well being. as roommates, I thought of her as my sister in caring about her. and I tried to show her gods love. her mom came to visit for a month. I gave up my bed and moved into the living room  since we had a one bedroom. living with anyone’s mother, anyone else would complain. the whole month she was there. I still cleaned. but she did cook. although I didn’t eat at home that much. I tried to go home late and leave early because it wasn’t very comfortable with someone else’s mom at home. I tried my best. and I really thought my old roommate appreciated it. then the day before they moved out I noticed I was missing some silverware and a pair of shoes and since the mom was packing, I presumed she must have misplaced. so I left a note before I left for school to check for me - that I’m not sure how many silverware because I lost some in moving before and so its not too many I’m sure, but a few. when I came home that evening. there were my pair of shoes and a few silverware she took out all her silverware and started to make me look at every single thing saying, ""look! this is ours,""  then another wrapped piece,  saying ""look,""  and more and more. I was so shocked. I told her I didn’t mean to accuse her of stealing, if that’s what she had mistaken it, but  she said no, that’s not it  well its been over 20 minutes now. and in the end she ended up misplacing more of my stuff and I wasn’t going to bother asking about them. but it hurt me. not that she took the stuff, but to come out like that. after living together. I have a third roommate now (thank goodness the 2nd was only for the summer)and I hope everything goes well. I wrote about this because I saw my 2nd roommate today. and though we never fought I don’t think were friends anymore. and every time I think of her,  I’m hurt. ",low,low,high,high,low
"My main thoughts right now consist of music. I am thinking of a new song that I wrote about my thoughts on the people that I have seen at UT. Music I feel is the greatest thing in the world because I get to release all my emotions through a song. I think most people do not understand music or in that same since the love for sound and melody. These reasons have helped me to conclude why people like bad music like boy bands. Surely anybody with any amount of intelligence could see that these bands or groups, have no talent except that they can sing other peoples songs. I don't believe any of them write their own songs, so I can't see why people would think they are talented. This brings me to something else I do not like about people, they are generally fake. What I mean by this is that they do everything to impress others and not them selves. For example, people try to fit in with a crowd by wearing certain types of clothes and name brands of everything. This things I do not do and hopefully never will. I feel that people really do not know what they want or even how to get to where they do know. I thought by coming to UT that I would see less of this type of attitude from people but I now know that this is not the case and people are like that everywhere go in life. From this point I would like to say that UT is great(except for parking)and that I do like more people here then I did in high school. I am not sure what I want to do with the education I am receiving from this school but I hope that very soon I will recognize my calling in life. ",low,low,low,high,high
"Well, I am giong to follow my ""train of thought"" for at least twenty minutes. I wonder if I should do this assignment yet, I just added the class, and havent even been yet. Well, there doesn't seem to be a right or wrong way to do it, and I have the time now. This is my first assignment in college. I want to do well on it. I am very comfortable right now, although I know that won't last long. After this I am giong to LHB practice, and its about 100 degrees outside. I remember back in high school when I used to love band practice. Now it just seems like a chore, something I am doing for my parents. I'll do it though, and for as long as they want me to. I was in a bad mood all day, until about 30 min ago, when I finally got to add this class. This is the one class that I really wanted, but couldnt get, until now. I want to major in psychology, and then maybe do law school, if I have the energy. I would also like to be an astronaut. I try to set very high goals for myself, because right now, no doors have been closed. I still have the opportunity to do whatever I want, be whatever I want. I realized last night that if I wanted to, I could just leave austin and take a bus, or drive to California, and just live my life out there by the ocean, poor, but with no responsibilities. It is actually pretty tempting. I would never do it though, I guess because I know it is not a smart thing to do. I am really enjoying this, I didn't know it would be so easy. Speaking of big goals, I also would like to research time travel. I am not convinced it is impossible. I did a report on the possibilities of time travel last year in high school. Many people beleive that once you reach the speed of light, time stops, relative to you. It has been proven that time slows as you approach the speed of light. If time stopped for you, ou could travel as far into the future as you wanted, but you could never come back. I always used to think that if time travel was possible at all, it would be going back in time. I hope I am diong this assignment right, I'm really just rambling about whatever comes to mind, which is what is asked for, I guess. I am really looking foreward to meeting a lot of new people here. I also want to keep my old friends though. It shouldn't be too hard, because I only like an hour away. Well, I guess twenty minutes is up. I'm going to go buy my book for this class, then go warm up for band practice.                               Tyler  ",high,low,high,low,high
"It started out kind of good because school hadn't started. All I had to worry about was relaxing, working out, and enjoying life. Now, another variable, school, has been injected into the equation. I realize that it is a necessary evil because without it, I can never advance in life. Hopefully, one day I can work only when I want to work. Until then I will try to make the best of my life and enjoy every day like it was my last. You know, I should start my mission statement right now. I have also been wanting to put together a compilation of my own philosophies so that I would have a road map to live my life. I wish it were that easy. Anyway, here I am revealing how my mind works. It is kind of like a release to me. I should do this more often.       Recently, I have been thinking a great deal about my own shortcomings. These include my limited ability to speak, my limited athletic ability, and my the fact that I am not as charming and smooth as I want to be. Part of me wants to admit these shortcomings and accept it. The other part of me says I should always keep a positive outlook and refuse to accept these traits. I am at a point in my life where I don't know if I can ever fully improve this. As much as I would like to, it seems that I have hit a plateau and maximized my potential. But I guess I have to keep hope.     Moving on to other subjects, I wonder if I will ever find a woman to spend  the rest of my life with. Relationships require so much work, more than I may be willing to put in. This bothers me because I don't want to be 60 years old and lonely. Sometimes I realize that having faults, emotions and feelings is part of the price I have to pay for being a human. ",low,high,low,low,high
"So I'm not sure on what I'm supposed to be typing about. What I smell, taste, feel like??? Well I'm chewing gum. I've been chewing it for over like 3 hours now. I hate it when gum starts to get really hard in your mouth. My gum got hard a long time ago. But somehow the flavor is still intact. It's weird though- like with some gum, the flavor is gone after you chew it for like literally 2 minutes. However, I've noticed that Wrigley's chewing gum tends to have flavor for a very long time. There are many pictures on my wall. I stuck all these pics up like 2 days ago. There are pictures of my friends, one of my dog, and one of me and my sis. I don't have one of my family up there. I kind of feel bad in a way. But I don't think it's necessary to have them up on the board. I have a picture of them in my drawer if I ever need to see them. But I think it's better with them in my drawer. Every time I look up at these pictures of all my friends, I miss them like no other. Man, I had so much fun last year, in high school in general. But last year was definitely the best year. Man, me, Caroline, and Shaheen in government and Spanish. Those were some good times. I kind of even miss my teachers. And our elephants and doing SCN all the time. We have so many inside jokes. And although I'm sure I'll see Caroline again, I'm afraid that when I meet her things won't be the same. And for some reason I'm scared of that. I hope I can go to LSU in the spring. Or actually, I hope Caroline can come to Houston for Thanksgiving. Or both would be the best. And we can't forget about going to Europe next summer. I'm so used to traveling with friends because we always went on vacation with Xerx and Zahra. But now with this whole separation thing, I know that our traveling days with the Tegra family are over. Those were some fun trips too. I feel so blessed to have a friend like Xerx. And even Zubin and stuff. People that I've known my whole life. That even know I don't see them too often, when I do, you can tell that there's something there. Like I feel so close to them cause I practically grew up with them and their parents are like my parents. It's a really nice feeling. I'm also blessed for Shenz and the whole family. God, Shenz and Fred really do care about me and Tash like we were their own kids. And just knowing that really means a lot to me. And I hope that mom feels the same way about Zareen cause that would only be fair. So we're talking about fairness in my freshman seminar class and I'm thinking that maybe this class isn't going to be that easy after all. But I love the Professor; we call him Dr. EO. Hahaha, he's really cool. Like I walk into his class and he's like ""do you want a drink?"" Wow, I was like thinking ""what is this?"" Oh, and his classroom is in his office which have weird scary looking statues of people's heads. The office kind of reminds me of the The Vinci Code. I don't know why, maybe the whole ""Louvre"" idea. I always say I hate France and stuff but I really don't. I just think it's kind of funny to say that. But I really don't know why it's funny. But I mean I've said it so many times now that I really think I've instilled the idea into my head. Like I really don't want to travel to France in the summer. But I mean if Caroline wants to, then I really don't care. I think I'm pretty easy going when it comes to life. Like about my grades- I mean if I don't so well in college, what's going to happen to me? I mean, I'm still going to get a job and all, hopefully get into a good grad school. But I mean if for whatever reason I don't, then I think I'll be ok. I mean, it's not like I'm going to die or anything. Plus, if I have my own family then I don't think I'll be able to work and have the kids and stuff. Man, it's a complicated issue. We got a phone in our room, the same one I had in my room at home. But I haven't used it once here. If anything, Jennifer has used it way more than me. Man, I haven't even given anyone the number to this phone cause I don't want them calling in case they call when I'm not here and then have to talk to Jennifer. I'm not sure what I'm more afraid of, them talking to Jennifer or Jennifer talking to them. No, but Jennifer's really cool. But so is Joanna's roommate. Man, I wish I had a roommate like her. Dude, me and Jennifer need to start hanging out more often. But I never want us to have the same friends. John is one of Jennifer's friends. Majoring in Japanese and stuff. Wow, that's cool, especially since he's white and all. I've always wanted to take some random language like Japanese. I don't know, it's like you gain more respect if you fluently learn a language that is so not from where you are. Like me learning a African language and spe ",high,low,high,high,low
"I'm always the last one to know he said. I know the feeling. What can I do to reach you?           You can know anything he said. but I didn't ask- I didn't know how. and is the offer still there? Are we ready to take it?  We've passed being ready. We never had a real beginning or middle- just skipped into this end? I want to slip into reverse. Where is our beginning?  Did it die when we said I love you?  You make it too powerful- I make it romantic abandon. I was afraid. I think I'm losing you- and I don't know how to fight that. I'm not sure I really know what we mean. . Maybe I was wrong for holding back- but you held back too- We both did. Let us lie together and hold one another and love. I look at you. looking at me. seeming wonder- take your hat off. smile at me through the cracks in your skin. Why do I get this feeling that in the course of my life I will have to become a Queen of letting go-?    . . a master. an expert- flawless mover. mask of beauty. horror. What is real?  I know. got me a name- but names change. Have this face. so do they sometimes. still, here I am. can close my eyes. learn to fly. far away-  To someplace where faces are real. no gunk to cover 'em. no baggage to smash 'em. I am only as free as I really want to be. As I allow myself to be- Freedom's just another word for nothing left to lose- you go Janis baby- I don't remember the last time I was free. security. A face is security. can be. Lie down- daydream. sleep things off- give it time, start over. I'm so lonely. need to find someplace in myself- tap into my soul and dig out the pain. You Dwell on answers without thinking and lose yourself temporarily- What is the answer?  Hey didn't you know that 42 is the meaning of life, the universe, and everything?  Bet on that 42- whatever 42 is. Go with it- run with- and try not  to think too hard about the way you see him- the way they curve in your mind- try to fill the empty space beside you with movement- try not to stop and then you won't miss. but that's not true. The Talmud had it right- We do not see things as they are, we see them as we are. And that is the sole truth- even when we think we cannot see ourselves. ",low,high,low,low,high
"I have been asked to do similar exercises in the past in which I was supposed to just write nonstop and track my thoughts or create a story, a cell phone is going off right now but it is not mine, I just got a brand new phone, it is a really cool camera phone, sometimes I hate having my cell phone because people just won't stop calling me and it gets really irritating, especially if you don't want to speak to the person who keeps calling you. I met this one girl Amy, and she called me so many times but the problem was I was trying to avoid her because I was not' really interested in her. But I didn't want to hurt her feelings because I know there are times when I have felt lonely or hurt myself. Anyways I would rather too many people call me then nobody call me. Last year I didn't have a cell phone and I wasn't really as socially active as much as people expected me to be or as much as my friends were. I really hate the keyboard that I am typing on. I am in the library right now, in the RLM building, I came here to come to a spanish class to see if I could get into a class I wasn't registered for. I promised my mom I would come and check this class out because most of my classes right now are not to difficult and I have a lot of time. Something I am not really used to. Anyways my mom has been bugging me about taking a foreign language for some time now because she desperately wants me to learn something. she owns a translation company and thinks it is vital that I be able to communicate at least in Spanish if I am going to live in texas. I really do agree with her but I don't really want to learn a foreign language. I took french in high school and it was really tough. but maybe that was because I didn't really work hard my first two years of high school and I never really paid attention in class. Maybe I will be better now. Anyways before when I was asked to do similar assignments I never was really able to write anything down. I remember one time I was asked to just write nonstop and then later what ever I wrote about I would use later for the topic of a story. The problem is that I really wasn't able to write anything down at all. Usually when I write something I like to think long and hard about what I am writing about and then phrase whatever I am writing in a very articulate and cleaver way. I am really hungry right now, I never ate breakfast. I usually don't eat breakfast but I usually don't' get up this late on the weekdays. I had a rough night last night. couldn't fall asleep and I didn't wake up till 12:25. I had a class at one otherwise I might have slept later. There are some people passing by me and I keep looking over wishing for some reason that I recognized them or that they went to my high school. my eating pattern since I got to college has taken a weird pattern-back to my no breakfast-I have 14 meal tickets back at the dorm but a lot of times I will only use 5-10 of my meals a week and that is being generous. the first week I had 10 meals left, last week I had 6 or 7 meals left. I am trying to get my brother to come to towers and eat with me, he can use one of my tickets but he won't come because 2 years ago he got kicked out of towers and I guess he is afraid of going back. somebody must have really scared him or something because fear or boundaries are not usually things that get in edward's way. he has no problem breaking rules or trespassing or anything like that if he wants something or wants to have a good time. He is by no means a bad person, he just doesn't like to be told what he can and can't do if he doesn't agree or approve of limitations he also can not work on someone else's time schedule. He use to be different, he use to be such a little goody good, he would follow all the rules and stuff like that he was such a wimp, I use to hate him when we were little and then other times I would love him but mostly I would hate him. Now I think he is one of my best friends-I think that this is because ever since I have been around him in the last year or so he has been really great and accommodating to me, he always makes me feel good and tries to make me feel welcome and special, my parents will say the exact opposite about him, they will say he is selfish and inconsiderate-they fight a lot-and in a lot of ways they are exactly right but in other ways they don't see things that I see. I am really grateful to my brother because in a lot of ways since I have been around him he has somehow taught me how to relax and have a good time. My parents will say that this is his specialty-relaxing and having a good time-they think he is really lazy and can't    be bothered to ever move, but actually I have noticed that when edward wants something he will do whatever is necessary to accomplish his task, since I've been in Austin it has been him who has called me several times to play tennis, and he also is surrounded by his friends and by women-this is not by chance. well my 20 minutes already passed ",high,high,low,low,high
"Well, after two weeks of trying to find a computer after receiving this assignment, I finally found one. Unfortunately it is probably in one of the worst possible locations, at least unbeknownst to the owner of this computer, who is-ironically enough, my poor neighbors who suffer through hours and hours of us ( the people living next door) screaming and yelling and jumping around until the wee small hours of the morning. I can hear the people in my room pounding on the wall now. ohhh shit, this girl who owns this computer just told me, not knowing it was me, that she hates the people who live next door (ahhhh!)  I am smiling now. I always find irony amusing. They are still pounding next door. What the hell are they doing. HE HEHEEHEH-they just called us the 'Fort Worth Girls'  now that's funny stuff. I seriously have a major stomach ache. It hurts soo soo soo bad. I have been sick for like, three or four days now, I really feel terrible. My insides just hurt and every time I stand up I get dizzy. This computer is slightly difficult for me to type on. Oh well I only have 13 minutes left if I did my math correctly which, knowing my intellectual level, I probably did not do. I kind of feel bad that these people I don't even personally know already hate me and my suite mates. That's kind of depressing you know, but then hey, what can you do about it?  Everyone is entitled to pass their own judgements, how ever unfortunately. I wish my computer was working. It's really, really cute. It's a new black compaqe-compaque well however you spell it that's what it is. I wonder how I did on my French test two days ago. I hope that I did okay. I am seeing all kinds of new people. Isn't it surprising all the people that you see all the time, every day that you don’t know and will never meet?  I think that that is , well to say the least, strange. MY back really hurts. I think , wow, coughing fit, that I will thank the girl who's computer this is profusely. I feel so bad now, physically and mentally. I cant wait to go home this weekend. Have my mom take care of me and see my guy that I am kind of dating. I miss him. he says he misses me. I wonder if he is sincere in the way that he expresses himself he is so poetic and thoughtful and lovely. I said that I loved him but I don’t know if I really meant it. I don’t know if I could ever really love anyone. After all, I really don’t even think that I love myself. chocolate milk, how random, sounds totally really really good right now. Anyway, he has a boxer dog named Romeo. Very cute. I hate most dogs however. I love my cats. I miss my cats. I am glad I am getting at least this first assignment done. I cant spell for shit tonight. I also manage to talk like a sailor. Oh well. I feel bad, this girl has like left her room, probably until I leave, I guess I wouldn't want to hang out with a strange blonde girl typing on my computer either. I wonder if she is talking about me now or will talk about me when I leave. That must suck, to know that that is going to happen and well, I guess I'll just be as nice as I can be. I really don’t want her to hate me but oh well. Oh hello boy in very very short shorts. That is so Montreal. I am just in extreme pain. I want to work out and I haven't in like ohhh-three weeks now. Hello freshman 15, 25, 55. I’m all about gaining weight this year. My mom is going to freak out and enroll me in every diet program in the country. Maybe I just can start like, slim fast right now, save myself some time and pain with my mere. I want to go to France. I wonder what exactly constitutes 20 minutes. I really must be very very thankful. I am such a terrible person. I really really am mean. ",high,high,low,high,low
"Calaculus is thr one road block in my college education. It's not that I hate math, I would much rater deal with numbers than people but I'm pretty bad at both. I giot my roomates girl friend to help me with tonites HW. Turns out I got the all right but did them totally wrong. I guess this is stream of consciosness. Hey the new Cris Cornell video is on! I loved soundgarden but Cornells neew stuff just dosent have that bite. I probably liked them beacause Matt Cameron, Sound gardens drummer, was an early inspiration to my own drumming. I love to drum. I'm happyi live in an apartment so my roomates and I can just play. I cont think id be able to play in a dorm! I read a couple books that worked along the stream of consciousness angle, but I always think of a comic my friend wrote  when I hear. he draws an exellent japaneese style comics or books I should say, on VERY sexual themes, hey there cool pretty funny to. On his website one time he did a 12 page thing on his own emotional problems. he protraied his conciousness as litte lizards and naked chics inhis head. it was hellously intaspective. I CAN'T SPELL. Its been 10 Minutes. This isn't so bad. Not boraring topic to write on and this will probably never be read so blah blah blaeh. I like the fact that most of my profs. like the internet. this is great no worrying about turning thins in. I'm always on my computersince I am a true computer nerd. that is of course why this is so late!! Hey a sound garden video is on! hey my writing is  coming back in on itself! I've alredy gone through one cigarette. I don't some much usually just after a big meal and at parties. I hate the tobacco companises but that is a EXtreemly shallow argument since I've given them a bit of cash! I hate people who have that kind of mind set. I don't like myself to much so I guess it works out. well now I really hope no one reads this  20 minutes HA ah!! ",low,high,high,low,high
Is Christina still on the phone? At 9:00 I can finish this and go to the grocery store. It's on. I wish I could have napster on Ethernet. I am really hungry. I wish I could have worked out more today. I should write what I'm talking about. I wish I could type with the right fingers. Why didn't I learn to do that? It was an important step I missed. I think the grocery store is on red river. I wish the door were shut. I wish somebody had emailed me today. Hopefully zac can help me with calculus. I can't remember anything. The teacher didn't even go over it with us. I'm really nervous about the quiz. Five hundred twenty five thousand six hundred minutes. Wow this really sucks. I have so much to do. It seems like I do nothing during the day. Maybe I should have stayed at the dance thing. Now I'm getting in the flow of typing. This split keyboard sucks for pecking. I wish I knew what to do about track. The phone is ringing. I miss my sister. I am glad I went to the grocery store last night. I hope dad doesn't get mad about the money I'm spending. I can kind of hear Saturday night live. I don't know how Christina concentrates in front of the TV. I had an itch in my nose. I can't wait until after my quiz. The hamburgers will be good at the KA house. I hope I have time to work out today. I think I will never be the size I want to be. Why do I have a rash on my ass? Its good I took a shower last night. I like my tri delt shirt. It seems like the time is passing very slowly. Only seven more minutes. Should I take a nap after this or study math or eat lunch? Ill ask Christina. Maybe she'll eat with me. I like the cafeteria food. I wish everybody treated the help better. Word perfect sucks. I hate the little green and red squigglies. There are worse things I could do. Somebody's knocking at the door. It's probably Elaine. No it's Bita. Is she talking to Greg? Is Christina going to be hungry? Man I hate those squiggly lines! I wonder if I should call the ticket office. I wonder if I'll need to study hard for this class. So far I've only done the pretesting and the writing. It's not even sunny still! That's awesome. I hate the heat. I can't wait until its fall. I love wearing jeans and sweat pants. I can run outside. Maybe then I'll get skinny. Mariah Carrey has a good voice? Where is she? Jessica Simpson sucks. She's ugly too. Her boyfriend is gay. Their relationship seems fake. My relationship is good. Jorde is great. I'm glad he's doing a frat. I hope they don't be hard on him. That is so gay that they do that to guys. I don't get it. Only two more minutes. It doesn't seem like I've written all that much. How are they going to know anyway? I doubt they'll even read that much of it. Bita talks a lot. She always has. That reminds me of Miss A. She never calls me. Why do I have to call everyone? Nobody ever calls me. Juliana emails a lot. I should e mail everyone. I'm much too busy for that. I need to call Dad. I want him to call me right now. At least that guy fixed the Internet. I need to learn to type. Okay I think I can stop now. I still feel like I should write more. Am I a perfectionist? I wonder if we'll learn that in psychology. ,high,high,low,low,high
I don't really know what I should write about. I guess I'm feeling alright. My class was cancelled for today so I had the whole day off. I rented Sling Blade which I liked the movie had people with psychological problems like the guy who is always talking about women he killed and the main character who cuts peoples heads open every once in a while if he feel s it is necessary. The keyboard on the computer sucks since the space bar key keeps on sticking whenever I try to push it down. I am kind of nervous about classes because last semester I screwed up grade wise after keeping an almost 4. 0 GPA for 2 and 1/2 semesters. I have never taken psychology before in high school and I wish I had since it would make the class easier now when I take it. I really can't type continuously for twenty minutes without having a definite subject so I keep having to stop and think of something to type. One of my goals this semester is to stop watching TV so often because that is what I feel screwed me up last semester since I was always staring at the screen either their or while surfing the web. Now I beginning to feel a little grossed out because I was just thinking about our dorm meeting where they told us housekeeping comes in only every other day to clean the bathroom when they used to come every day and it was still pretty dirty now it is going to be even worse. I guess it has been about twenty minutes now I forgot what time I started typing at since I forgot to write it down I thought I would have remembered. So I'm just going to call it a night. ,low,high,low,low,low
" I feel very awkward about having an assignment that doesn't give exact specifications as to what is supposed to be produced. I know I'm supposed to write about what I am feeling, but that is a very difficult thing to do for me. I don't usually tell anyone how I am really feeling ever. I'm worried that I might not be studying as much as I should be. I don't exactly know what to study for any of my classes. I mean I know I could read the texts, but I really don't think that would do me any good since I have yet to be lectured in any of my classes except for math. I hate math. I don't think my pre-calculus professor is very good at explaining anything. He is always getting side-tracked and making all kinds of mistakes. I don't think I'm going to do very well in his class and it really bothers me. I miss my boyfriend a lot. He is going to school in El Paso and I'm not going to see him for at least three more months. I tried living with him in El Paso for a couple of months but all we did is get on each others nerves. I was going to go to school with him, but I decided to move back to Austin because we were starting to hate each other and I missed my family a lot also. It's weird but we drive each other crazy when we are together and we miss each other like crazy when we are apart. I really don't understand it at all. I wonder about what he is doing a lot and miss him holding me at night. I know I need him and he needs me, and I really hate it. I have always thought of myself as the strong independent type who didn't need anyone, but I know the truth even though I would never admit it to even my closet friends. I wonder if my friend did okay at her new job orientation today. She was so excited when she got hired. I really feel insignificant sitting in this huge library, on this huge campus, in the middle of a huge state, writing about what I am thinking. I mean who really cares anyway?  People are always asking you how you feel, but I'm pretty sure they don't care how you respond. I know lots of times I ask people how they feel and then totally ignore them afterwards. I hate when people look at me in queer ways. I always wonder about what people are thinking of me when they look at me. I wish I didn't care, but I do. ",low,low,low,high,high
"     I'm just sitting here in my dorm room wondering what exactly i'm supposed to do on this assignment. Will the professor scold me for writing the incorrect responses?  I'm not sure. I can hear 2 things right now. One in my air conditioner. It sounds like a small, fast moving fan. A fast moving fan that doesn't seem to cool the room at all. I can also hear the neighbors' music through the wall. Now that I think of it, i can hear the soft hum of my computer as well. I'm looking at an award that's hanging on my wall I earned playing tennis for my high school. Now i'm thinking about my high school friends. Steph, Bree, Ki, Ashley, James, Niko, John, and Kenton were my closest friends. I miss them but I'm so excited about my new life. Ryan was my good friend in high school too, but I guess i didn't include him in that list because he's my roomate. I was going to try and not mention Annie, but that's really who I'm thinking about. I met Annie at Camp Texas about a week before school. She's a really wonderful person that I'm very attracted too. I'm looking at a Charlie Brown pez dispencer that she gave to me yesterday. Now I'm staring into my computer with because it has a large plexiglass window on the side. It's quite distracting, really. A jumble of customly installed wires is to me something like a low rider car to another person. Now i see a router that I'm going to use to hook up our network when we get road runner installed in our dorm room. I took 2 years of networking class in high school, and after the first sememster i was convinced that was what i wanted to spend my life doing. However, I recently decided that networking wasn't my true aspiration so I don't really know what I want to do specifically. I'm told that's okay and i will figure it out soon enough, and i beleive it. I think I'm getting kind of sick so i took some medicine earlier and have a bad taste in my mouth from the medicine. Now i'm thinking I should go work out tomorrow at Gregory. My friend told me that there's another good gym near Gregory but there aren't as many girls there. Now I'm wondering what i'm going to write about for my last 10 minutes, I really have no clue. I could explain how I put my computer together, or what each part does. I could talk about my high school tennis experiences, about my family, or about my high school hobbies. My roomate has arrived and i greeted him, he went to his bed and is watching TV, some sort of sports I'm sure. We went to the football game last Saturday. UT won 27-0. UT scored all 27 points in the first half, so the second half was pretty boring. It was still better than I expected for my first college football game. I really want to go see the OU game this year, but tickets are a hot commodity. After this assignment, I'm going to try to do some Economics, and maybe Calculus. This class, Psychology, is the class I'm most worried about this semester. I took Calculus in high school and I think with a little studying I'll be able to make a B in it. I don't know why but I have a great understanding for Economics so I don't think that class will be incredibly hard either. My communications teacher said that her class would be hard, but I think I'm better at communications that Psychology. I also have BA 101 and a Freshman Interest group class but those are pretty much participation grades, so a little time a effort will ensure an A. My schedule is incredible. None of my classes start before 11, and I have Friday's off from school. I find upperclassmen drooling over this schedule, so to find it as a freshman is pretty incredible, I think. As my time winds down I wonder what exactly this class has in store for me. Even college. Heck, even life. I wonder what big decisions I will make, what lucky breaks I will get, what major crises i will encounter, and what disadvantages I will overcome. All I can do is wish myself and my fellow peers luck and great success to find what we truly desire. ",high,low,low,low,low
"       Relax, formation of thoughts energies retentions obsessions. dreams are an internal future, awake, shake dreams from you hair my prteey child, my sweet one. I hate the doors, overrated. haha. no time for mourning no time for myself, ah no time. I have fingers, delicate pulse wandering after to and thorugh away from the day. think about money take time for god, thats funny god. you prankster you. they are watching, everyone and everything is watching us wait, scream, die. take a life and flush it down, need to blow my nose, dont't have time. portability, portishead, pause, leters, phrases, extenuationg circumstances. ending crashing into denial. green shirt, fuzzy vision, orange face, ugly decision. computer labs, laptops, screens, sucking, good or bad?  I sthe computeer alive, does it feel, how does it know, so much more thatn you and I/  back slash, back flash how did I get here. laet me out of here i need help. don't read the past, just keep on truckin. someone should really rethink the design of a keyboard. Heonstly, who made these things?  I wish I could write with a pen, Ir doesn't even feel  like I am writeng, more like I am manipulating, words are simply appearing before me with strokes on stupid square buttons and blah. I need a lead pencil and some one hundred percent recycled paper, yes. jobs, havoe none. arms, mobing, my brain is telling them to do these things, but my brain operates on cruise contrl for the most part. I have a special softaware program gong on in my own personal computer, if you know what I mean. hehe. music is my love, I don't need men anymore, all Ineed is somethign soothing in my ear, and maybe a kiss on the cheek. wow, I really am pathetic, dearest me o me o my. jump around tinker toy thought to thought, mind wave and magistrate. optiplex, I always needed one of those. stupid dell. are artists really happy?  I wonder, they must be right?  how could they not be, seems most fulfilling. jsut laying yourself out on a canvas, ina pot, ona wall, ina shape, object, form, song, so on and so forth. yadda yadda, bulgaven. electric, electronica, ecstacy, love, adoration, wants and needs, I need attention, I am the first to admit it, I crave desire and love, as I should. who needs tacos?  I'll have one please  take it down, my one, be thine own creation. love yourself, be intoxicating. That has got to be the number one compliment. Imagine if someone says to you , you aer   intoxicating   good lord. must be nice. u are not alone, I need to get out. make space, show reason, study, create, imagine, juxtaposition of arms and legs, entangle a bodies own desire, the fetus cried last night, opt for internal discussion on top of the moon's clocktower, beings of all size, noble vixens and vultures, float and hum a sweet, sad song of remonition ",low,high,low,low,high
"This is a hard assignment in the sense that I do not know what I am thinking. I have so much homework to do today. I really wish that I had more time to do everything I need to do before a new week starts. I cannot believe that it is already September. I am so ready for another three day weekend. I wish we had another break before Thanksgiving holiday. It is such a pretty day outside. I really should have exercised. I wonder if I will have time tomorrow. Oh well. I really need to go grocery shopping. I have nothing to eat in the apartment. I should ask Kristen if she wants to go to the store with me. Something else I need to do is call Grace about my trip to visit her this October. I really hope that the trip works out. I miss her. She is the funniest girl ever. I really want Mexican food for dinner, but I am having Italian. Oh well, Italian could also be good. At least I won't eat a thousand chips before I even get my meal. Instead I will eat about a pound of bread. Does that even make sense? A pound of bread? Oh I guess I mean a loaf of bread. Whatever. It is so quiet in this room right now. I wish there was something going on so that I could have something funny to think and therefore type about. This stream a consciousness essay must be really boring for someone to read. Actually I bet some of them are really interesting to read. I always am wondering what other people are thinking about. I wish that I was a better typer. I am a little faster than I use to be, but I still make a ton of mistakes. This essay could get pretty long considering the amount of thoughts I have in a twenty minute period. Oh I guess that I am not the only person home right now. I heard a door close it must be Kristen or Catherine. I love living in an apartment. It is so different that last year. I never made my bed. I should get in the habit of making my bed when I get out of bed each day. But then I know I would want to take a nap that day, and then I would just mess up the covers again. Beds are meant to be unmade. I guess that is how I feel now, but wait until I have a family of my own. I totally will be just like my mom and make my kids make their bed every day. I wish that I was as organized as my mom. She always has everything in the right place. I guess I will grow into being more organized one of theses days. I guess? Wow the time really has gone faster than I expected for this essay. but now that I noticed the time I bet it goes even slower. I hate the feeling when you are in class and you think it is at least half over and it really has only been about 15 minutes. That happened to me in math Friday. I think because it was my last class on Friday, I was just anxious for the weekend. I love the weekends. I wish I could have gotten more sleep this weekend. I feel like I never get enough sleep. I in the the mood just to curl up in bed and watch a good movie. I wonder what movie? I really am in the mood for a really good movie that I have not seen or that I love. I have not been to the movie theater in so long. I think the last movie that I saw was Pirates of the Caribbean. It was good. Jonny Depp looked really crazy in the movie. Orlando Bloom is so cute. I wonder how old he is. I bet he is in his early twenties. Just the perfect age for me. I like the idea of the guy being a little older than the girl just because of maturity. I really wish that I had a crush on someone right now. I feel like there is no one I want to date right now. That is the worse feeling. What time is it. It is getting late. The day has gone by so fast. I need to do so many more things today. I should probably start taking my notes for Geography today so that I don't have so much to do tomorrow. I am so sick of taking notes right now though. I really need to stay motivated!  ",low,high,high,high,high
"I am so cold right now, and I want to take a really long nap. I have so many things to do and I don't know where to start. I miss my family and my boyfriend a whole lot. I don't know if I like the whole idea of growing up. Sometimes I wish I could be a kid forever. My roommate can sometimes become annoying and I just want to scream. My suitemates are cool though, although one of them smells kinda funny. I really want to go shopping this weekend and already can't wait for a break from school. The cafeteria food here is not that great. the enchiladas are fattening and spicy but the ice cream is good. I had the best ice cream the other day at Coldstone Creamery. It was cake batter flavor. Crazy ,huh?  I am trying to be accepted into different organizations right now as a freshman and still balance my schoolwork. I am now happy to be in the school of education. So many people have put me down and discouraged me for wanting to be a teacher and then a principal. But I am glad that I have stood by my own convictions and passions to become what I truly would love to be. I think I need to take a shower. I want to have a family when I am older and I can't wait to get married and have kids. Someone in this room needs to buy a mop because our floor is getting really gross. Our shower is very small in the first place and combined with being dirty, well that's just plain bad. I've met some really nice girls in some of my classes and I hope to build some very good friendships here in college. I tend to get stressed out easily and am very anxious about tests and other important things. I play with my hair a lot and as a result I need to get my hair trimmed. People think it is ridiculous but I have done it since I was a child. I had a conflict with my sister this weekend. I hate to say this but sometimes she can be a very uncaring person. She is the only family member that lives close and she doesn't act like she wants me to be a part of her life. I think she is just self-centered and almost jealous of my involvement"" in college which she did not take advantage off. It's not my fault that she lived off campus for her first year. I hope that they have a computer for me and don't run out at the computer store on Friday. I really need one and hate relying on someone else's. I wish I was able to pay for it but right now I am unable to work and a thousand dollars is usually not in a college student's budget. My mom is the greatest mom there ever was. She would do anything for me. anything. I wish that her and my dad were closer though. When I was little we would always go on family adventures and now we seem to be more distant. I really hope that I can plan a trip to go on for Spring Break with my boyfriend. I have never really gone on a trip all by myself before. I wonder if my friend martin from Germany is going to email me back. I haven't heard from him in awhile but I think sometimes he behaves in ways that I would not tolerate. I wish my razor didn't hurt my skin. I guess I need to buy a new blade. My little sister is painting her wall with a mural of New York city. she has this wild idea of becoming a dancer when she grows up but I don't know about that. My mom is helping her look at dance colleges right now but I think she should be a little more realistic. I really want to go home right now and eat a home cooked meal and take a shower where I can actually move around. I really need a hug and a kiss from my boyfriend. I am not used to being so far away from him and sometimes I worry that we are going to become distant and that our relationship isn't going to work out. I really could see us getting married but I guess I should leave that to God, if you know what I mean. I love pizza an ice cream. I wish they weren't so fattening. I need to go kickbox this week. It's not the same here as it is at 24 hour fitness. It's cool though. good exercise. I'm really tired of typing. I got to go tan outside today. ",low,high,high,high,low
"I don't know what I'm doing tonight. There's a Cory Morrow concert at the Midnight Rodeo place on Ben White. I have no idea how I would get there. Maybe I could get my ex-girlfriend to take me, but that'd be pretty weird. I was just looking online and saw that some OU/UT tickets are going for like $2000. I don't know what people were thinking when they didn't get reserved season football tickets. I just had to go up to the line once and got all my tickets for the entire season, including the OU/UT game. Pretty cool. Ya, Mike's getting upset at me cause I'm not going to College Station this weekend. Instead, I'm going to go see Jerry Jeff Walker in Gruene on Saturday. God, I hate this Nashville country thing. I got to change the radio station. It's upsetting. I wonder where my roomate Houston is. He was supposed to be back around 4:30 and he still hasn't showed up. Oh well. I got all of my calculus homework except for like 2 problems done, so that's pretty cool. I wish he would clean his side of the room a little more. I want to go play soccer tonight at Clark Field, but they're like watching American Pie 2 tonight. That's really cool. Oh well. Haha, it's only been four minutes? This is going to take forever. I can't wait to go back to St. Joe for homecoming. I want to go to the alumni party before the game. Supposedly, it's pretty fun. They don't really mind at all if you're underage. Haha. My leg is hurting because I'm pressing it up against the table while i write. What other homework do I have to do tonight? Hm. . . Oh, I have to print out some Spanish worksheets. My computer keeps humming at odd intervals. I wonder what's going on there. I can't find a decent radio station that I can recieve in my dorm. I'm going to put some music from Kazaa on. Haha, just kidding. Travis Tritt- It's a Great Day to be Alive just came on. Haha. I hope ya'll don't really care about grammar and all that because I'm just trying to write quickly without caring about that kind of stuff. This song reminds me of Garner State Park. That was a blast. They have these dances every night and most people at the park go there. It's awesome. My buddies and I met all these cute girls from Baytown, or something like that. All I know is that I want to go to Baytown sometime! haha. My bed isn't too comfy. It could be a lot nicer. I need to fix that somehow. Great, this song is ending. I wonder what's next. Haha, a little Kazaa is next. You ever listened to   Me and Billy the Kid   by Pat Green? Let me tell ya, it's a good song. I wish I could play the fiddle that well. I need to sign up for a music course next semester on how to play the fiddle . That'd be cool. I suck at it now, but being good at it wouldn't be bad. haha. Only halfway done. I wonder how much people write in these things. I bet reading them is pretty darn interesting. Haha i held back with the   darn   right there. haha. Anyways, I don't want to do calculus. The fiddle sounds really cool in this song. Here's the solo. IT soudns awesome. Seriously, download the song and listen to the solo. You'll like it. . . if you're a Texan. . haha. I hate Antonian high school. My buddy sent me a link to a webpage of theirs, and they were all proud of having made it to the state semis in baseball. Funny thing is, they lost in the first round of playoffs. We had the same records last year (need to change song again) but they went to playoffs because they had a better head to head record. We lost to them both times in the bottom of the last inning. You have no idea how upset we were. A freaking junior dropped a fly ball in the outfield to give them the tying run. I'm still pissed about that, but oh well. This song is awesome. Southbound 35 by Pat Green. It talks about coming back to Texas when he's leaving in Kansas. It's pretty cool. So what else. . I don't know how I'm getting to the OU game. I got to find a ride, maybe with Amy. Homework is no fun. Haha. I love it when they mention Austin in songs. It's pretty cool. I have to clean my room. I need to call whats that place. Midnight Rodeo and ask about the cover and when Cory goes on stage. Hope it's not much. College is quite expensive man. I love this part. Ya. . we were. soutbound 35!. . haha. New song coming. . I feel like a little Palo Alto, Naked Sorority Girls. The lyrics in that one are pretty funny. A Sigma Chi guy showed me this song during Rush Week. They're too expenisve. I think Delta Sig is the way to go. They're cool. This song has an awesome beat. Haha almost done. This actually went by pretty fast. What to do after? Maybe find someone who knows how to do those calculus problems. But when it comes to love, its all Greek to me! haha. . . I love this song. Well this has been fun. Adios till next time. ",high,low,high,high,low
"I am thinking about Jason and wondering if we will get married. I am really happy but then there is Tim, who wants to get in my calculus class and my teacher is an absolute freak. what is a freak anyway I don't know but I have heard that there are a lot of freaks here. my roommate is asking me what I am doing and I want to tell her that I am typing on my computer. can't she see that? some people are just redundant. this paper is redundant and life is redundant. people keep making the same mistakes over and over and over again, and they don't see the pattern. it took me a while to see the pattern of my redundancy but now I see the pattern and I still make the same mistakes. I always make mistakes and I do the same stuff and I didn't even make a sorority and I really don't really care. I can't type fast at all now I am stealing my roommates thoughts maybe I just am really dependent on other people and I can't even think for my self. Hey sweetie? What's your name and major? I just heard my messages and they are not even my messages because I cannot think with my roommate complaining about how popular she is, I used to be popular I was so damn popular. And now I am just a number-my social security number Gone is my identity and my boyfriend and my family and my roommate is trying to sleep and I am getting tired. I wonder what you would say, yeah you, if I told you that I slept through your psychology class and don't really care about what everyone has going on in their messed up heads. I am doing this because I have to, I have to do this and I have to be responsible. I can't believe that my father yelled at me today He is lying when he says he loves me. He told me that the only person he ever loved is mom and if I am rude to her once more then I will suffer. like what is he going to do? Put me in a gas chamber or send me to jail worth no food?  I can't believe this stuff is happening to me, At the party tonight I felt miserable. I hate Jason for making me hurt so bad, I hate loving someone that is so far away. I hate the way I feel that I am missing out, but when I try to lead a normal college life I only wish I was at his house playing pool. I'm good at pool now. The holes on his pool table are smaller than average so that when I play on a real table I could really hustle somebody. Hove I ever been hustled? What all can one be hustled in? I must be the victim of some huge pimp like hustle that follows me around and lets me fall on my ass when I feel good about myself, I hate you Kevin Hogan, I hate your lies and my lies to everyone about you, I would have made it somewhere had you never kissed me and hustled me. I wish that this computer would stop beeping, Beep Beep Claire needs to sleep. ",high,high,low,low,low
"     I suppose I should go to the Student Health center tomorrow to see about this stupid blocked up ear of mine. I walked in there today, but it looked like there was a division for international students or something, and I, as usual, didn't bother to ask around. I'll just give them a call or something to verify before I trek over there next. I wonder if Rick checked in at Target for that television shelf mom saw. I'd like to go check for it and hang around with him this weekend, but I may be going back to Houston. It'll be good to see mom, dad, and Anna again. It's great up here, but it's obviously considerably different than it would be staying in the bed I've slept in for eighteen years. It's funny how that sort of thing works. Something so simple as a bed or a rug that has always seemed inconsequential can suddenly seem important once it's gone, though I suppose that's the way it goes regarding most things. Taking things for granted is much easier for most people. I really wish this bloody ear would unclog itself (bloody being the British exclamation, mind you. I have a tendency to drop into foreign exclamations some times, and I'm sure a writing assignment such as this wouldn't be particularly indicative of the situation surrounding the term. Yeesh, I rant quite a lot). I'm sure that last sentence is probably improperly punctuated, but I'm going to let it slide this time. Anyway, now I'm coming to the problem I expected would happen. I have nothing of real substance to put into the paper, though in essence that in itself is enough to fuel the writing. This is a stream of consciousness, after all, and noticing that being unable to come up with anything to type is just as fulfilling (and even as clichŽ)as any other topic. Huh. I seemed to have remember the alt command to activate the accented 'e'. Ahh, the little oddities one remembers from the subconscious. I find it incredibly amusing that I am typing this as though I were talking to someone as opposed to writing my traditionally lengthy essays. English class has taught me well, it would seem. Okay, I love this Coleman fold out chair and all, but the positioning at my desk is somewhat irritating. It's just a bit too low, so I have to set my ketboard in my lap to type, and the annoyance is exacerbated by the fact that my arms are bent when typing. It's uncomfortable, but not so much that I cannot type. I am going to arbitrarily place another paragraph now. This one has run on for far too long with out a break, irregardless of the fact that it is nothing but constantly flowing ideas.          There, much better, even though I momentarily forgot that tab changes the command field in Internet Explorer. I had to space over to start. Oh well, this is better now anyway. It's sort of a strange quirk I have that originated from my junior English class. Mrs. Eppich managed to ingrain certain formats into me, though that is not necessarily a bad thing. Hmm, scalp is itching. I think I want to go to the gym in the basement tonight. I haven't been in awhile, and since my ankle is better now, it will make things much more productive that my last excursion. And my computer just skipped on my Nightwish CD. That is annoying, though I supppose it's to be expectedf given the fact that I've got a few programs running. Five hundred and twelve megs of memory can only support so many applications. Listening to this music is great, though. There are so few metal bands with lead singers worth a shite (yes, there's another term from the British Isles I like to incorporate)despite the fact that many of them have very talented instrumentalists. Most symphonic metal bands have superb synth and guitar parts, but I have a grudge against bad vocalists. That's why I like Tarja so much. I mean, you can't go wrong with an operatic soprano and good instrumentals. Hansi KŸrsch is also good. Never before have I heard a growling voice with as much musicality to it. Okay, I took a rather long pause there to serach the character map to find the command for the 'u' with an umlaut. I like to spell things properly, and Hansi's last name being German, I figured it deserved to have the proper notation. Language is important. It is the tool we use to communicate ideas, therefore I think we should respect it and use it properly lest we forget how to speak to each other in a distinguishable fashion. It is for that reason I dislike dialects of English that butcher it. Those dialects are more about the attitude of those who use them than the language. My time is running short, so I'll just type this last sentence until it's out. Oh, hey, look at that. It's not strictly a twenty minute paper. Well, as much as I wouldn't mind continuing this, I do have some work to do elsewhere. I prefer to direct my writing and creativity towards my novels and stories anyway. I'll finish them one of these days. Really, I will. &lt;/excuses&gt;  I really ought to just sit down and write them. Oh, I suppose not everyone will recognize that command in the brackets up there. It means 'end excuses', basically. It's a habit I picked up in IRC, which is an internet relay program. Technically, though, it's part of writing HTML. The backslash is the command that signifies the time to turn a variable off, or something to that effect. I could be wrong. I never really got into HTML or any other sort of coding. I don't have the patience for it. Heh. Look at that. I've already continued typing well past the timer. Anyway, I suppoe as a final note it should be said that all my 'ahh's and 'heh's and so forth are just onomatopoeia. And now my machine is gritching about IE. Bloody stupid Microsoft. Ahh well, I suppose I'l just submit this now before I get shut off and lose it. ",low,low,low,high,high
"All this entire thing is going to be about is about my failing relationship with Ben. I think so many different things that I don't know what to think. I can't help but being hurt by him seeing another girl even though we both agreed that we were going to see other people. I just don't see how he could still love me but be with someone else, I just can't because I don't even have a desire to find another   boyfriend   or whatever. I'm hurt so badly right now, all I want in the world is for him to tell me how much he loves me and always will, but I don't want him to say it only because he knows that's what I want to hear. I have to talk to him about this but I'm so scared. I'm so scared that he'll tell me that he just doesn't love me anymore and that is going to kill me. I don't know what to think!! I mean, if he ever really loved me the way he said he did, I don't see how he could already be dating or talking to someone else. I don't know. I wouldn't mind him dating other girls, it's just that it's been a while since he's let me know how he feels about me, if I know and truly know that he loves me and I get just the occasional reminder of his love, then I truly don't think that I'll have a problem with him seeing other girls because I know that eventually I will be seeing other guys too. But even if I was seeing other guys right this instant, then I would still feel the same way about him. I would still love him as much as I ever did because when you truly care about someone, those feelings don't just go away because the person goes away and if they do, then you never really loved the person anyway. I just love him so much and I am sooo scared that when I talk to him tonight, I'm going to find out what I'm scared to death to find out. And even if he does still care about me, things are just so COMPLICATED!  I mean, take when I come down for Homecoming, yesterday he said he still wanted to see me but he didn't really seem very excited about it as I would hope, maybe he is but he just doesn't like to show it, I don't know. But he's talking to this girl and right now it might not be a big deal, and a month and a half from now, everything with her could have gone to crap or a month and a half from now it could have made its way into being something more and if it is something more by then, is he still going to want to see me if he has her??  That's another thing I have to talk to him about. I am so stressed out about this. It would make my day--my entire LIFE if things just go my way, if he just tells me and makes me truly believe how much he loves me then it will make me so happy because that means so so much to me. It's all I want in the world to know that he still loves me because I still love him so much. And deep down I truly believe that he really does love me. I don't think that he ever lied when he told me how he felt about me so I don't see how it could have changed after only a month or however long it's been. But sometimes I do wonder if love is just something that he throws around. Some of the things he's done and said seem so sincere that he couldn't possibly not truly love me, but sometimes I wonder how easy it will be for him to forget about me and fall in love with another girl who is more convenient for him. But convenience shouldn't be the fucking issue. The issue is his feelings for me and mine for him. Just because I'm gone shouldn't make his FEELINGS any different. It can make other things different and I don't expect him to sit around sulking over me and not dating anyone else for two whole years. ALL I WANT is to be certain of his love!! That's all I want!! Is it so much to ask??  God, I'm such a wuss. I'm sitting here crying over this and I don't even know if he has given it a second thought. Sometimes I think I'm the biggest loser for still being so attached to him but I can't just turn off my feelings. Maybe his love for me just wasn't as strong as mine for him, but he means so much to me and I care so much about him. I'm just so hurt and confused right now. And scared. I know that I really need to know how it is and if he doesn't care about me so I can move on, but I am scared to death to find that out because it is going to completely break my heart, I mean be completely devestating if I found out that he doesn't feel the same way I feel. Oh my gosh, I need to blow my nose so bad. I have so much stuff to do today. I have to go by the financial aid office and the co-op to pick up my check and find out about a weekend job. I need to work out and decide if I'm going to go to ultimate frisbee tonight. I need to study. I just wish time would hurry and go by. I can't wait til next weekend when my family comes to see me. I so wish Ben could come see me, I miss him SO much, but it just sometimes seems like he doesn't really want to see me that badly, even though he says he still want to see me and he has told me that he misses me. I just think that he doesn't think about it nearly as much as I do. I don't know though, it's very possible that he could think about it as much as I do. I don't show him how much I really want to see him, I mean, he knows I want to see him but he doesn't know the extent to which I really truly miss him and can't wait until the day I get to see him again and hold him again and hopefully kiss him again. I miss everything about him SO MUCH, I just can't get over it but still I don't show that to him. So he could want to see me just as much as I want to see him but just not show it to me. He could still love me just as much as I love him but just not be showing it to me because I haven't been showing it to him. Maybe he hasn't said   I love you   because I haven't said it to him either, but I don't say it to him because he doesn't say it to me. It's possible that this is just a vicious cycle and that he really loves me and theres nothing to worry about. I just have to talk to him. It's possible that no matter how many girls he dates that he will still love me as much as ever, I just have to find it out. By the time I get to see him again he may not have anyone else, he might be so excited to see me. I don't know. . I just don't know, all I really know is that I HAVE to talk to him ",low,high,low,low,low
"I finally got into this thing. that took forever. I hate asking questions so it took even longer. I think people are always thinking weird things about me, which I know is bad , but I always do. the good thing is that everyone I've come in contact here has been really helpful. I really cant wait for this weekend. the weeks are so long. I haven’t made any new friends here. I have a lot friends that  came with me from high school to UT and to other schools in San Antonio. I see them every weekend. I’m being really antisocial right now. the thing is that the friends I have are really close to me, and they know everything there is to know about me, and vice versa. I spent the last two years of my life with them, it may not seem like a lot but it was two very important years of my life. I feel really comfortable around them. I m not good at  meeting people so I cant imagine being at  the same level of friendship with other people especially in college where everyone just does their own thing. so I look forward to every weekend. people around me probably think I’m weird sitting here just typing continuously. I’m sure, actually I’m almost positive there are weirder people here. id really like to finish this already, but I just looked at the clock and I still have time left. I’m going home, back to El Paso next Friday. its going to be strange. I never expected to go back so soon. I was with this girl for about 5 months before I left, and it was really serious. we talked about spending the rest of our lives together. she was supposed to move here, but she had issues and commitments that were obviously more important. She cane to visit last month for about 3 weeks before school started. we got in  a big fight and she left on really bad terms. it was my fault, but I couldn’t have her leave on good terms or it would have hurt more. so I acted like a jerk and we fought the last week and a half she was here constantly. Anyway I’m really afraid of running into her, because ill be there for a whole weekend and we hang out a t the same places. I think its really funny how a lot of people here think El Paso is so small. its as big as Austin, and no one knows it. ki heard someone say that they though it only had one high school. it actually has 30-40. oh well it rally doesn’t matter, I’m glad I’m here now. I really like it,  I cant believe I’m in college and actually grown up and that I actually have real responsibilities. but I very lonely. I miss her so much, and she wants to try the whole long distance relationship thing, but I cant. I really loved her. I've never been so close to anybody in my life, and after everything we shared and as close as we were, it seems like ill never experience that again with anybody. and if I do finally find someone and then we break up I have to go through this whole pain thing again. I know its normal to feel like this, I just moved away from a city I've lived in for 18 years and I just broke up with someone I was prepared to spend the rest of my life with, but its all a little overwhelming. the thing that bothers me the most is that all this takes up too many of my thoughts, and it takes away from what I really should be concentrating on. I really want  to do well here at UT, I have a lot to prove to a lot of people. I’m sick of always having this sob story attached to my life. I went to an all boys private school that was small compared to other high school, my graduating class was about 150. everyone knew that I moved out of my house and how I had trouble with my mom, and everyone feel sorry for me, and I’m sick of this whole drama thing, my life is so full of drama.  I went over by a few minutes I guess that’s all   ",low,low,low,low,low
"Throughout my life I have experienced many important events in which have shaped the way of my future. for example, when first arriving at UT I was awe-inspired by the size of the campus, and the enormous amounts of students which attended. I was shocked by the different races which represented each other. I could tell that everyone was already forming their own little ""clicks"", whether it was based on their interests in music, race, sex, sexual orientation, everyone was already making new friends, and social gathering were taking place. While everyone was socializing I was busy worrying about the classes that I was taking, the assignments that were supposed to be done in classes that I had. I was lonely, I was scared, and being from a large city, I was trying to adapt to an even larger one. although UT is a beautiful campus it offers more than just a decent education it offers a variety of things, for example, the opposite sex,new friends, and just having a good time, while at the same time, studying. I knew coming to UT that I would have a good education, but I needed a way to find myself, who I was, and what I wanted to study, I came to UT wanting to be a doctor, but I figured that it may not be something I wanted to do. perhaps becoming a professor would strike my fancy, at some time in my college education, but whatever it is that I may become I want it to be something that I am going to be happy doing. I realized that high school is much different that college. college is much more demanding, and time consuming. but in the end it will even out someday. When I was a child I had dreams of being a great military leader. a policeman. a astronaut. or a physicist. as of now I don't know what I want to become I'm still trying to find something that will interest me greatly. as a child I always wanted to do something that related to the field of science thats why I wanted to become a doctor. but now that I'm in psychology I've realized that it is much more than the study of the mind. but how it works and functions. in science I have always wanted to contribute something that will interest others. for example in psychology, it would be interesting to someday find a cure to depression. or just find a way to make everyone happy, in the event that I would someday accomplish something like this, I would make sure that everyone would reap the rewards of a healthy lifestyle. knowing that I have contributed something to the art of science would be enough for my to tell my grandchildren one day. now that I am more relaxed here at UT it is easier for me to meet new people and get around campus faster. finding the shortcuts. and finding which classes are the best. all the time when I first discovered what comes along with a great education. i have also figured out that I can become whatever I want to be. just as long as I put my mind to it. and test out my skills as a academian. coming to UT I knew would offer a lot of new and important things to me. i knew that with hard work and determination. i could accomplish whatever I wanted to. conquering my thoughts has been something that has always been a goal of mine. overpowering myself, knowing that I can't always tell myself what to do all the time. and just let my unconscious mind take over. often times when I become depressed I find that it is easier to listen to soothing music. talking with a friend. or playing chess with a friend. or playing cards with them. at times I just want to take a walk or listen to the outside or hear the rain as it pours down so easily. when I do find myself depressed I always try and do something productive so that it will get off my mind. and think about other things. such as playing basketball. playing baseball. or like I said playing a good game of chess with my friends. i havent quite yet found my niche at UT but it will come someday. and I too will find my interests in academics. and find something that I truly love doing. whether it be my major now. such as biology or even psychology. as a kid I remember pouring through my fathers materials. because he to was a psych major and he understood how the mind worked and how we get along with our environments. and how we socially interact on a daily basis with nature. all along I thought I always knew what I wanted to do when I got older but I guess its an answer I will learn in time. ??? ",low,high,high,low,high
"clear waters beckening - wow - this is not going to work - my mind is blank - or is it. - is it just blank because I have to write down what is going threw it. hmmmm its 20* degrees celcius right now. that does not even really matter, I prob. won't go outside unless I need to smoke a cigarette or something. spike tv. what kinda dumb sh** is this. this show sucks - why are they trying to advertise this show with some crazy exciting name like spike tv"" - 20 minutes is a long time to be typing. I wonder if it matters how crude my thoughts are. better keep tha inappropriate thoughts out. is that possible. yeah. school takes up a lot of time - and I don't know if getting a degree will even matter, so what is the point. I should just stop typing right now, pack a bag, get in my car, and drive to mexico. I wonder what the point of that survey earlier was. where do all these ""personal type surveys"" going. is some little guy sitting behind a desk compiling information about me based on the questions I filled out about once a year since I was old enough to go to publicly funded schools. if there really is a guy that is comparing all my information right now - I wonder how much someone in that position would get paid. hahah - getting paid to make assumptions about a person out of a bunch of personal questions. I think that job would be pretty boring. I would have to get intoxicated or something before going to work everyday, that tedious paper work would drive me crazy. that is prob. why people go all postal and shoot people at work - cause they have to do tedious crap everyday that has no bearing. I hope nothing pushes me over the edge of insanity. that would suck. it might not be bad though - I imagine the government would provide a pretty comfortable living for someone who was ""mentally handicapped"". I bet a few people have thought they were insane and really been on the same wave as everybody else. its crazy to be alive and conscious. consciousness gets dull - nothing modern intoxicants can't handle though, in moderation. joe millionarie was a gay show I resent that guy. I think I'm going to go smoke a cigarette. I can't really think of what to say. I need a cigarette to calm me down. that is not even how you spell ""cigarette"" but spelling is not even that important. I mean - its like this - professors and anyone else in my life has ragged on me about spelling and grammar. but they know - and I know - that they knew what the meaning of the word I misspelled. that kinda shit pisses me off. need a smoke. ",low,low,high,low,low
"I don't really want to go to my BA101 class today. Sleep sounds so good right now. I don't think I have enough energy to sit through another hour and half class, since this morning I sat through three of them in a row. Oh yeah I better remember to call Sheetal so we can go study at the PCL or FAC. I don't know if I want to study with a whole group of people but maybe I'll give it a try. This is so cool. Getting graded on a writing assignment that is of our thoughts and feelings. Reminds me of my summer English 1301 class that I took where we had to write journals everyday and as long as we did them and turned them in it was ok. It is sooo freaking hot outside. And I am so tired, mainly because of the heat. Hmmm. I wonder if Nancy has called. I feel so bad for her. Anyways, that is kind of depressing just thinking about it. I feel so stressed out. These first three weeks at UT has been busy. Not with work and stuff but with things like getting everything together and making sure that I have insurance, my checking account is correct and other important things. I miss the home food so much! But I'll live, it's not too bad over here. I haven't seen any guys here. Hahah! Well I have but I don't think I will end up dating any right now. My hands are getting so tired right now. I really feel like sleeping. I think after BA101 I will go to eat at Kinsolving and then head to the library or something. These labs and libraries on campus are so good. They have everything and you can use them whenever. Stephanie should be coming next Thursday to that Career Day thing so hopefully I'll see her. I am so confused on what to go into, like majors and stuff. I'm thinking about MIS but marketing sounds so good right now. Like I'm more interested in that kind of stuff and things that I really would enjoy doing. I know it doesn't have a lot of money or anything, but that is not what is important really to me. I mean yeah I want to earn a good living but that's not my main goal in life to be rich more like be happy. So I don't know. Just a confused freshman I guess!. Maybe I'll find out pretty soon. Man this time is going by so slowly. I've only been writing for ten minutes. Just realized how many thoughts flow through my mind in such small amount of time. Man I hope I get a chance to do a project because I do not want to write a paper. That sounds too boring. Being a part of an experiment sounds so cool, never really done that before. Ok I wish I had my headphones, too like the girl next to me. I need to listen to some music. I wonder if we are all going to go out this Thursday night to sixth street. I kind of want to. I feel so bad for Sarika, cause of her roommate. She is kind of mean, actually she is very rude and catches an attitude with every little thing. Even if she does not know you, she'll be so rude. Dang girl. Hahah. Ok well I need to find where my BA101 class is so I will be going now. So much for this writing assignment! I think my twenty minutes are up. Well actually they are almost up. But it said at least. Oh well I guess I'll go anyway. ",low,high,low,low,low
"I don't know what I should be doing right now. I mean life is so complicated and strange to me. My father says I can do whatever I want to at university and he will be happy with it, but the thing is if I do what I want then he would be pretty upset with me. Hell, he would disown me. I don't know why I have to do things in order to please him but I have to. Its like I have no choice. I am just starting to get his trust back and I don't want to lose that little bit that I have. You could say that I'm destined to do what other people want me to do. That is the way that society is these days. We are all conformed to a certain structure in life that we have to follow; and if we don't conform then we are outcasts and shunned by society. The ""norm"" they call it. Why does there have to be a ""norm"". I don't see why we can't live the way that we choose and be free. Oh well, back to happy thoughts. Amanda. There is a happy thought. I wonder. I wonder what?  I don't know. I guess I wonder if it will work. I'm nuts about he she is nuts about me, but we don't get to see each other as much as we would like. I guess that is true about a lot of couples. But I still don't know. What I do know is that I want to stay together, even though everyone is talking about us. I don't care how old she is. Hell, she is only 2 years younger that me so that doesn't matter. People are just making a big deal out of it because I am in college and she is a sophomore in high school. She is still a lot more mature than a lot of people older than me. She understands a lot of things. I guess that is because she grew up in Saudi. People there are generally more mature than people here in the states. We are forced to grow up faster than people here. We lose our innocence faster, and have to learn about the world and society as a hole much quicker. Lets leave it on this note. These are strange days that will challenge our true selves. I wish I could go deeper than that but I'm not going to spill all of my guts to a computer. Later babe. ",low,low,low,low,high
"I hate this type of assignment, the kind of work that tries to force a thought into one's head. Thoughts should come naturally, and when the mind is prompted, then nothing comes to it. Well, as long as I'm supposed to be thinking, let's think about why I'm doing this. It's to get a good grade. Why do I do anything. I always seem to respond in a manner in which the answer seems acceptable to everyone else. Maybe I'm doing this to please everyone else: my instructor, my parents, myself. So why do I do everything else that I do?  Why do I devote so much time to working out and exercise?  Is it because I want to fool myself into living longer?  Is it to mold my body in such a way as to attract others and get their attentions. I always say that I just don't want to become weak, that when I find someone to protect, I want to be able to protect them. But if I am always desparately trying to find this person that would fill the current void in my life, why is it I push everyone away?  My friends, my peers, my elders?  I don't do what everyone says is ""fun. ""  I don't hang around others for long, I don't go to parties, and I rarely impart what I truly feel. It seems as if I've been hiding half my life, hiding from others and from myself. Inside, I scream to myself, ""go out have fun meet new people you boring dolt!""  and in my mind I'm always prepared to do so, but when the moment of truth comes about, I never act out my true intentions, either being intimidated or discouraged. I remember when I went to that UT freshman orientation. My friend said when you get to the dance, just go up to people, introduce yourself, and ask for a dance. And he's a loser. But it worked for him, so I tried it myself. The first time, rejected. The second time, rejected. The third time, rejected, and even I know that 3 strikes is out. I get so sick of hearing excuses like oh I'm too tired or I don't feel like it. Yeah right. Then why the hell are you here at the dance?  Just give me a straight and vehement no and I'll be on my way, not even to think twice about the encounter. Now on strike three, I had another reason for retiring that night. That girl, the way she looked, the way she acted, it was deja vu. I went to another country with a girl like that, stood by her side, opened my heart to her, and offered it to her. She led me on, to believe that for once, I had an opportunity for love, that it was my time in the spotlight, and with the most beautiful girl I have ever been with. Visually stunning, patient but forceful, and gentle, someone to listen. I thought I finally found her, and felt as though I was riding above clouds. Then I just came down hard with the rain. I've never been the same afterwards, because everything was seen in a different light. This third girl at the dance, the rudeness didn't get to me, but the memories of heartbreak was just too much to handle. I asked Tonia out to the dance once, and she came. But we never danced. I asked and she ignored. Just like This time. Love. I'm too young to know its true meanings, and too inexperienced to have any justification in even corrolating it with the words I or me. I'm always looking for ""love"" for companionship without even really knowing what to look for. It can't just be the person that gives you that indescribable burning feeling within. Too many times has that happened. I say to myself, you know what love is. You loved Tonia, because all you ever did was argue, yet you could stand it. She broke your heart, lied to you, worked behind your back, carried you up and dropped you, and yet you still thought of her. Hell, you still think of her. You've been talking to her as a friend and the feeling has never left you. Isn't that enough to be love?  It's as close as I've gotten, I'm sure, but what about prom. To have danced with someone I've never known before, to talk, and to, after so long, have fun. When I held her in my arms, and her hair brushed my face as the slow songs played through, what was that feeling. Was it a feeling of completeness, of safety that as long as with her that nothing can go wrong?  What was that?  I go through sleepless nights thinking of Christie sometimes, someone who I never gave a second thought to until that moment I told her goodbye. The moment in which the swelling in my throat caught even me by surprise. But am I looking for love or just someone. I don't want to end up like my uncle, having married a woman only because she threatened to commit suicide. Is he happy?  Am I happy now?  no, I'm not. ",low,high,low,low,high
"Well then where do I begin. Let's see. I need a haircut. I should have gotten one when I went home labor day weekend. But I didn't. I wanted to go home this weekend, really only so I could get a haircut, but I didn't. My hair is getting entirely too long. At least for me it is too long, I mean I don't have a pony tail or anything but still. I forgot to see when I started writing. Oh well I'll just estimate. I really need to get a cell phone. Of course I would turn it off in my psychology class unlike some dumb asses in there. I mean how stupid do you have to be to not check and see if your phone is on even after the professor tells you to make sure they are off. I suppose they might leave it on once or forget they have it in their backpack or perhaps their friend put their phone in their bag and forgot about it, but it can't help but kind of piss you off when a phone rings in class. All I think is, ""what a dumb mother fucker. "" Hey look, Microsoft word doesn't recognize the word fucker. Hey it doesn't even recognize the word Microsoft. My head itches. Because my hair is too long. I need to go to the optometrist and get new contacts. I think I've had these for over a year now. I'll probably get them the same color, aqua. Man it is hot outside, it must be about 98 degrees. Not that I am any good at estimating but hey. Like I can't estimate a girls weight worth a shit. Or a person's age. Of course if a guy is smart, he doesn't try to estimate a girls weight. I need to go to the restroom. My stomach is growling. Man my nose is itching too. I miss Jenn. Damn she is beautiful. I wonder if she's thinking about me right now. She is probably in 7th period right now, whatever class that is for her. I wonder if she is pregnant. If she is it's probably mine. Great, just great. I'm fucked. Then again that's what got me in this position in the first place. Speaking of positions, I wish Jenn was here now. I want to go home this weekend. Not so I can go home this weekend, but so I can get a haircut and see Jenn. I wish I had my car so I could just go wherever I wanted whenever I wanted. Then I would probably be out partying and stuff all the time. ",low,high,low,low,low
"so I am going to write this stream of consciousness thing for psychology and I’m worried that someone will come in and think that I’m retarded because I live at home because my parents won't let me go. If they read this they will get very angry with me for feeling this way but I don't understand why they even still try to control the way I feel. I don't really know what to say but I guess that's the whole point of this assignment. Which is not of what I say, but what I think. I hope this typing isn't too bad. Maybe I'll go back later and reedit it but I'll probably get embarrassed or ashamed of how I am. That's weird that I get embarrassed of myself. Maybe I think too much and am hypersensitive or maybe this class will help me understand myself. I was thinking about something that the teacher said earlier about everyone suspecting that they are crazy or abnormal as he put it and that's probably right because I always ask myself and others I trust which are few what is wrong with me. I know that there is something or maybe it's all in my head. I know that if I wanted to I could convince myself that my dad just walked in and yelled at me for shutting the door. What was I saying maybe I should not be at home writing this someone always comes in and opens the door or reads whatever I’m doing. I hate this. not this, just my situation. I'll bet I sound pretty negative right now. I suppose it's because of school and my relatives all dying and my family but everyone's got problems right? I wish that I could talk to a counselor. I don't want to think about myself and try not to thing right now about that. I don't want them to see me cry and come in and yell at me or ask me what's wrong and tell me what to do about it. They don't understand. my being unhappy doesn't help them it just makes them mad at me. why am I so unhappy. why am I writing about this because in class it was said not to write about this stuff. I guess you won't read this like you said until a while from now anyway who knows maybe I’ll be better by then. Maybe I’ll have friends, but my family will still be here. I used to  wish they died but then I thought I’d feel bad if they did. Everyone is dying. As my mother says, it's not normal to be happy all of the time, but of course she married my dad who is the cause of the problem so she is right about herself, but not me. why when I was a child, was I happy more than now. I didn't experience my father as harshly then as I do now. how would she know anyway, she married him when  she was 18 my age. just a kid who didn't know anything made to be a servant to him. wish  I don't even know what I want anymore. I wonder what school will be like tomorrow. what will I become in life does everyone feel like me. they certainly don't show it very much . I walk the halls and it's all so big and impersonal maybe its because I’m younger a freshman or I’m not looking at it the right way. I think that I'm too negative the phone just rang once. I wonder who it is. It's not for me because I don't know anyone I miss high school, that's weird when I was in classes I hated it. I guess I miss my friends. I wonder what he's doing now. I cant think about that it'll only make me worse. Why do I feel this way. I wish I could control my emotions like others and look serious and normal, not afraid. why am I afraid. I  bet you'll think that I’m weird. I don't even care anymore. Why can't they leave me alone. Those psychological tests scared me. It was . like either write a five page paper or do tests. Obviously the kid would rather do tests than do a billion page essay. but who know maybe it will be fun. I just got a call  weird my only friend but I told my sister that I had to go and to tell them bye. Even when I have a friend I can't talk. I just wish that I who is singing. there's no privacy in the house. I wish that I lived in a dorm you shut the door and it makes them want to come in but when you open the door they feel like they can just come in and talk to you. if I shut the door they get curious like that time my dad thought that I was taking drugs in my room what a  jerk. why can't he trust me maybe I am bad I have done nothing that I regret but I guess I should reap what I sow. I hate consequences. who is that . I wish they'd just shut up. why can't UT give scholarships to live in dorms to middle class students they’re so stingy about that now I suffer at home alone traveling to freedom at school alone. I want to have friends but am afraid what if someone walks in and read this. I wish I could shut the door but that would disturb me and my stream of conscious like everyone already has. Who is talking. I don't know why they're all worried I think I need more attention but I don't know how to get it what is wrong with me what is she doing. I  wish they’d all leave. it's nine and I have to wake up early how much longer. I actually enjoy this it's like purging all of the negativity which I have alot of. This is a good idea. I kind of wish I could read other kids stream of conscious to see what they’re like. if they had the same thoughts and feelings that I did. I don't want to revise it you said it would be completion anyway so I don't have to revise. I want to sleep and forget everything all happened for a few hours of nothingness. then start over tomorrow and feel again. People would be so much better off if they didn't feel at all Less war and no jealousy. I hate love and emotions they only hurt you. and others involved. I have a minute left and just in time because my  dad might come in and get mad at me for staying up too late. they’re is never enough time to do anything Why am I negative. I  wish I knew what I wanted. what else do I say or think I start work tomorrow. I wonder if I can handle it or not. what if I fall why do I worry so much I wish I didn't worry. then I’d be fine. who is behind me I hope I meet people tomorrow. I want to get all of my work done so that I can work but it keeps piling up will I ever finish do I have the time I hate being overwhelmed high school was so easy. they didn't prepare me at all. it's too hot. why do I complain all of the time I hope that I am doing this right it's not a grade but it might be. who is that behind me. no matter if I shut this door they open it no privacy no body cares they do but they don't show. that's dumb. What do I say next where are the keys for tomorrow I have to get ready what time is it. that's my timer cool I wish I weren't so tired bye  ",low,high,high,high,high
"Today I bought the new Omoide Hatoba CD. Pure noise and noise art are very interesting forms of music. Sometimes there are lyrics to these songs. Most of the time they are just phrases being repeated, or just screams. Some bands have gone so far as to create their own languages. This type of music bypasses your brain and hits you straight in the gut. Words are a very limiting way of expressing how this music makes you feel. I need to remember to go to the video store tomorrow and rent ""purple rain. ""  Prince is very talented as a musician and actor. I would love top see him in concert. I really hope that the October 24 pavement concert will be confirmed soon. I cant believe that my English teacher is good friends with the lead singer. This is a strange assignment, it makes me wonder what other people will write, and who will read this. Will anyone read this?  What if someone writes something truly ""offensive""  It's not their fault. One cannot be responsible for their words when they free write. Can you imagine if there was an assignment where the teacher tells the students, ""Ignore all social constraints and act freely for the next 20 minutes""?  That would be pretty wild. In my everyday speech I often swear. By not swearing in this am I limiting myself. But how far can one free write?  How much can you open yourself up until its just words thrown together?  Grammar is not important to this, yet I assume you expect some common grammar to hold this together. Am I not free writing now?  I would like to go on tour with a professional wrestling league and write about their tragic lives. Professional wrestlers mutate their bodies with steroids to the point where they no longer seem human. They destroy their bodies and on occasion fight in steel cages. I wonder if they ever look in the mirror and ask themselves, ""what have I done?""  ""I'm not even human anymore""  Their job is to fake fight. The world of celebrities is quite interesting. I wonder if their is an equation that could make someone famous. I could use the scientific method. My hypothesis could be  ""If one writes a song on the piano (Elton John style) about celebrity after they die, it will be a success. ""  I could have started this when Versace died and continued it when Diana died. Of course this would not sum it all up,  but after numerous studies, I feel I could ultimately find a mathematical secret to success in the entertainment field. ",low,low,low,low,high
"     Yaaaaay. I'm doing psychology things. I'm really tired. And I wish I didn't' have to study so that I could go to sleep. I also wish I could type faster. I'm glad I'm here. Because being almost anywhere is better than being in Baytown. Except for being in Houston. Houston is all concrete and construction. But UT has squirrels. And lots of them. . What am I going to say in the whole 20 mins. I have to say anything I want? . Will people actually read this?. I guess I don't care if they do. Because I'm the type of person that thinks it's pointless to write for my own enjoyment. I get enjoyment out of other people reading what I write and then them enjoying it. . Hmm. I miss my boyfriend. Even tho he made me ANGRY last nite. He's still a nice and good boyfriend. On another totally random note. I've got this pimple on my face. Hahaha. It hurts! And it bothers me too! I want it to disappear! Not that it makes me look bad. I actually think it makes me look somewhat cute! hahah. That's kind of weird. Oh well. I wish I had a memory card for my playstation so I can finish Final Fantasy 8. At this rate. It'll take me YEARS to finish it. But maybe this is for the better. So I can study instead of play, because I would definitely be playing that and Metal Gear Solid. But. Only on weekends. Hahaha. I'm a girl that plays video games. I'm weeeeeiiiiiirrrrd. I wonder if I can get that job at the LanCave. I would be EVER SO HAAAAAPPPYYY. That would be awesome. It doesn't seem hard at all. just like the same stuff I did at eb but instead of renting people games I sold it to them. I don't miss eb at all. I wonder if Julia left yet. That place is the devil. And video games are the spawn of the devil. . I wonder what Marky is doing over at UofH. I hope he's having fun and he's not regretting his decision to go to UofH instead of UT. yah. We used to be big UT heads. Then he changed his mind and I changed my mind. And then I changed my mind again. And the I changed my mind back again to UT and now here I am. Woot woot go me. I think I'm getting carpal tunnel syndrome. I hope there's free therapy after this writing exercise. blaaaaaaah. I haven't met very many people that are into stuff that I'm into. Except for Maryam. I can't wait to meet some other dorky kids that are into videogames and Japanese and cute fashion stuff. I want to go to Anime Club on Friday. But I will be going all alone because I""m sure that Ashley will not come with me. But Maryam might! I totally forgot. I will call and ask her. But that means that I have to give up Wushu practice. Maaan. I have such big dreams. But I have no idea which ones to follow. That gets frustrating. Okay. If I decide to give up Wushu. Then maybe I can get into fencing. or maybe even Kendo. But wushu is so neeeeaaat! but I don't know if I even have the strength to do it. it's crazy. maybe I should not do and just try again next year. No hard feelings, I hope. I don't even know if I'll have money to pay for that. I hope I get ANY job on campus. I'm. just. Bleh. I hope I get to stop being so anti-social. I'm not really anti-social. just a bit shy and cautious about who I talk to. I think that's a good thing. However, it can be very lonely. My wrists hurt. I wonder if my brother is having fun at home. probably not. Lol. He never seems to be having fun when he's alone. Aww. Now I feel bad for leaving him. Maybe he'll be encouraged to invite his friends over to hang out or something. I don't want him to be all lonely like I was as a junior in high school. . I wonder if my older brother has decided to go to graduate school yet. Or if he's really thinking about that invention thing. Heh. At least he's got his major and he's doing it in 4 YEARS. go him. He's my hero. Hahaha. I'm glad he kind of knows what he wants to do, because I sure don't. I'm torn between wanting something that will be lucrative and people will really need, and doing something that I looooove to do with all my heart. I've found, thru various high school experiences and the first year long relationship, that I can learn to love almost anything. which is a bad thing. I have no idea what I'm really good at and have no idea exactly how to find out. I already feel like I'm running out of time right now as I sit here typing out a required assignment. It's crazy. And frustrating. And I don't' want to try to do too many things at once, because that is what caused my uber-dramatic downfall my senior year. Okay. Maybe it wasn't a downfall. But it did make me realize some stuff about being human that you would think I'd know already, having been a human for almost 19 years. Silly me. Oh well. It won't happen again here, because I'm not in Baytown and I'm away from people that drag me down. I can choose who to interact with most times here, so that puts me in a position of power I rarely have. Yaaay for college. very glad I'm here and not in Baytown. ",low,high,low,low,high
"and now its time to write about this wonderful stream of consciousness stuff  that we learned about in our high school English class and about all the greats  like william faulkner. you know, its kind of annoying that I should have to  hit enter at the end of each line as though this were a typewriter, you might  look into the text instructions for this window in the original scripting to see if it can be made to auto-return like some of the others do, but this is still a  rather well laid out page and method of submitting a psych project. kudos to  you. I wish my other teachers would do this. so what am I thinking about. well there's the Washington/Pittsburgh football game on TV right now. I have  no idea whose winning or anything like that because I’m not really paying THAT much  attention to it or anything but Washington did make a great touchdown a while ago (aha! Washington’s in the lead thirteen to seven) marvelously exciting I know. lets see. what else. well now here's a good one. I have to write this bioethics paper about an case  study (why don’t the delete options work properly in this window) on this couple who undergo an ""amniocentesis"" test on their newly discovered child (don’t worry its still in her womb) and they find out that the child has a genetic disorder  called turner syndrome. what I have to do is write about this case and give my  Prof. an opinion one way or the other as to whether the couple should abort  the fetus or keep it. which means in turn that I have to come to some sort of  conclusion as to my beliefs on abortion. what a task. what a mind-consuming task but then maybe I shouldn’t tell you that I’m thinking of something other than my  psych writing, but then again, I don’t imagine you would expect us (I’m not  referring to myself as us, but rather the class (hate for you to think I’m schizo  or something)) to focus directly on the task at hand since as best as I can tell the task at hand is not focusing on the task at hand quite specifically so and another thing, whenever fox sports shows a little window w/ player stats they play this obnoxious little theme music blurb on piano and I've heard it at l a million times and its starting to grate on my brain or something. so back to biomedical ethics: everything that I have been taught tells me that abortion is wrong for all the  reasons and everything, but is it fair to bring a life into the world w/ such a  condition. but then again, there are many things much worse than turners  syndrome. like what if she was born a democrat. that would suck. and now my friend from back home has just sent me a message on icq. she’s a nice person. not incredibly attractive but very loving and compassionate. but none the less, a wonderful friend. she’s still at home right now b/c she’s going to UCLA and school doesn’t start until like the end of September or something. she got  a job but I think she’s still bored as hell just sitting around talking with  the little kids who are still in high school and she gets to hear them complain  about the orchestra director and all that nonsense. I just explained to her  what I’m doing. the internet is a wonderful thing I think. I can talk to a  friend for free in almost real-time over icq (another great thing in the internet) any time that I want to. and now there's one of those funny Joe Namath commercials on TV. they’re just a hoot. well, my twenty minutes are just almost up, so I think that ill be off now. its been real fun chatting with you. have a nice day and all that. ",low,high,low,low,high
"well, here I go writing a stream of consciousness. I am starving right now. all I have eaten today are cookies and queso with chips. the timer clock at the top of this page is bothering me, I don't know why, but it is distracting me from writing. my boyfriend is going to his ranch tomorrow. I wish he did not go every weekend because it sucks for me to be here without him. the electric bill is so expensive that we received today. I am out of money. well not out, but out of money that I can spend on random stuff. I miss my mom. I hope my grandpa is doing ok, he is very very sick. my eyes hurt. I don't like wearing my glasses. the fan is also irritating them. I am glad that its the weekend. I want a cool front to come through. I am so tired of being hot outside at school. I think I have a obsession with correct spelling. I know that this is supposed to be informal, but I cannot let a misspelled word go uncorrected. capitalization does not bother me, however, nor does some punctuation. I am the same way when I type online to my friends. I wonder if that means anything significant. probably not. I want a dog. I wish I lived in a complex that allowed pets. next year I will get one, hopefully. I want to adopt one from the SPCA or the pound. they are just as nice as ones from breeders, as well as cheaper, and they need a home more than the others. geez, this timer makes the time seem to go by more slowly. its like that saying my mom always says, 'a watched pot never boils. ' similar at least. I want a good book to read. I hate how I have so much reading homework from my classes that I do not have time to read for pleasure. oh well, maybe I'll find the time once I get more settled in to the routine of school. I need to do laundry. I have no clean clothes to wear, and I dropped grape jelly on my favorite jeans yesterday. I hope that it does not stain. I don't know what to day now. its so weird, I know that the brain never stops working, but if you try to identify your thoughts sometimes you draw a blank. its like you caught your mind off-guard. like when your boyfriend asks you what you're thinking about, and its really only what you had for lunch that day, but he is expecting something more romantic than that because he thinks he is being romantic and sincere by asking the question. so maybe when you have to say immediately what you are thinking at that moment and you don't have an answer, maybe your subconscious is just embarrassed because it was just thinking about something insignificant. ok, that whole little tangent probably made no sense to anybody except myself. oh well. I am tired of typing. my hands are out of shape. how sad. my whole body is out of shape. I hate living on the third floor of my apartment complex. the stairs are killing me. I didn't realize how out of shape I was until I had to move in and carry all my stuff up a million flights of stairs. my chair is too low and I can't figure out how to make it go up higher because there aren't any knobs or levers. its hurting my wrists. well, my right wrist to be specific. I hate it when people have something they want to say and they just don't know how to be direct about it. 'beating around the bush' that is so annoying. just get the words out. mmmm. I am so hungry. I want a burrito. or some queso. or both at the same time. I love mexican food. its good stuff. I would like a margarita too. that would be nice. I hope that I can transfer into the college of communications. that would be awesome. I hope that I succeed in advertising. I think that I would do a good job, but there are so many good and creative people at UT, all wanting to do the same thing as me. I hope that I have a fighting chance. I know that I have the work ethic to do well, but as far as creativity, I am uncertain if I measure up to the industry standard. wow, the time is up. that went by fast. ",high,low,high,low,high
"This seems kind of odd to sit and write to a complete stranger. I wonder if i should try to be grammatically correct, if I should capitalize my letters. Normally my mind is very poetic in it's way of thining. I can walk around daily thinking of poems, constantly creating poetry out of the world. Then there's the side of me that is analytical, am I typing too much? Why am I talking to myself? Damn a minute is a long time? There are always questions. I've always had a fascination with animals, this in turn make me grow way too fond of my pets. I believe it's personally healthy for me, but it is controversial. . (no i do not do vulgar things with my dog). I have a weenie dog, and she is the best thing that has ever happened to me. I got her when i was really sad and it is her that lifts me up. The breed itself is funny, their length is their personality. It is also amusing that I, a man hating lesbian, have a weenie dog. My room is really hot right now, i'm here thinking of leaving, not sleeping; I already sleep too much. You would think it takes longer than five minutes to think this much but oh well. I feel like i'm talking to myself but it's odd to know that someone will read this. What happens if someone says they will kill themselves. do you shrug it off, or do you intervene? I think i would like a job were i just sit and read peoples thoughts, i think maybe 20 minutes might be too long but it's not a big deal. It's like i'm turning paranoid, i'm starting to think of things to write, like my outfit or my hands, almost like when your senses are on high and you have acute hearing and taste and smell and touch. That's when you are precise, you know what you are talking about. There is alot of dissapointment in the senses. Our mind has such an imagination that we are often dissapointed by what it really feels like or something such as that. I also wonder what this expiriment is for. What is it that you are trying to get out of me? My age you know, my life you never will so what's up your cranium?  That's a funny thing to say. My mind is slowing down and i don't have that much to say. i don't really think i can do this continous thing.  Is it ok if i pause a few times. It's weird the things people are worried about, like what could you possibly do to me if i said vulgar things to you on this assignment. I watched a good movie yesterday, it had a cheater in it, something I now can relate to. It's not good to feel that, never will be most likely (unless jealousy ignites your desires). I only wish I never do that to anyone, for I know how it feels and it is from that that I do not want to hurt people. but i know i might not be strong enough to substain. so i leave my door open to things, to everything and i wonder now that it's the end of my time wether or not it automatically cuts you off at 20 minutes or can you finish your sentence. I guess that is just a common worry, but if it's not maybe i'm just paranoid.    ",low,high,low,low,high
"When I came to Texas I thought that school was going to be very difficult and that I would not meet anyone new. These are both wrong. So far I have met many new people and I feel as if school is not going to be as hard as I had expected. I love my classes and the diversity of students in them. Diversity to some people is a bad thing, but I love it. I think it is great to any environment to have people from every different ethnic or religious background. My favorite band, the Dave Matthews Band, has a lead singer named Dave Matthews. He is from South Africa, although he is Caucasian, he considers himself to be of a South African background. He sings many songs that talk about the problems with diversity in the world today and in years before. He is a great man and I love his songs. I went to the concert in Houston last night and watched the people around. Everyone seems to love him. I feel that he is my inspiration. His songs have such meaning and I feel that every song that he sings relates to me in some way. During the concert he was so moved by his music that he would dance and play around on stage. He is such an entertainer and performer that it would be impossible for anyone not to like him or his band. Each person on the band has a unique talent. Boyd Tinsley is the violinist, and can play jams for hours at a time. He is very talented and used to have a band of his own before he joined the Dave Matthews Band. Leroi Moore is the wind instrument player. I cannot really specify what instrument he plays because he plays over 12 different instruments, and all of which he plays to perfection. During concerts he must where sunglasses because he is so shy that he closes his eyes during the entire time of which he is playing. Carter Beauford is the drummer. He is probably the most talented member of the band, besides Dave of course. Recently he was ranked the number one drummer in the world. Another member of the band is Stefan Lessard. He plays the bass guitar for the band. He joined the band in his junior year of high school. He is the youngest member of the band. Finally, Dave Matthews plays lead acoustic guitar for the band. He is probably one of the most talented songwriters in the world today. The band last year had the highest profit grossing summer tour which made over 60 million dollars. Before Dave started the band he used to bartend at a local bar in Virginia called Miller's. This is important because he met all the members of the band bartending at that bar. He ended up starting the band in 1991 and didn't get all the members to actually commit until 1992. Every year the band becomes more popular and more popular. But, the initial reason why the band became so popular in the very beginning was because the band allowed fans to plug into the soundboard and create tapes. These tapes where then copied and passed onto many other people, and through this very system of tape trading the band's popularity grew at exponential rates. Nowadays, people can just use Napster to trade songs, but back in the early nineties people actually had to trade the tapes in person or through the mail. This band is my inspiration and I hope that they will live forever in my mind and in the mind of the people who hears their music. ",high,low,low,low,low
"Sometimes I wonder what everything is worth in the big scheme of things. Growing up, making friends, going to school, learning amazing things, falling in love, and well, I guess living in general. What is our purpose here. to consume as much food as possible on a daily basis, to desire nothing but to be rich, spoiled, to care not for our neighbors, but for what kinds of cars we drive. I wonder if that was His plan when this all started or if we've really messed up. In a sense, we've grown as far from following in his steps as possible and it's really scary to me. As a follower of the times, my faith in Him has also declined as the years have gone on. Well, on to another aspect of worthiness. friendships. Although necessary for life, and powerful while they last, why do all friendships seem to come to an end. Whether it is due to personal reasons or unplanned ones, each and every friendship must reach an end at some time. As I entered high school, I was very afraid of my future, of the immensity of my school, and the immensity of my life. But I realized that life is only as big as you make it. If you choose, you can have a closeknit group of friends or a large selection of various types of friends. its up to you. But back to my point. I made many friends in high school, but only a handful that will continue to have my friendship as I've moved to the next step in my life. My five best friends, my girlfriend, and a few others are only a hundredth of the people that I knew in my high school days, but now they are most likely out of my life forever, not by choice, but by nature. Don't get me wrong, I am very excited to be in college and out of high school, but I don't think that I realized what I was losing. My best friend with whom I spent countless days after school shooting hoops, watching movies, ordering pizza, and just hanging out decided to go to another school than me. I didn't realize how much I would miss him until he left. When I see him for the first time, it's going to be a relief, but when will that time come, and it's only going to last for short period of time. My girlfriend also chose another school, but hers was four states away. I knew leaving her would be most difficult, but I underestimated the pain. I miss seeing her every day and hearing about the intricate details of her life. what she had for breakfast, how her math test was, what she wore to school, when she got off work, how her family was, and many other little things that are often ignored when someone is around all the time. I feel like I don't know her as well as I used to and I wonder if I ever will. The leaving cut our relationship short, which also makes me wonder if our ever after will ever have a chance to grow. I guess the point of this is that sometimes we don't realize what we have until it's gone. and maybe realizing is worse, or maybe it's better, I don't know. Anyhow, I wonder why we're here, and maybe being away from everyone will help me figure it all out. But for now, I guess my hopes and dreams will drive me to care not what everything is worth, but to be happy that we get a chance to be here, happy we get a chance to grow up, make friends, go to school, learn amazing things, fall in love, and, of course, be alive! ",low,high,low,low,low
"   How I am feeling right now is interesting. I have slept so long for the past few days. I think that it could be that I just moved here from Corpus Christi, Texas. Walking all over the campus is extremely exhausting and tiring. However, this weekend I did not walk a whole lot. I have just been sleeping so much. I think that it could be that I miss my mother or family and my body could be going through some sort of physical depression. That, I have no idea about. I do feel that I am getting sick. I have had a minor soar throat the past two days, and I am upset with myself because I forgot to bring my Vitamin C chewable tablets. I really like the cherry flavored ones because they taste so much better than the orange flavored ones. I know that you can only purchase the ones that I like at SunHarvest. I am not even sure if there is a SunHarvest here in Austin. I do have a large gallon of orange juice, so I will just drink a whole bunch of that until I start feeling better. Or at least until I get paid so I can buy my vitamin C pills. I just got finished taking the Pretest that is required before participating in the experiments that we students must participate in before the Thanksgiving break to receive credit for this class. I thought the test was extrememly interesting. Some of the answers I were a little sketchy. In this I mean, I was unsure if the answeres I put really reflected myself or if they were merely just answers of how I want to see myself. I have a fear of aligators. That is what I meant if I had a fear of any type of animals. I have had bad dreams about aligators, but not recently. There was one that I had and then had that same dream reoccuring the months and  even years following. Yet, I haven't had dreams of aligators in a long time. I anticipate this class, for I have always found psychology an interesting subject. Well, who wouldn't. My mother never wanted me to become a psychiatrist because she said that listening to other's people's problems all the time would make a pretty girl like me ugly. I hold my mother on such a high pedistool, that I never thought of majoring in the subject again. I am a biology major. I am still unsure if that is what I really want, or if it is something that I have been trained to want since I was a child because the field was promising. I am having problems in calculus, i really don't care for the subject in the least, but it is part of my major. I feel that if I change my major just because it has a subject that I don't care for in its curriculm, that I will quit anything, for that matter, when things start getting tuff. I feel I will be a quiter. I have never felt that way about myself before and I don't intent to ever feel that way. The class does scare me. I am terrified actually. I must keep an average of a 3. 0. This may not seem to be difficult, coming from an overall average of 3. 6 GPA at Texas A&M Univeristy, Corpus Christi. But then I was not on a Financial Aid Plan and I knew my parents would still pay for school even if my grades fell below a 3. 0 average. So I intend to persure my dreams with my mind focused and my thoughts secured on one thing, making an A in every class. Even though I know that it will be almost impossible in Calculus II, I am going to try my hardest and I want to make my parents happy. They have given my so much already. And to make myself happy, is to make my parents happy. I don't want to be the reason of my unhappiness. If I can't make myself happy, then who really can?  ",high,high,low,low,low
"the computer is not very easy for  me type on I would never say anything because me dad bought it for me I love my dad. he really got the shaft at work elaine is a horrible person. mom is so protective of dad its only been two minutes I wonder if I can think for twenty minutes I bet I do all the time and don't even notice,  this is hard because I think about more than o ne thing at once and they aren;t really complete thoughts just flashes in my haed but I know what thay mean. I should have taken a typing class in high school. the sky has really pretty simpson clouds I wonder what I have to do in all my classes am I doing thi right I need to be more organized I've been thinking about being organized all day I can't stop thinking about the living room curtains and a file box for my papers. maybe 15 it too many hours I hope I go to bio this chair really bugs me because it doesn't fit un der the desk. I should buy a different one I don't think I have enough money for all this stuff. where am I going to get money. maybe I should have gotten a job instead of taking another class I was thinking of something and now I forgot it. I wonder if adam and I will get married he would be scared if he knew I said that I sound like a stupid teen ager out of the 50's when I say that. I would marry him if I had to though I think I probably do really love him I dn't get sick of him I could be with him all day and I don't even notice I hope nothing bad happens even for a while my parents made it through college but they had a few fallouts. I hope we just marrily make it along untill we're old and gray but I know how nieve that is. did I spell nieve right I wish I had a better spelling sense I guess I could blame it all on my first grade teacher but that seems silly. my room mate came in I hope we are good friends. I really like her but I don't know how to make friends with people. I wonder why I can be friends with kids and poeple I don't think are important but its hard for me to be friends with people I like and want to be friends with. I fell like I'm coming on too strong but then I hold back and they think I don't like them. also people told me I'm not very approachable. I guess thats good because I don't like when random guy come up to me. I don't know how to get out of it without being really rude. cheryl is so perfect she can do what she wants and she is always so polite. tricia was like that too. I wish I was in 8th grade again for a day. whenever I think of middle school I get kind of queasy and real mad at my mom what a horrible time. I couldn't even get within a certian field of the house or I would sense a horrible aura. when I had to go I would force my self and run to my room and be a nasty depressed person. on day the church lady cought me running to the creek and I think she was genuinally concerned. ",low,low,high,low,high
"Last night I was almost done and my computer just shut off. I don't really understand why but oh well. I don't usually understand computer stuff, or any technical stuff in general. I hope that they have my packet today at the co-op so that I can be totally done with mis before tomorrow I think that I am pretty organized in relation to homework more organized than usual at least I think that Lucy will be a good academic influence on me since she is a good studier its so much different having a roommate that studies since angie didn't do much last year but it is a good thing may be finally I will get to go to sleep earlier and that will make me healthy I still can't believe that I didn't catch mono from angie last year I have a sore throat now I hope that it goes away soon I don't really want to have to go to the health center you never know when th3ey are going out have to take blood and that really freaks me out I can't believe that it is already time to start school again this summer went by so fast and rush was such a blur and we have had no time to recuperate before jumping back into school this semester is going out be really hard and busy I think I thin k all of my classes will be really interesting, but difficult I am so glad that I was able to get out of art history and into philosophy that will be a lot more interesting it is so weird how some teachers can teacher art history so differently so many people told me that they liked it and that it was easy but I know that that class wouldn't have been easy it was such a pain to add/drop though I am so glad that it is done next weekend is the first football game I am looking forward to it I am glad that billy and I got season tickets so that I don't have to go draw or anything it s so nice to have all of them now and especially the OU tickets I doubt that I will end up going to the a and m game  because I bet I will stay home for thanksgiving well, billy can invite one of this friends to go with him I can't believe that he wouldn't stay home for thanksgiving though that surprises me his mom is going to be very unhappy with him I am getting really hungry I wonder what we will do for dinner I wish that billy and I could get together but we are not on the best terms right now I can't believe that we got in such a big fight last night maybe we were just tired I hope that everything turns out okay it was nice of eric and Jeff to come over last night sometimes I miss having all those guys next door like last year we had a lot of fun last year together I am glad that Cindy and eric get to be together again, but I hope that they are prepared for what's ahead it will be hard for them to adjust out being together all the time especially when the stress from school really kicks in I am kind of getting a little homesick I am anxious to see Lauren's new car I can't believe that she is really turning sixteen I am really afraid for her to drive so I hope that mom and dad are taking her out a lot for a lot of good driving experience she really could use the practice I am anxious to see dads' new office space too I hope that he is a little less stressed I know that going out the party last night was probably pretty hard for him, but I am glad that Steve a. will be available to help him because he needs some new employees I know that mom is getting worried about him being so stressed all the time but I know that she really is glad that he is not going out Minneapolis a lot that was getting really old it was nice to see Meredith this weekend it is so weird being I'm the same city as her again I wish tat I could have gotten to see brad too, but he was busy my feelings were kind of hurt how he acted toward me at the party on Wednesday night, but I understand they both still seem pretty immature and I am kind of worried about Meredith and I hope that she is careful. I am glad that she found a date for the date dash I can't believe that they are all living on the same hall that is just a little too weird for me but that's pat for you I hope that they all have a fun year and I hope that we all keep in touch it was nice seeing Ashley this weekend too her room at the house is really nice I think that her sorority house is really nice also it is really big and it must be nice to have their own bathroom and not have to do the community thing I am glad that Lucy and I are going to go on a walk I could really use the exercise I am going to try to start aerobics tomorrow I really need too get back in shape I felt so good about myself last year when I was going to aerobics everyday I need to get back in that mode I don't think that I really lost that much weight this summer but things seem to be fitting better now. I seem to not be snacking as much as I did last year which is a very good thing I hope that the food at the sorority house gets better because it hasn't been very good lately but I think that it will get better I hope that billy calls me after he gets home from work he is working way too hard I guess that he won't work next weekend because he will be at the football game that's a good things maybe we can spend some qt together okay this is getting hard of more things to keep talking about I think that I might be repeating some of the same stuff over and over again I hat it that mom can 't really send packages to the apartment but I'm afraid that I would never get them since there is no real apartment address or anything I'm afraid that they would just leave it outside my door and then something might happen whit it I hope that Amy and Meredith had a good time with their boys this weekend I will go down later and see I have a lot of fun with them we are really similar in a lot of ways I am really glad that they are living at centennial too there are so many tridelts here it is a lot of fun I wonder where Lucy and I will walk too we need to somehow walk by the coop I hope that it is not too hot outside when I went out onto the balcony a couple minutes ago it was really hot I think that it will be fun to study out there once it gets a little cooler I am anxious for it to cool down it was so hot walking out class the other day especially to the art building I was so disgusting by the time I got back form class Mondays and Wednesdays are going to be long now that I go from one to five but Tuesdays and Thursdays will be pretty easy except this Tuesday I have that class from six to eight o'clock which really stinks I wonder why all the good shows start again I can't wait to see the friends season premier and 90210 I am so excited this year should be very good well I am going to stop this now it is now over 20 minutes   ",high,high,high,high,low
"So here goes. I am really starting to stress out about all this college stuff. It seems like my to-do list just keeps getting longer and the time I have to complete everything just keeps shrinking. I hope and pray that as time goes by I will learn to better deal with all the pressures associated with college life. It has been so hard to find a way to balance the fun with the work. But as my brother once told me, you must work hard in order to play hard. I'm trying to keep that thought in my head constantly, and keep thinking positive about my situation. I'm hoping that I can pull it off and walk away from this first semester satisfied with my accomplishments and confident about my college semesters to come. Well enough about that. I'm really starting to miss my family a lot. I think that is really lame but I can't help it really. Like I love Austin and school and everything but there is just something about my good ole hometown of Sunnyvale, Texas that I miss incredibly. I went home last weekend and had a blast reuniting with all my old friends. Gosh I love my friends here but its just not the same. There is just something about the familiar that keeps me constantly wanting to latch on to it and never leave. But I know that that is impossible for someone like me who constantly strives to better myself and achieve my goals. And UT is the place to do it. I love this place! The people sometimes freak me out but its nice to be exposed to strange people for a change. I am so excited about this weekend! One of my best friends from back home is coming to visit and I keep thinking about what we are going to do all weekend! Gosh you know what. I'm really starting to worry about the whole freshman 15"" theory! Because I sure do eat a lot these days. The food is just constantly in front of you so its difficult to resist! Its not like at home where you have to make yourself something because your mom refuses to wait on you. No here the food is just there and all you have to do is go to it! Its great! Its amazing to me how different college life is from high school. Like in high school everyone cared about everyone else's business and there were like cliques and stuff but not here. No one cares about anyone else's business at all. people are just concerned with themselves. And another thing that is so great is the total absence of rules! Like you can do whatever the heck you want and NO ONE will tell you that you are wrong or that you can't do something. Oh it really makes me laugh how in college classes if you suddenly get the desire to get up and walk out of class while the professor is talking, you can! I laugh every time I see people doing that in my classes. I would never be able to make myself do that because I'm too much of a chicken but I think its so funny! Gosh. I'm really starting to get hungry again. that is so bad! NO! I can't eat again! I am really not looking forward to going to class again at 7pm. that is really late and I'm extremely tired! I really hope that I can find a date to Anchors Away. that is really bugging me. I wish I knew exactly who I wanted to take and who wanted to go so that I wouldn't have to worry about it anymore! Alright well the time on this thing is officially almost over so I'm going to stop babbling about stuff that no one is interested in except for me. haha! This was good. its kind of a way to let your problems go all at once. I actually feel better to get all this out and see my thoughts on paper. Not to mention that I feel better knowing that this writing assignment is out of my hair so that is one less thing I have to worry and stress out about. Well that is all I have to say for myself at this point and time! Peace! ",high,low,low,high,low
"ok so I'm doing this stream of consciousness writing thing and its a little weird, but then again I love to type and just let loose on the computer what my mind is thinking. so this is kind of fun. I just wish that my strep throat/tonsillitis would go away so that tomorrow (Thursday) I can do well in the challenge. and so that I can play well for the clarinet sectional Friday night, because I need to pass off the pregame music by memory and personally, I haven't memorized all of it yet. I guess it comes from being an alternate, because half the time we practiced pregame (which hasn't been much) I was forced to sit on the sidelines and watch. oh boy, don't I love watching. I really hate just sitting there as an alternate, because I feel like I'm a cheap addition to the band. like I wasn't quite good enough to deserve a marching spot. but on the flip side, they must think that I'm good enough because I'm expected to jump in on game day and march pregame if someone is sick, late, drunk, or too hungover to march. I feel bad for thinking this but I kind of want Kelvin's knee to keep him from marching on Saturday. maybe he'll have me march pregame for him, since taps stride is a lot more painful. I don't want to wish that pain on him, though, because he's a sweet guy and deserves to march every game. plus he's a 5th year and he doesn't have many more games left. thank god this room has finally warmed up. or maybe its because I put some pants on. do I smell smoke?? that wouldn't be good. Maybe Gina and I shouldn't leave the towels over the vent. even though it is blocking the freaking cold air from coming through. Oh my goodness this room is so cold in the morning!! holy cow you would think its January, not September! man, sleeping over at rustic's place last weekend was awesome. I was warm the entire night, and when I got hot I just kicked the covers off until I got cold. I guess the fact that I was wearing his pajama pants helped. no nothing happened. he's a really good guy. A Christian. his mom has a funny little story about premarital sex. it has to deal with a unicorn. Yeah I wont go into details. but it proves that he's a good guy. not to mention I spent both Friday and Saturday nights at his place. he didn't try a single thing! funny how dad thinks I trust guys too much, and make myself too 'available'. if only he knew me better, he would know that I'm VERY skeptical with guys. especially after so many of them lying to me. I'm sick of being cheated on and lied to, so I basically play hard to get. I don't think id consider it that, but I don't go easy on them. I'm not the stupid blonde you think I am. I really wish I was one or two steps up on the ladder. my whole life I felt like I wasn't quite good enough. I never won any student council positions, never quite made it to area band, made first chair wind last year on account of a new director but lost it the next semester, made alternate up here at UT, and wasn't elected as Newman representative. I don't understand it. I work my ass off to do the best I can, but that never seems to be good enough. why? my dad was valedictorian at his high school, and if I had good grades in elementary school where did the smarts go? why did I all of a sudden screw up math class in 7th grade? granted mrs glover refused to help me, and probably told me the wrong way to solve problems, but still. I did awesome in 8th grade prealgebra, and then algebra and geometry in high school. but once I hit algebra 2 and precal, shit hit the fan. I just hope I don't have to take calculus in college. but since I don't know what I want to do, I may have to. I really need to get that career test done. I've got to figure out what I want to do with myself by next semester. unless I stay in liberal arts, this whole semester has practically been a waste. not quite, because bio psy and band count (for nursing at least), but other than that. I don't know what I want to do. what do people do if they can't decide? take a lot of random classes I guess, but that's not me. I'm coming in with so many hours that I was hoping to graduate in 3 years. that way if I go to law school I can get in and out before I'm 30, ugly, and still single. I hope I meet someone up here. I'm not built to be single or to date for years to come. ahh nose needs to stop itching. why the heck do I have to be sick? I hate this! once hell week was done I got sick. yeah, that makes the first week of school start off real good. let me tell you. oh well. at least I did all the partying last weekend, before all the symptoms hit. and before my parents decided to come in. dangit! rustin has a kappa kappa psi thing at 8am Sunday morning, which means he probably wont party after the game Saturday night, which means I wont get to spend the night at his apartment because he wont be able to get up and take me back to my dorm at that obnoxious hour. oh but maybe after we paint his living room on Monday I could stay over. I don't have a class until 12:30 so that might work! jeez I'm a dork. I need to stop reading into things like this. the time will come when it decides to come. until then I got to sit back and watch things happen. oh look, I have 10 seconds left. dang ",high,high,high,high,high
"I am really tired today. I am also pretty homesick. It is my birthday. I wish that I was at home. I want to celebrate my birthday with my parents and sister. I want to go to my favorite restaurants. Blue Goose sounds really good, but why am I worried about good restaurants in Dallas. I can get just as good or better food here in Austin. I want a turkey sub for dinner tonight. I also want to go to get ice cream from Aimee's with my friends, but I have so much to do. I have to review all of my notes tonight for my classes, plus I have to go to the sorority pledge class meeting at sometime. I better look up the time soon. I am glad I stayed in and studied this weekend. It helped me get organized and feel like I knew what I was doing. Rush really made me crazy. I hope I like being in a sorority. I am scared because I don't party that much, and I don't want it to take away too much time from my studies. I know that I do have to balance my life. I have to make time to meet people nad have fun. I just never feel like I have enough time to do everything. I feel bad that I couldn't go to lunch with Leisha today because I had to read my phylosophy, but I went to run and then to church this morning and I had to get my stuff done this afternoon to be ready for the meeting tonight. I wish that I was at home and could just relax and watch TV. I miss summer time when I didn't have to do too much. I hope all of my friends in all of their colleges are doing well. The birthday card from Amy made me sad. It already feels like we are drifting apart from each other. Even when I e-mail her, I don't know what to say. I feel like she doesn't care what is going on here because she doesn't know all of people I am talking about when I tell her what I am doing. Why doesn't she tell me a lot about her life?  I want to know what is going on, not just hi how's it going kind of stuff. I am so happy I know my roommate though. We have had so much fun together, and we keep each other sane. I get scared when I think what might have been if I had gone pot luck. I keep meeting people who have crazy roommates, but I think I really could have gotten a long with everyone. I have met the coolest people. That girl I sat next to in Economics the other day, was really neat. I need to get her number. I like my sailor sis in Delta Gamma, but I am afraid to go out with her. I don't know if I can keep up with all of these UT people. They party way more than I do. I think I am going to go home this Labor day weekend because the parties aren't a necessity to meet people. Anyways, nobody who I talk to will remember me because they are all drunk. I don't understand why I go to these paries to  meet people when I can't even have a coherent conversation with people, but I guess they are fun. I am so confused right now, but I think it will all start working out soon. I just wish that I knew everybody instantly and did not have to work so hard at meeting people. In high school I could see anyone and know them. Like at the game last night, I hardly knew anyone, and in high school I could talk to anyone around me. I guess soon enough, I will make new and good friends, but I sure hope it comes soon. Luckily, I have Megan. She has kept me from being sad, plus I really like it in Austin. I love walking around campus and seeing everyone. It is the prettiest campus, and I really like all of my classes. I am really scared about keeping my grade point up. I worked hard in high school and did well, but will it be enough for college?  I sure hope so. I know my parents will be happy as long as I do my best, but sometimes I feel that is not enough. I guess I pressure myself too hard. I just have to keep listening to my parents advice to balance my time between relaxing, socializing, and studying. I will do my best. I know that it will all start being normal to me pretty soon. I just have to wait for the adjusting period to be over. ",high,low,high,high,low
"I've never liked writing and any other literature stuff like reading. I also feel a bit different because I've never done my homework on the webpage before. It's a new thing for me. Everything in college feels different. The schedule is flexible; you can have classes from 10 to 11 and then jump to 3 to 4, not all continuously throughout the day. There's also the good thing that I don't have to go to classes I don't want to go to. This freedom of choice gives me a feeling of relaxation but also fear. I feel great that I can do whatever I want, but feel fearful that my choices might not be the best for me. This assignment gives me a feeling of nervousness. I hate writing, especially when I have a time limit on it. It's hard enough for me to come up with stuff to write about when I have plenty of time, and it gets harder when I have a time limit, whether or not that there is no right or wrong things to say. I feel like I'm saying many wrong things because a lot of this is not so much feeling but some experiences I went through in college. I can't write about my feelings for 20 minutes because it's hard to know what I'm feeling and even harder to write about it. ",low,low,low,low,low
"     I am waiting for Brad to get home. I hope that he's talking to Michael because they need to figure out what's happening before things get worse. I can't believe he's being so petty about this whole ordeal. Seriously, was he expecting us to pat him on the back and say how proud we are that he's started smoking pot. . not just a little either. . but massive amounts?  I don't quite understand how on earth he can simply think that just because he's been on medications and is immune and he's sick and is in pain that that is a valid excuse. We all have our issues to escape from, while i'll agree that yes none of us face exactly what he's going through with his disorders and his back, we have our problems too. I hate to see him like this, feeding himself bs to justify it. He knows it was wrong, i honestly think he knows its wrong and he claims he regrets it but deep down i don't think he does. This is his rebellion. What kills it the most is that it shows just how hypocritical he can be. Maybe a year ago he was bashing one of his really good friends for doing something so similar. . the guilt trips, the icq away messages, the finger pointing. Its all the same. I know thats what scares brad so much about it, because michael is his best friend, and he can't stand to see him turn into benny. Neither can i. I've known one too many people who end up permenately stoned so bad that they can't remember anything past the last fix. Its so sad to watch them as they stop being able to function. I know, just know that one of these days i'm going to get a call from someone saying that one by one they're dying off. Its so sad. Some of my best friends have become drug addicts and have nearly lost their lives because of it, and yet they continue to use it. Now they might as well be dead. . they have no personality and they'll never be the same people they once were. Drugs make you petty. They've all become petty. I worry how this effects brad. He's right, Michael basically is his only friend, guy friend anyway. If Michael were to hold this against him it would definately kill him and would seriously screw with his future. Brad has a hard time making friends. I'm actually incredibly surprised we're even together conisdering his track record. He's the shyest drama major I've ever met. He won't talk to people. I have to talk for him sometimes, and he gets upset if i don't introduce him. Most people know who he is, they just don't believe me. When i talk about him i talk about either why he's got me frustrated or how great he is, and when he meets my friends nothing. . he sits there and stares. He promises he'll try and its not something i hold against him. . yes it kind of annoys me but i seriously don't hold it against him. Marked up as one of his quirks. I have so many i guess i can't really hold his agianst him since he doesn't hold mine against me. I can't believe that Michael would hold a grudge. . he's always gotten so mad at me for having my grudges since last year and always lectured me and i've listened and tried not to hold what they did to me against them, that whole christian turn the other cheek forgiveness thing. I'm trying. . honestly i am. BUT i must admit life is SO much easier when i don't have to be around them. No constant reminder of all the stuff that happened last year. Its a new chapter in my life and its so great that although they followed me here, they don't have to be a part of it. I just want brad to be happy. The old michael wouldn't have had this problem, but he's changed recently, and definatley not for the better. Almost makes me feel the need to return the favor. Just as they controled and manipulated and abused me last year, he is their victim now, and it makes me so sad. He's a great guy. He just should have taken his own advice and gotten out of there as fast as he could. Trevor would have understood, and if he's anything like they claim, he DEFINATELY would not approve of the life his friends have chosen. Drugs won't bring him back. He died its time for all of them to move on. I just don't know if they'll ever realize that. Some won't ever . . i wonder if we can make micael see that before its too late. ",low,high,high,low,high
"It feels like more time has passed and that my life has been turned upside down. Not too badly upside down, but it is definitely different. I had friends come home this weekend and I loved seeing them, but I also realized that college is different for all of us. I noticed changes in my friends that didn't affect our friendships but nonetheless were there. I loved having friends home, knowing I had people to go out with and overall just having a blast. But- it just reinforced the distance between us once they left. I love college and all the new people I've met- I just haven't had the time yet to make the kind of friends I had in high school. I understand this, but it's frustrating to go from always having 10 people to call and talk to down to maybe 4 or 5. I met some people at the Longhorn game on Saturday and it was awesome!  I just hope that that will keep occurring and soon enough I will have those close friendships with people in college. My friends and I also talked for quite a while last night about one of our friends who went to West Point. I've realized that I miss him but at the same time have mixed feelings about that sense of loss. In so many ways I wish he were here but I know that wouldn't be right. It doesn't make it any easier, just a little bit more complicated. I'm also trying to get over my frustration of living at home this year. I feel like out of 50,000 students, I am the only one staying at home with my parents. In so many ways it's not too bad, but when I go out with friends and they can do whatever, come home whenever and so on it makes me realize how much freedom I'm missing out on. A lot of it is that I am sad that I don't have the advantage of meeting people in a dorm and making new friends that way. It's also hard because so many of the people I am friends with are all living on campus and so it's a lot easier for them to get together than it is for me to get together with them. Anytime I have to come up to campus it's at least 20 minutes and a hard time finding a parking place. It just sucks because that's really the only thing I don't like about my college experience so far. It always makes me laugh when they talk about the freedom from your parents that college brings because I don't have that. This is an awful long time to write. I don't really know what else I have floating around in my head and I still have 10 minutes. School work is starting to kind of scare me. It's like oh I have a test in 3 weeks so I don't need to worry about it now and then I know that all of a sudden 3 weeks are going to have passed and I'm not going to be prepared. I love not going to all of my classes everyday. It makes it seem less difficult. The one thing that really sucks about my schedule is the fact that I have these huge breaks between classes. On Wednesdays and Mondays I have 3 hours between classes and 1. 5 between 2 others. The worst part is that I don't know what to do with the time and I can't go to my dorm because I don't have one. I'm starting to hope that the next writing assignment isn't to explain your feelings about college because that's what I've done in this one so I might be stuck at the computer for awhile next time. I'm listening to the Titanic soundtrack right now. I've been listening to it a lot lately. I think it's because it's pretty relaxing and it calms me down. The music is beautiful and it makes me think of the movie. I went to see Titanic twice. The first time the movie cut off in the last part of the movie. It totally ruined the effect and it really sucked because they turned all the lights on and well, you can just imagine. 5 more minutes. I'm really glad that I didn't have to work today. I feel sorry for the people who did have to go up to work on our first school holiday. I work up at the recreation center on campus and I love it. The people there are really cool and now there are some people who are my age. This summer when I worked there, there was no one under the age of 21 except for me. It made it kind of weird because they were all in a stage of life that I had no idea about and won't for at least another 3 years. One of my friends from high school works there and I like having her there. I hate the fact that we don't work together, but hey that's the way life goes. I wish I had more hours simply because that would be something for me to do with my down time on campus. Two more minutes. I never realized how long 20 minutes could be. I've found email to be quite handy with friends because I can email my side of a conversation in about 5 minutes instead of having to go through the pain of writing a letter, putting it into the mail and sending it. I have no mailbox so it makes it even more difficult to mail a letter because I have to go all the way to the post office. Whoever thought of neighborhood community mailboxes with no drop box for outgoing mail needs to be laid off of his or her job. Well looks like my time here is done. I guess I have one more to do but not until tomorrow. ",high,high,low,high,low
"This is my first year at UT Austin, and I feel nervous and confused about what is to come. I am not accustomed to all this work and it is really making me worried because I cannot keep up in all my classes. For one, I have so much to do in all my classes, and two, I live off-campus and it takes at least an hour to get back to my apartment. My roommates a complete slob and he leaves his stuff everywhere around the house; just yesterday I notice he is been eating out of some fried chicken that was left over from last saturday and has been sitting out on the counter for 5 days!             I also want to keep up with my friends, but it is so hard because there is so much work. They're always asking me to go party with them on the weekends, but that is not something that I like to do. I don't drink and I don't plan on to and I am not interested in meeting girls because I am currently happy in my relationship. I've been going out with her for 10 months and one day. She is the best thing that has ever happened to me; sometimes I feel as if she cares for me then I care for myself. I've never felt like this before, specially with a member of the opposite sex. I don't have good looks to attract girls, but from what people tell me, I have a good personality. I listen to what others have to say. I listen to their problems and try to help them with their problems - I am not just saying this to suck up to a psychology professor, but I really do this. I am majoring in psychology; it is what I really want to do. Back to my girlfriend, she is currently going to UTSA and will be transferring to UT next year. What really bugs me though is how whenever I go to see her, my friends are always bugging me about Hey man, are you going to smash her?"" and my answer is ""NO. "" You can call me old-fashioned but I believe in abstinence. I am a virgin. It bugs others, but it doesn't bug me. I don't get how people can make love to multiple girls and not feel dirty about it. I know I would. I would never have sex with my girlfriend before we get married. I want to have that respect for her and just restrain myself from that. I mean, don't get me wrong, I love her. I want to make love to her, but I am not going to. I have morals. I was raised in a culture where dating was frowned upon. My parents had no problems with it as long as I didn't do anything - and I don't. I really like this girl, and I have thought of a future with her in the long run and I do not want to compromise that. I just wish that she would be here with me. As you can see, she means a lot to me and she is on my mind a lot. My major is psychology, but eventually I want to become a pediatrician or maybe even a psychiatrist - I don't know yet. It worries me that I will have to stay in school for another 8 years and that is a real long time but I feel that it is worth it, so I do not want to give up. I will try my best. Now I am sitting here not knowing how to word this paper because I am so accustomed to High School writing with 5 paragraphs and an introductory and conclusion, but the assignment was to simply state my feelings - so I am. It is raining outside right now. I hope it doesn't rain tomorrow because I have classes. It would not be fun walking drenched to philosophy 301 with Professor Bonevac. Philosophy also seems like an interesting class for me. Professor Bonevac is hilarious and is awesome to listen to (as you are). The rats with altered hypothalamuses were hilarious and they really made me think about all the technology that is out there. I know I am doing the right thing by taking all the classes I am to pursue my career. I am scared that my grades won't be able to cut it though. All these classes require a lot of reading, and reading isn't exactly my best subject. I am trying my best to keep up and continue with all the reading and continue with turning in my assignments on time. It is really hard but I think I should be all right. I am especially worried about this class, because the lectures are completely different from the textbook and I have to keep up on both and well - I am just a confused little man. My times running out and my brain is struggling to squeeze words out to finish up this assignment. I also have a chemistry exam tomorrow. YES tomorrow. So hopefully I'll do good at that because it seems relatively easy. I miss my parents. They are back in Houston. They don't want me to go visit them because they don't want me adding mileage to the car. So I am stuck in  Austin til Thanksgiving. I'll go home, eat turkey, and come back sick. Yes, I do listen in class. ",high,low,high,high,high
"My mind is clustered with the nonstop clicking of my roommate's mouse on her computer. It just keeps going and going and going. Then comes the sound of my keyboard keys clicking away. and the sound of my next door neighbor's toilet flushing. I have the sudden urge to tell all the noises to just shut up. I hear the sound of my roommate coughing, and it reminds me of my grandfather, who passed away a few years ago. He died of pneumonia while in a coughing fit. Now I'm thinking about lunch. which I was supposed to have an hour ago. Yet, it is very upsetting because I have no food in the dorm in which I want to eat and the food at the dorms are not quite edible or appetizing. I'm thinking about my boyfriend, and how he'll come visit Austin from Houston this Friday. He'll be coming here to have dinner with me and my roommates at a fancy restaurant. That will be quite exciting considering that I haven't had any great food in a long time. I'm really excited to see him because he lives back at home, where I moved from. This weekend I'll be going to see my parents. When I think of my parents, I get a guilty feeling because I know I haven't been very truthful to them. But, there are just things that I can't tell them because of the generation gap and everything else that occurs between parents and their kids. It makes me feel even guiltier that they miss me and want me to come home, but yet, I don't really miss them yet because I feel restricted in their presence. The sound of water running is making me want to take a shower because it just reminds me of showers. Maybe because I just took a shower. My body feels warm and clean. I love that feeling. The sound of food is calling. but I need to type for another 15 minutes. For some reason. the little eraser shavings on my desk made me think of little insects and bugs. The thought isn't very pleasing considering the fact that I have an extreme hatred for insects. The thought of them makes me itch. Now my eyelids feel heavier and heavier. Writing continuously makes me tired. Speaking of sleepiness, I think of the experiment we did on Monday with the correlation between sleepiness and stress. I was one of the control group people who just sat there. Sitting there listening to all the number counting was like a lullaby. I fell asleep soon after that. Then I woke up to the sound of laughter, and realized that I left a big wet spot on my shirt sleeve because I had fell asleep with my wet hair on my sleeve. It wasn't a great picture because the people walking by might have thought that I drooled all over myself. Not a good image. Speaking of image, I went to rush for a business fraternity yesterday. It felt weird approaching everyone and trying to meet everyone. Usually I am a more inward person and not likely to just go up to people and ""mingle,"" but yesterday I needed to because it was a ""rush"" event. I am thinking that both this fraternity might make me feel more comfortable with meeting people and approaching them, but at the same time. it might not be something I really want to do because I'm not the extremely social type. However, as for now, I will keep on rushing to see how things go. It makes me nervous about joining this fraternity because I know my boyfriend back home will feel somewhat against me hanging around a group of people he doesn't know. It already makes him nervous enough to know that I'm up here at the populated University of Austin, and he's down there back home, in a known environment. So, there are many things to consider about joining these organizations. But like everyone's advice to me: Don't get held down by some longdistance relationship when you get to college. Maybe this is why they gave me the advice. Because every time I go to some party or meet new people, I feel guilty that my boyfriend is not part of it with me. I suppose I get this feeling because he has always been there with me to meet everyone back home. Now that we're in different environments, that is not possible anymore. However, I am still determined to make this relationship work. Now I am really in the mood to go home, and really in the mood to walk up to my refrigerator for some food. One more minute to go. I see Einstein on my computer screen. He makes me want to do well in school. I hope I will do well this year. I feel kind of nervous because there are so many more distractions here, but I suppose I'll learn to handle it. ",low,high,low,high,low
"I am sitting here wondering as to why I chose to do this assignment at this particular time. As I search my the thoughts the number one reason I can find is BOREDOM. I am so bored right now, as I have throughout my entire UT experience. I miss my friends, my family, my surroundings, my house, and most of all, my king size water bed. I have nothing against my roommate, my dorm, or this college, but I feel that they cannot replace the friends, accommodations, and schools that I have become accustomed to over the past 18 years. I'm pretty sure that I just used a runon sentence. Five minutes down, fifteen to go. Notice that I spelled out the words ""FIVE"" and ""FIFTEEN"" in order to waste. I am wasting this time because I don't feel any need to be introspective. I feel that I know myself pretty well, both strengths and weaknesses, I that I have no need to further analyze my thoughts. I am very surprised how painless that has bee thus far. I'm sure that my high school English teachers would die when if they saw how many sentences I started with ""I"". Although you can not see this, thanks to the wonders of modern technology, it just took me about eight tries to correctly spell the word ""saw"". Did you notice that I also spelled out the word EIGHT. It has now been twelve minutes and it is time for a short bathroom break. I hope that this writing is still here when I come back. I'm back. That took about a minute. Sorry. I meant to right ONE minute. I wonder what other people are writing for this assignment. I wonder how many people will try to suck up by complementing the professor, or how many will tell of their dislike for this class? I wonder how many will try to be introspective and artistic, and end up writing free verse poetry? I feel that such people, who think themselves to be deep and philosophical, are the exact opposite, fake and shallow. I feel that my fingers are not fast enough to keep up with my thoughts. As this assignment comes to an end I wonder what I was supposed to have learned, for I feel that I am none the wiser. TWENTY minutes have now passed. The END. ",high,high,low,low,low
"I want to get good grades in all my classes. My goals is to get between a 3. 5 and a 4. 0. which is really going to be hard between fraternity and classes. I really like this college and have seemed to have adjusted well. I like my roommate. He cracks me up. his little insights on lfe entertain me. tomorrow I am going to work out. I need to run. this will keep me healthy and make me feel good about myself. I have to ask a date to My fraternity function for Friday night. the girl I want to ask isn't home but hopefully will be there later. I think that she is cute, and that she might like me. I am worried about classes. I haven't been able to review all my notes. there is just too much to do in this damn town. I heard about my ex-girlfriend today. I hope I never see her again. she amde my senior year so hard. I was so upset over her. I never understood how one person can have such an effect on another person. She might come in for AC, a sammy party. I hope that she doesn't come near me, because if I'm drunk I'll probally tell her to go to hell. I mean, after all she broke my heart. I was the one who felt like shit all the time. I hope she chokes on her own food. But I don't want her to die. Professor said today that love and hate are mixed together. he is so right. I hate stacy so much, but sometimes I just love too much. I wish I could sever all ties with her--oh well shit happens. She just makes me so angry, but my anger is a sign that I haven't gottne rid of my ties to her. this assignment take a long time. I'm really tired because I have been up since 5:15 in the morning. I had to go get football tickets-yea!  I'm going to the 1st game on saturday, that will be a blast. The crowd will probally be nuts. I can't wait. This university is so cool, I just wish that there were no street people on the drag. They just sit around and smoke and ask you for change. These kids need to either go home, I hear that they choose to live that lifestyle, or become a ward of the state. I am almost tapped out. Writing my thoughts is a very hard task. it is mentally challenging. I want to go downstairs to ask out slyvia, but I dn't know if she is home, maybe ill just call alec and see. I have one more minute. My mind is almost blank because I'm so tired. This course is quite hard and I wish you would explain the concepts better. I have to go read my book. Times up. See you in class ",high,low,high,high,low
"it's 2:03. that means I have to write until 2:23. I kind of wish that I had eaten lunch before I started this. is ""kind of"" actually a valid phrase in English?  I've heard it used in conversation, but I've never really seen it tuped before. I wonder why we capitalize some nouns like God and English, but not others like god and bicycle. the people down my hall are really loud and obnoxious. I'm not quite sure what they are doing now, but it involves a lot of bumping around. They had a picture of some female anatomy on their wipe-off board for a couple of days, but it's gone now. I'm really glad because it was pretty offensive. I wasn't about to say anything about it to them, though. who am I to tell them what they can display outside their door?  now I hear multiple guys laughing. I really don't like it when guys are in the dorm. it makes me really uncomfortable. I feel like I can't really go on with my regular living processes. I'm always afraid that if I take a late shower, I'll be coming down the hallway in my purple bathrobe, and there will be some strange guy standing there. I'm really into my privacy. that's why I chose an all girls dorm. besides, a lot of girls get really stupid and bitchy when they are around guys. last night when I was getting off the elevator with a friend, two girls from that floor were getting on. my friend and I were laughing at something she said, and one of the (not very nice) girls thrust her head out of the elevator and said ""do you have a problem?"" in a very threatening tone. I just laughed at her and said no. then she said, ""I didn't think so. ""  then why the hell did you ask if you didn't think so?  it sort of desturbed (wrong spelling, geez I hate that) me to think that someone was that bitchy where I live. I also feel sorry for her that she is so insecre that something like that would set her off. my mind goes faster than I can type. sometimes I worry that my writing is not sophisticated enough. I guess now I worry that my thought processes are not sophisticated enough. my roommate keeps trying to set me up with her friend. he's a nice guy, but the thought of getting together with him makes me a little sick. perhaps it's the dirty notes he keeps leaving on my bed when I'm not here. I'm not used to people being that upfront about sex. I noticed that sex is a big interest for psychologists. the first questionnaire I filled out had a substantial section on sex. I wonder if you guys are actually going to read this, or if I am writing this for my own benefit. if the latter is true, I'm not going to get much out of this. I write like this all the time; it's called a journal. it is slightly more enjoyable than many other alternatives I can think of, though. you're never supposed to end a sentence with a preposition. I wonder why that is. I rather like it. maybe because I'm not supposed to do it. well, it's 2:25 now, so I guess my requirement is up. besides, there's nothing more I can think of. ",high,high,high,low,high
"     Today has been totally stressful!! Actually this past week has been stressful! College is very different from highschool. In high school I never even had to study, but I would still make high A's in all my classes! Now. . im not really prepared for all this studying i have to do in college! arg!  Im pretty sure i can handle it, but im still freaking out over only taking 2 tests in each class the whole semester! and those two tests determine my grade. . thats just scary!  Anyways, today in general has been stressful. My mom had to go get an MRI today, and that can't be good. Shes been ok the past few weeks, but something is making her sick! and today also, i found out that my uncles lung cancer is back, we thought it had gone into remission, but no, it came back. This has been really hard for my grandmother because she has to take care of my uncle 24-7. And my grandmother is not in that good health either, but hopefully she can handle all this. And it scares me because my other uncle, also smokes! even though his brother is literally deteriorating before his eyes! but he still won't stop smoking. that really pisses me off! its just so gross and. . blah. Oh well, he has to make that decision on his own, i can't make it for him. Anyways continuing on, one of my roomates is gettin on my nerves. I have 3 roomates in total, and we get along pretty good, but this one roomate, ahh! shes annoying! shes always trying to tell me that im not doing something right! and its always stupid stuff! like, she told me i wasnt cracking the eggs correctly?! or that my grammar on my english paper is wrong, when i know its right! and the thing that makes me mad is i didnt even want her to be my roomate. You see, i got a housing scholarship, for gettin good grades, so i don't have to live on campus. Two of my other roomates got one also. The girl i don't like happened to be a recepient also. She totally butted in and said she wanted to live with me! what could i say?! noo?! of course not! so i said yes. Then during the summer i was hoping she would forget and not transfer her lease over to mine, but what do you know! on moving day, guess whose face i see right as i enter my apartment door, none other than the annoying girl! ahh! this is something that is making my life even more stressful right now too!  Sometimes i wish my parents could just tell me how to live my life, it would just make everything sooo much easier on everyone!  But i guess thats the college life, its just very new to me still. Like, i enjoy not having my parents there telling me to study, or when my curfew is, but i do miss that   parental aspect   that i used to have in my life. College has a bunch of pluses. and minuses. Its not all parties and having fun like some people. Well i guess it is for some people, but personally not all that much for me. (Thats another thing about my roomate. . she is always partying! like 5 days out of the week! thats overdoing it just a tad don't ya think?!?)  But anyways i guess i should write something about the psych class to get some brownie points. lol. I really like that class! its pretty interesting, and the professor is pretty cool and not so boring(like my history teacher who says. . and umm. . alot!!)Im thinking of changing my major to nursing, possibly to become a psychiatric nurse, or possibly a pediatrics nurse. but im not sure(once again. . something i wish the parents could decide for me)  But yea, that class is pretty fun, i just wish it wasnt such a big class! thats another scary thing about college, your just a number! your just a tiny little fishy in a huuuge sea of other fishies!i guess its just cause im straight out of highschool where the classes are only 30 students each. Going from 30, to 500, thats quite a bit of a difference, and it can be rather intimidating for a freshman!  But i guess i will have to learn how to deal with it sooner or later!! hopefully i can survive this year, my goal GPA is atleast a 3. 3 ATLEAST! ahh!! i would like to have higher than that. . but we will just have to wait and see won't we!! ",high,high,high,low,high
"They are playing the Atlanta Braves. They're good but I think we should be able to defeat them in the playoffs. There closing pitcher, something like, Lightenburg is the ugliest guy in the league: pretty close to Randy Johnson of the Astros. I'm really hungry right now. I want a nice juicy ribeye steak back in Houston. Houston has the best restaurants. The night before I came to school I went to anthony's in houston. I had duck with cherry dressing. It was so good and the dessert was even better. We ordered practically everything on the menu. School is really different from high school. There is so much freedom compared to high school. Not only are parents out of the scene but teachers don't know if you show up to class or not. My bed is so comfortable. I put my two twin beds together and now I have a king sized bed. I love sprawling out on my bed after walking back from class or coming home from a night in Austin. I love UT and I cannot wait until the first football game even though I am leaving town. I am going to Birmingham for my grandmother's 80th birthday. It will be good to see my parents again. My sister is a senior at UT this year and she is going to graduate in the Spring. She is a PR major. This summer she interned for your daughter at Pennebaker Designs. Well I think that is 20 minutes so I am going to stop. I think I am going to go get something to eat. Pizza or maybe some quesadillas. ",high,low,high,high,low
"     I feel really stressed about school right now. I hate my rhetoric class, because she makes us turn in homework everytime we meet which is three days a week. So I am behind in my reading for a lot of other classes that I am taking. It makes me so frustrated that she doesn't seem to care that I am taking 15 hours of credit and I don't have time to read a 150 page novel in two days. I'm drinking this drink called Capri Sun. Its ok but it leaves a bad taste in my mouth. I'm really thirsty though and I don't really want to drink water. Our water tastes gross too. I don't know what is in it, but everytime we put it in our refridgerator, it gets a bad taste to it. Everytime my roommate talks about the water tasting bad, I think of the movie Signs, and that cute little girl who said her water tastes old. Atleast if aliens come to earth, we'll have water to through on them. My monitor is on the fritz. It keeps turning neon shades of red. . more like purplish pink. Or something of that nature. It really makes my eyes hurt when it does that. I just hit it and it goes back to normal for a few moments. I can't figure out why its doing that except for the fact that it is old. I talked to my old friend Kyle last night. He called me a cutie. Why I don't know. I didn't really know how to react to a comment like that especially from him, because we had a history a long time ago, and things were never really the same. I really liked him too. It kind of unnerved me when he said those things. I just kept saying   how can you say something like that to me  . He is really good with mind games, so he kind of played around with my mind for a moment there. He makes me so mad, but at the same time, I like to hear that kind of stuff from him. It does make me feel pretty. I don't really know what this thing is supposed to help me do. . the whole writing in a stream of conciousness way seems hard to do. I just write what I think, but at the same time I feel like I am thinking what I want to write, just so I can write it, as confusing as that sounds. I miss my friends. They are too far away to see. Some of the people who came to UT with me live on the other side of campus and they don't ever call. I felt like everyone already had friends when we got here and their   old   high school friends didn't matter any more. It really hurt my feelings to realize that. I honestly believed them when they said that they wanted to hang out with me when I got to school. My other friends live far away. they all have new friends too. I feel left out or behind, because I don't have a new good group of friends. I really hope that my mom is doing ok. She always says that she is, and probably just because she doesn't want me to worry. But I do. I don't like being far away from her, because I can't keep up with how she is. Not that she is unhealthy all too much, but sometimes she will hurt her back, or she, like everyother human, gets sick. I pretty much think of her as a superhero. Invinsible to the harm of the world. I want my mom to always be here with me. Now I am older and I know that my mom isn't anything other than a normal human, and it makes me worry. Anything can happen anyday to me, my mom, anyone I know. Its pretty frightening, but in the same sense you have to no think about stuff like that and just live life as it comes and live life for today. I try to do that. Maybe that is why I don't do my homework. I could die tomorrow and what would I have to show for it? An all nighter of reading. I hate reading. It is one of the worst things you could make me do. That and writing papers and having my peers grade me. I always feel like I am going to miss something if I am stuck reading. My mom and my sister are avid readers, but I do not share the same feelings for it. Plus if ever I don't understand a word, or the reading gets boring, I stop paying attention and therefore do not understand a single word I just read. I hate it. I have to read books multiple times to understand them and then I might never get it. I honestly wish that reading and writing were obsolete. Impossible and shallow I know. I mean, where would we be without that stuff? No where, I am assuming. Allthough I know better than to assume! I am not really a person who enjoys school. I love to listen to my teachers tell interesting stories, screen movies and make visuals in class. All of this taking notes and reading bores me. I wish school was like my elementary year and like my LEAP classes where cut and paste was the prefeered way of learning. Those were the days. It really stinks to be all grown up. And to think that a few years ago, that's all I wanted to be. ",low,high,low,low,low
"I am thinking about an email I just read. It's from a friend from a      kickboxing class. He was giving me a hard time, Which is fine because I make fun of him too. He's a pretty funny guy but I am really trying to come up with a good joke to really bust his chops. I am also thinking about  how depressed everyone is today, being September 11th and all. I wonder how Sept. 11th will be in like 50 years. I also wonder how long it will take for it to get into student's text books. I hope they don't do the same thing that they did for Pearl Harbor and Titanic, and make a love story out of it. That's rediculous, there is more to it than some guy going off to work while his wife is at home and his lover is at his secret apartment. I bet a lot of people will be angry if someone manages to come up with one. I would hate to be President Bush now. He has some tough decisions to make. Half of the country says: Kill 'em all! While the others are screaming:   PEACE.   No matter what, someone will not get what they want. Even in the West Mall today, there are tons of people speaking their opinion, showing signs and passing out ribbons. But it's not totally black and white. I think there is a grey area. Some people say war and some say peace, but I think we can find some in-between. Killing innocent children isn't a good idea but we have to stand up for ourselves if we want this to stop. I don't know. . I don't like talking about politics or religion. Too much controversy. Everyone is too stubborn to see the sides of others. I am also thinking about when I was here in the computer lab yesterday. Some girl started crying really loud in the hallway. It was just like out of the movies. None of us knew what was going on. Some people got up and went to see, which (although curious myself) I thought was rude. I went to my kickboxing class last night. It really makes me feel self-confident. Learning those moves last night was a lot of fun. Why isn't the time and minutes thing doing anything? I am afraid that I will have to do this all over again. I am looking around the room and noticing that just about everyone here is checking their email. I guess no one does work on computers!!!  I like coming in here to check my email but I always feel like someone is reading what I am typing behind me. If they want to know so bad, they should just ask. I am very tired. I went to bed late, and slept through my alarm. But somehow I still made it to my 9:00 class. Barely! That class is fun. Learning sign language is very important I think. Just as important as learning Spanish or French or something. Going to the social events will be sort of weird though. Since I am not very good at signing, I will pretty much be a wall flower.    ",high,low,low,high,high
"I guess that I should start by telling you where I am. I am in my dorm room at Castilian. I only had one class today, Calculus. I don't really like Calculus that much. But it hasn't been too bad so far. I want to call my old band director and tell him good luck tonight. Tonight is their first football game and they are playing the Astrodome. I got to play in the Astrodome once. It was really cool. At first I was really envious of my friends still in high school because they were going to get to play there again. But then I realized that I was going to get to play at the UT Stadium and at many other great stadiums across the country throughout my time here at UT. My roommate is playing a video game now and I'd really rather be doing that. Not because I dislike this assignment, but because I haven't gotten to play any games in a long time. School and band are taking up a lot of my time. But I think that is good. I like to stay busy. Last year in high school I was in band, jazz band, choir, pop choir, mock trial, KEY club, a little student council, and track. I had a great time and was doing stuff constantly. I would like to have that kind of life here. I think that I would like to join a fraternity, Longhorn Singers, a Bible Study group, mock trial, and anything else I can find time for. I like being a part of many different things. That way I can have friends from all over and with many different interests. UT has been very interesting so far. I love the way my schedule works. I am through with my classes today and it is only 12:45 (The day by the way is Friday if anybody is actually reading this). I think that I would like for somebody to read this even though it isn't the most exciting paper in the world. At least then I wouldn't have written it just see how accurately I type. Anyways, I'm not sure what I should be writing about. Uhhhh. My parents are going to be here tonight. They are coming up here (or over here technically) to watch me march at my first college football game. My mom is really excited. My dad is also but he is also coming to see the game. My mom could careless about the game. All right! Only 3 more minutes. Uhhh. I have a really nice view of the city from my room. It's on the twentyfirst floor. It really sucks trying to get up here on an elevator though. And it's really hard trying to find a place to practice my trumpet in a dorm. I tried the roof but it was locked. I'm really hungry now and that's good because I only have about thirty more seconds to type. Yaady yaady yaady and now I'm done. I am going to go eat. Thank you to whoever has read this. And if nobody has or ever will, there isn't much that I can do about it. ",high,low,low,high,high
"I really wanted to get that done before I went home this weekend, but I guess I will just have to try later. I am also feeling pretty excited though right now because I just finished talking to this guy that I met on Saturday night and we are supposed to get together tomorrow night. I'm excited but I'm also nervous. I'm not really sure if I like this guy or not. The actual truth is I'm not really sure if I find him attractive. When we hooked up that night we were both under the influence of alcohol, but we weren't really drunk. My friend tells me that he's cute but I just have to take another look for myself. That's kind of mean for me to say but I don't want to be going out with an ugly guy. I feel like Gods going to punish me or something for saying this but I'm sure everyone wants to be with someone that they are attractive to. This guy is really cool though. He's a theater major or a Plan 2 major. I guess his minor is theater but anyway. He's a really funny guy. We get along really well. It's odd though because the couple of times that I have talked to him I don't even feel nervous which is odd because I usually feel nervous when I'm talking to a guy for the first time. I guess this should tell me something, that he's a pretty good match for me. We just joke around like crazy and just play off of one another's comments. It's pretty awesome. I'm kind of stuck now I really don't know what to write but now something just came into  mind. Before I was talking to this guy I talked to my friend from back home. She's getting married in October and I'm going to be her maid of honor. Hearing her talk about the wedding plans just freaks me out. I just can't believe. It makes me kind of sad though like as if I'm losing her to her future husband. It's not going to be the same anymore, I just can't go over to her house anymore and just chill out since she's not going to be living there anymore. To top everything out she's pregnant which is really the reason they are getting married but they really do love one another so they'll be happy. The day she found out she was pregnant was very freaky. I was there with her at her home when she took the home pregnancy test. She came into her room screaming oh my god Jennifer it's already turning pink after only a few seconds. I saw the line appear which lets you know that you are indeed pregnant. I was in complete utter shock. I was almost in tears. Once we started talking about it and how cute it's going to be I would just want to cry more. It's just weird I guess having one of your best friends get married and have a baby when we're so young. I can't wait though for her to have it so I can see it and play with the baby. Even today at the mall I went into Gap Kids and looked at baby outfits. I want to buy her some really cute outfits for the baby. The baby isn't due until April sometime but it's never to early to start looking. I'm stuck again and this time I think it's for good. Come on you can think of something. OK this is to weird I'm writing to myself on the computer telling myself to think of something. I'm almost done I have one more minute. I'm actually freaked that I actually got done with this before Sept 11 when it's due. I always wait for the last minute but I'm starting the year off good and doing thing ahead of time. I feel relief now that I'm done. Yeahh. ",high,low,high,low,low
"     I am finally taking a break from doing my math homework. I am so excited to finally be doing nothing. I am so excited that I finally got my laundry back because now I do not have to worry about it, but I do need to do a load of some personal items. While looking around my room I see my side pretty neat and then I look at my roommate's side and it is a pig-sty. It bothers me because she has buckets overflowing everywhere, when they could easily at least be hidden under her bed. Maybe we will have a talk about that later?  Who knows. But I cannot wait for this weekend because not only is it a three day weekend, but that's one more day that I don't have to go to class. I love living here at Towers but the walls are paper thin. I can hear anything and everything that my roommate/suitmate say and sometimes that's okay but when I'm trying to concentrate on something it kind of bothers me. Oh well, life could be worse. I wonder what else I have to do to prepare myself for tomorrow?  I think I need to go to Allie's room at some point to get her notes from Philosophy that I missed last week, and I really need to go return a book to the Co-Op and go by the bank because the stupid people sent me my check card with my dad's name on it. Why would they do such a thing?  Oh well at least it won't be too hard to fix. At least I hope it won't be too hard to fix. I am so tired but I got so much sleep last night and I don't understand how I'm so tired after only going to class for an hour and a half today? It makes no sense to me. Maybe I am still transforming into the ""college-life-style"" and I'm just not used to it yet?  I'm getting very sleepy but there's no point in trying to take a nap because I know it won't happen for me. I love how I have so many pictures around my room because everywhere I look I am reminded of a fun time with my friends from home. Speaking of home, I feel like so many people are going home this weekend. As much as I would like to go home, I don't think I'm quite ready to leave here yet. I don't think I'm settled in enough yet to get up and leave already. Even if I did go home my parents wouldn't be there because they are going to the lake. I wonder if I will see them at all since they'll be so close to me now?  Maybe I will call them later and ask. Oh and I need to call Mimi back since she left me a message yesterday. I'll call her later when I have a few minutes to spare since I know the conversation will last for a lifetime. Or I guess I should say it will last for a long time. It's amazing how I was here in my room for so long by myself without my roommate or suitmate, and then all of a sudden it's like they both appeared at the same time, and within five minutes they both left and I'm left alone again in quietness. I will most definitely take advantage of that alone/quiet time, but then again sometimes I do get bored sitting here by myself. They asked me if I wanted to go eat with them but I just ate a few hours ago, I might as well save my meals for when I'm actually hungry right?  Wow, looking up at the clock I never realized how long twenty minutes really is. I feel almost out of breath because I've been typing so much so fast and its only been a mere ten minutes. My  sister just called but I have to call her back. She didn't seem to mind because she said that her and her friend Jessi would be searching for Jessi's car anyway. So I wonder what happened to it?  Did she park somewhere and forget where she left it?  Weird. I hope I never do that. Although it would probably be hard for me to do that since I've only driven my car twice in two weeks. I wonder if that's bad for it?  Maybe I need to try to drive it at least once a week to make sure it still works?  I should probably ask my dad about that. So its only four oclock in the afternoon and I feel like its ten at night. Why is that?  Well I just hope I keep up with everything as much as I'm ""supposed"" to because college is definitely not like high school. High school is like a joke compared to what I've experienced in only 5 days. Oh well at least we get a month of for winter break instead of two weeks. So about winter break. I cannot wait to go home because I think we will have like a reunion of everyone getting to be together once again. I'm sure Ill see most of my friends over Thanksgiving break but the first time we will all be together with the ""old gang"" will probably be Christmas break. That will be a fun break, and I know it will be great seeing everyone again. I wonder if my family will be taking any kind of of trip?  Hmmm there's another thing I need to check into because I don't like finding out about things like that at the last minute. Especially since my best friend who lives in Virginia will be in Houston for part of the break. If I missed her because I was on a family trip I would be extremely upset so I need to figure it out to make sure I will be around. Wow my eyes are shutting so much maybe I should go get some coffee from downstairs? Sounds like a great idea and it will probably make my throat feel a little better since it's kind of of sore. I think just getting used to college life and my new schedule is wearing me out enough to feel a little under the weather. I can't wait to fully recooperate so I can feel 100% again. Then hopefully I will be in a better mood and not so irritable?  Hopefully!  Well now getting back to the matter at hand, this assignment. ALthough it has been time consuming, it's probably been the easiest assignment of my entire life. Wow and that's saying a lot!!!  I am so interested to see what our next assignment is like, since our professor said that there will never be another one like this again. Our class is huge and I actually saw a second person that I know yesterday when I was walking out. Speaking of I should probably call that friend of mine. Well it looks to me that I just glanced up and this assignment is over! Yay :-) ",high,high,high,high,low
I feel kind of alone. I feel like I can't trust as many people as I use to. The people I trust are miles from me. I miss them. I miss talking to them everyday. Even though we still keep in touch it's not the same. I miss my hometown. I miss playing highschool basketball. College is going to be hard for me because I never study and when I do Study I can't study that long because I get tired because tired. It feels like my life is just beginning because I'm experiencing new things. I wonder if I'm going to meet the perfect girl up here. I'm kind of scared of this assignment because I don't know if I am doing it right but I think I am. I need a haircut because my hair is starting to get shaggy. I like getting haircuts. I'm tired but that's nothing unusual because I 'm always tired. I think I'm going to visit my home town this weekend. I want to see a good movie because I haven't seen one in a while. My eyes are starting to hurt because I have to stare at the keys hard. ,low,high,low,low,low
"Sometimes I think of what other people are thinking. I watch the way people stare or the way they look at the ground when they walk. They must be thinking about things that they have to do or even things that they have just finished doing. I don't understand how we can have thoughts that are so evident in your mind, but completely shut out from anyone else's knowledge. I feel strange in the fact that I am putting my thoughts into words. Though I am concentrating on writing, I am also able to let my mind wander while I write. The way I think and the way I process my thoughts has changed since I've been in college. Leaving home so early forced me to grow up, which I desperately needed, and it also made me understand all the things that I have at home. My life in Austin is good, but it is missing all those people that I made such a major part of my life. I wonder if those people will ever be there again. My family, of course, will always be there, but the others might not. My friends and my boyfriend are the ones that I spent ever spare moment with. Now that I am in a completely different city, my spare moments are spent thinking of them. I always travel back in time, in my head, to the days I spent with them. Every weekend, after school, and on vacations are the times I had with them. Maybe they are thinking the same way. I can't help but remember those days that we just did nothing productive. Those were the easiest and funnest times of my life. My mother always told me that college is the funnest time, but I have yet to see what she is talking about. My mother is great. Now I realize all the things she has done for me. She was always there for me, and even now that I am hundreds of miles away, she still there. I was distracted by the distant voices behind me. They seem to be discussing a project. Some kind of stress has been put on this group. I am assuming that they have procrastinated their work and are now hurrying to finish it. Stress is one thing that I cannot deal with. When I stress I start to think a lot. When I think, I get really nostalgic, and eventually get very sad that I no longer can do the things I used to do in the past. Some people beside me are also using the computer. Their minds seem to be captured by their work, and they seem so occupied that they would never even notice that I am writing about them. If I were to turn my head and watch them for a second, they wouldn't notice that either. I can always feel someone looking at me. Even if it was only a slight glance, through the corner of my eyes I can see someone look. Even when I don't see them, the weight of their stare causes my awareness of it. After this writing assignment is finished, I have to drive through Austin's traffic to get home. That is the only thing I can't stand about going home. What should only take five minutes, ends up being a half an hour drive. Things like that frustrate me. The light rail system is supposed to fix that traffic problem. I have a feeling that Austin is going to be just like Houston, and now matter what type of construction is done, the traffic is never going to be fixed. It is difficult to try to find a quick, easy and inexpensive way to ease the congestion in the city. Pretty soon, people are going to be so sick of it that they will move out into the country. After that, the county will start to get overpopulated and the cycle will start again. ",high,high,high,high,high
"I don't know what to expect. By best friend's father passed away Monday and I am really worried about the family. His mother does not work and he is in college without much financial aid. I hope he will be able to continue school, but I don't know what's going to happen. I am scared to face them, though. I can't see the family being whole without the father. They were always so close to one another and could share anything with each other. I envied that relationship because my family was broken up at an early age. When my father and mother divorced, I was only about two or three. I actually don't even know when they divorced. I really can't even picture my parents being together at all. They are so different now. I guess that is why I was envious of my friend's family. I never have had a very close relationship with any members of my family. I feel alone inside my parents house. When I went to my friend's house, though, they were always so open with each other and there was never any tension or anxiety between them. I don't see how a family like that could be torn apart, or actually why. Some people think there's a reason for everything, and some people believe that it's all a part of God's plan, but I, personally, have no idea what reason or higher purpose there could be for this man's death. Maybe there isn't any reason. Maybe humans have a natural tendency to search for reasons, causes, purpose. Are we all just misleading ourselves?  Could it be that humans are merely just another species on the face of this planet?  Who knows. James' father knows. He has all the answers to all the questions in life. It's funny that the questions of life are only found in death. He is dead, nevertheless, and I still can't come to that realization. Traumatic experiences just never happen to me or people I know. Until now, I guess. What the hell happened?  Five minutes to go. I remember just before I left, coming back to Austin for my second year, shaking his hand, and hearing him wish me luck. How can that man be dead?  Then I remember that death is a part of living; death is the price tag of life. We all have to face it sometime, and I guess it's not going to happen at our convenience. We have to prepare ourselves for anything, but how?  I don't know of any way I could have prepared for this. If I would have known that he was going to die, I would have tried to stop it from happening. I would have wanted him to keep on living. Why is that?  If death is so common, why do humans try so hard to prevent it, rather prolong it from happening?  I can't say that it's selfishness, I wouldn't want him to live just so I could live happy. But that is a part of it. But, the answer awaits me as well. I guess I'll have to prepare myself for my death. That means I better start living my life. ",low,high,high,low,high
"I'm sitting here at my boyfriend's place, and I am hungry. That's about the biggest thing on my mind right now. When I have to write my thoughts down, I just can't seem to know what I feel at that specific moment. Well, I guess,  right now I can say I'm thinking more about what I am actually going to type rather than what I am feeling or what kind of emotions I possess. OK, so now my boyfriend is trying to give me ideas on what to write. I, of course, told him that I will write only what is on my mind right now (which is HUNGER). Princess Diana's death just popped into my head. I can't believe she is dead,  even though I never paid attention to her. She was just one of those people  who I thought would always be in the news until she was ancient. Just a shock. The Hansons are stupid. I just now saw an MTV commercial with them on it. As you can guess, I am not a big fan. I thought they were kind of cute at first,  but the more I heard their song, the more I disliked them. Celine Dion needs to come up with some songs of her own. She is always remaking the old ones. All I can say is that she can't sing them as good as the people who first did. I never get E-mail. I know it's my only my first week of school, but I like  to get mail. Plus, E-mail is new to me. I've never had an E-mail address before. I was really uncomfortable today when my boyfriend's roommate, girlfriend, and  her friends came over. I can never seem to get comfortable around his friends. It's like they scrutinize me. I definitely do not like to be in the spotlight. Well, only if it's for a good thing. Like for an achievement or if I know for sure that I will not be embarrassed. Otherwise, I'd rather just be apart  of the crowd or stand in the back. Being uncomfortable is the worst feeling. Oh, goodness!  It has been twenty minutes already. Time flew by. I kind of  liked doing this. It was kind of a relief to just sit and type and not worry about sticking to a certain topic or subject. ",low,high,low,high,low
"Wow, Its the end of another week ,and finally I get time to relax . My idea of relaxing isn't partying or drinking. My idea of relaxing is sleeping. Yes sleeping for long hours with nothing on my mind, is my favorite hobby. My roommate is reading what I'm reading so I had to halt before I continued typing. There's another friend in my room and he's laughing at what I just wrote. He shouldn't be reading other people's thoughts! Wow 3 minutes over already. I got 17 minutes left . I'm just feeling really light right now. Light in the head. I can't think of anything to write. This is supposed to be a spontaneous writing assignment. It's definitely better than the other assignments where you have to prepare drafts and correct mistakes over and over again. Tomorrow's Saturday and Saturday means another football game for UT. I couldn't go for the first game, because I didn't have the football package and the tickets cost a lot out of the package. My roommate is making me listen to one of her songs right now. So basically I'm doing two things at a time-typing and listening to music. Some people can study with music playing, I still haven't tried studying with music playing in the background. Maybe I should try it out sometime. I think it is important to knock before you enter a room. But that just doesn't happen in Jester. One of my friends just barged in, and I jumped in my seat. This is crazy. I should tell him not to do that again. I'm not that fastidious actually. But certain things annoy me. The things that would annoy me would actually annoy any normal human being, so I know I'm not a freak. I have to call my mom tonight and tell her about the week's events. It's been a great week. My chemistry test went well. I really want to maintain high grades throughout the semester, so I can get some kind of scholarship. I don't want my father to pay so much for my education. He doesn't grumble or anything, but I just feel guilty. I know that I have to work extra hard because I have been given a wonderful opportunity to study in a great school like Stand I must make good use of this advantage I have over other people. I'm loving it here. I came to America exactly a month ago. Wow I should be celebrating today. It's been a month in the United States. This stupid friend is irritating me, Wish I could ask him to leave, I can't concentrate on my thoughts. He's asking me why I type with just two fingers. God. I'm going to tell him to mind his own business. I better change the topic . Or he might read this ,and get annoyed and abuse me or something. Yeah but making friends has been tough. I haven't made too many friends. My roommate is my best friend  as of now. I couldn't have asked for a better roommate. We just get along really well. Today at Chemistry class I met another Indian girl. She was from Houston . She was basically an ABCD -American born confused Desk. Desk refers to Indians Ok my 20 minutes are up so I'm going to sign off now. I'm going shopping with my friend Rashmi, right now. I'm going to the Target store. Then I've got to come back and do my laundry. Ok. I'm going. Bye. Writing this assignment has been great. Thank You ",low,high,high,low,low
"Writing about what I am thinking will be a new experience for me. I just got back from psychology class, so naturally I am thinking about psychology. The way I learn is that I review everything said in class in my mind for at least 30 minutes after class. Now that I am doing the writing assignment I have other things to think about. my roommate is cleaning out the refrigerator. I honestly think that she is one of the most histerical persons in the world. my other two roomates are engrosed in the television which basically means that they are compeletely useless for the next four hours (unresponsive to almost anything excep for maybe a fire in the house) maybe they will talk to my roommate that is cleaning out the frig. during a comercial. Kate, the one cleaning out the frigerator just called the two couch potatoes re and tard, that made me laugh. Trying to keep one line of thought is really hard for me. I listen to everything that goes on around me and have to have a thought about it. It makes it really dificult for me to study most of the time. I cannot study at home because I have to talk to all my roommates or listen to them being crazy or something normal (that does not happen very often around here though)  I also cannot study at libraries because I am a people watcher. I like to just sit and watch people. I learn a lot about people that I don't even know just by watching them interact with their friends, or even how they walk. I also suffer from severe migranes, which makes my life interesting when I get a really bad one. I think I have almost overcome them, but I do have one right now. all I have to say about it is AGHHHHHHHH. My mind almost automatically switches to thinking about Alexander when I have nothing else to think about. he is my best friend and I love hanging around him. he just broke up with his girlfirend and I just broke up with my boyfriend so we have a lot of crying to do around each other. my exboyfriend was really bad for me. it took me two and a half years to be able to say that outloud. I think the only reason that I went out with him, and stayed with him was because he was the first guy to acknowledge my existence. I guess I didn't have very much self esteme when I met him, but now I do, and now I realize how bad he was for me. Alright, it think that my 20 minutes are almost up, so I am going to go eat something and get ready for water polo practice. adios. ",high,low,high,high,high
"Okay, now is the time -- I usually don't have trouble writing for a long period of time - at least typing, because I think I type faster than I write. I am continuously writing e-mails to people. In fact, one semester I was even addicted to the Internet!  I was always on it. I wasn't as bad as my roommate at the time thought he never even went to class!  I couldn't believe it. At least I knew to be addicted at nighttime!  Anyway - I enjoy typing and I really enjoy writing my thoughts. This stream of consciousness reminds me of my senior year in high school when we got to read James Joyce in my English class. It was the best book I read all year - the Portrait of the Artis as a Young Man - does this computer have a way to skip to the next line, or do I do that myself?  Well - I shall do it myself. OK - anyway - about Stephen Dedalus - in James Joyce. The entire book was written the way I am writing this essay. I guess it is an essay -- I always thought they were spelled like S. A. !  but - that seems stupid when you think about it. Psychology really seems interesting. But - I know the tests are hard. I am graduating in December and I have always wanted to take Psy. I just never had the time when it came to  my major and all the government, etc. classes I had to take. I can't wait to  graduate. There is so much red tape at this institution. Yesterday - just to add into a class that wasn't even full - My God. You would think the class is controlled by Zeus himself!  I had to fill out forms - and then I had to make inquiries and get permission from the professor. Just so I could take Accounting 310f for Non- Business majors that isn't even a grade for me since I am taking it pass/fail. Now does that not sound stupid. Sometimes I think education has become too much like government. Not enough quality - just a lot of  quantity of BS where nothing is really ever accomplished. The status quo just seems to prevail. I think that is terrible. but -if you think about it - it makes sense. This institution cares not if I get a good education- but rather if I am able to  jump through all the hoops it places before me. Whether I can read the fine print and take all the courses and get all the red tape cut before I graduate. Is that what the college experience should be about?  I guess college prepares  a person for life. Not in the classes taken per se - but in the lifestyle of the student. So - if I understand that life is simply college magnified, and if I can jump through all the hoops placed before me in college and actually graduate with my 120 hours, then maybe life won't be as complicated and difficult. The question then becomes if life gets more simple and less strenuous and frustrated, then shouldn't college follow in suit?  Since I don't believe that will ever happen, I guess the college is here to stay. If anything - college prepares a person for graduate school!  Law school, oy - a Yiddish expression - I can't wait for that!  I am taking a course now on constitutional law by Dr. Perry. I absolutely love it. - It mystifies me, the Constitution. What does is cover - what responsibilities does it have. How does one know?  All these questions can be answered and asked in this class. There are only 10 people in the class - compared to the 500 or so in PSy. class, I would say that's pretty good!  I think I figured out how to do these lines on this computer I just have to push return before getting to the end of the line instead of  writing one line to eternity. How does the TA actually know that I spent 20  minutes on this?  What if I simply type really fast and I get more words on the screen than the next guy?  What if I say -- well, it's only been 5 minutes but - I gotta go?  Who ever thought of that movie with Woody Allen about the future and sex is regulated!  DAMN!  I promised myself to write about everything in the world not having anything to do with sex. I thought that for 20 minutes  I could think of not having sex. Damn. I guess I am just a typical 21 year old guy who can't get his mind out of the gutter. that really upsets me I always thought I could be more than the average Joe. Well - that shall be for my next paper on the college experience. Boy - are y'all gonna love that  or what?!!  GOTTA GO NOW -- THE PROFESSOR IS CALLING ME!!!  ",high,low,high,high,high
"I've been thinking a lot about this next weekend. Tryint to plan everything out so I get to see everyone. I miss home. The people, the places. My church, my room, and all the little things too. Just the familiar surroundings that make home what it is. So peaceful. So safe. One things I've found at college is that there's a void in my life that can't be filled. It won't ever be tha same. The relationships with people back home, that's the biggest void of them all. Susan, Amy, Jennifer, John, Mikey, Jeni, Ms. Betty, my parents. You can't replace that. It's always there, just sitting, empty. Sure, I can meet new people, do new things, but you can never replace a person, a relationship. They're all differnt and unique. My left arm is tired. Well, I just thought that so I figured I'd write it. And I just thought about writing about my arm. Wow!  And I JUST thought about thinking about writing about my arm. It never ends. weird. I've always been interested in how the human minds works. It's funny when you think about it. Here we are, using our minds, trying to figure out how our own minds work!  Isn't that weird?  When you think about it, where do you get yourself?  How can you come to a conclusion when the conclusion you're trying to come to, is actually the tool you're trying to come to that conclusion with?  It's impossible. An endless cirlce of thought and ideas. The human mind is a mystery, and always will be. That kind of impresses me that I came with that. Gee, I'm smart. Just kidding. Well. ten more minutes. Ok, I ;ve gone from missing home to pondering about the human mind. My shoulder hurts. Wow, I complain a lot. I'm feeling my elbow right now. It's swollen or something. I'm not sure why. I've been working out a lot so that might have something to do with it. Who knows?  It doesn't hurt, but I don't know if I should avoid straining it or what. I'm supposed to work out today. We'll see. I've been thinking about someone back home a lot. Her name is Cam and we met about a month before I left for college. There was this kind of initial attraction I guess you'd say. Kind of weird. I haven't had anything like that in a couple of years. I think it was her bright personality. She has thing kind of glow about her. She's always laughing. I like that in people, because I need to laugh more sometime. So we kind of talked about our relationship some, and I told her I didn't think it was best if we committed to anything, I mean, since I was leaving for college. She's a junior in high school. But we've kept in touch a lot. I think she wants a committment, but I don't think that's smart. But you know, there are sometimes when what is smart isn't what is right. Sometimes we have to do the irrational and just dive in without holding back. It's like faith. God doesn't always make sense to me. I hear all the time people trying to disprove God, or Christ, or the Bible, or christianity. like I'm taking this class, the Rise of Christianity, and he always tries to show flaws in the Bible or myths about the early churches, or whatever. But the fact is this:  I know what Jesus has done in my life, and nothing can change that. EVER!  What He did WAS illogical, it WAS beyond understanding, it WAS a miracle!  And NOTHING can disprove that, not science, not anything. How do people react to that then?  Well, people's final defense is usually, ""Well, then you must be crazy. ""  And if that's all they have, then I'll take that any day. Times up. Hey, I liked this assignment. I think I will enjoy this class. ",high,low,high,low,high
"     I really like music, i think its really cool to just get on the computer and be able to listen to any song, at anytime. it really bothers me when you turn on the radio and they are all on a commercial at the same time. It's very aggrivating, but this world is run by money so I guess there is not much we can do about it. When i listen to music, I like to day dream and imgaine that there is a story to every song, which usually there is, but I parallel the stories to my life and see how they impact me. I also just like to fantasize about certain things that a song might talk about that are a little far fetched. Music helps me go to sleep also. I can never really fall asleep to it, but I will catch myself doozing off and then wake up and turn off the songs. Speaking of sleeping, why is it that you never really remember the good dreams but the nightmares and the ones that are just really weird. I've also thought its really weird that you ususally forget your dreams if you don't write them down as soon as you have them. Why is that? Usually my nightmares involve harm coming to my family but no matter how bad they get, I also manage to either transport or take my family to safety just in time. I still wake up in a cold sweat but just the fact that I know they are ok, makes me feel better. Even if I keep going back to the same part of the dream I try my best to get them out of danger. I have a very strong family background. When I was in high school my friends used to make fun of me saying i had the perfect  family and that nothing could ever go wrong. I always thought it was weird that even though i had a strong family background most of my friends didn't. Their parents were either divorced or had really bad problems. One of my friends got kicked out of her house, well she left actually but she had gotten in a really bad fight with her mother and her mom had called her a slut. I don't think I could handle my mother calling me a name like that. I think I have a very good relationship with my mother but I know that I don't tell her everything that goes on in my life. I've noticed that I have most of my secrets spread out through a bunch of people, like no one person knows all of my secrets. I guess that is because I'm afraid to trust one person so much, but I don't think that is a bad thing. I just think that I'm afraid that if one person knows me totally they will turn on me and tell everyone my personal business. I guess that is because in junior high I had a group of friends that turned on me and I don't think I ever forgave them. I went my own way in high school but to this day I still think of their betrayel and I can still feel the pain from it. Even though I haven't always had the best friends in the world, if I have a falling out with a friend I usually will make up with them later on in life. We might not be friends again but the air will be cleared and we can be civil to each other. That also works for my ex-boyfriends, it seems like after about a year we will begin to talk again and everything is ok. I've always been able to make friends with guys better than I have with girls, I really do not think I'm that much of a tomboy but I just think they are easier to get along with and cause less drama. My first year in college was the first time I think I made more girl friends but that also might be because I'm in nursing and there is a serious shortage of men in that field. I don't mind girls I just think they have more issues than guys. I also think it's really weird that I haven't found that one single person yet either. Everyone says that in college is when you find your husband and - or wife, but I think I'll just let it happen when it happens. Like even if I like one guy, there is almost always another one. I think I like like four guys right now and its terrible. One has a girlfriend, but is going to dump her in a little bit, apparently she is being a bitch. He doesn't know I like him but his friends do, it's crazy. I think I've been boy crazy all my life, seriously. If a hot guy walks by I just turn to mush. I think the ideal guy would be about my height, not too tall or short, with dark hair and either green or blue eyes. He would have to be tan of course and have the best sense of humor either. He would also have to be a talker, I'm really into having good conversations. Don't get me wrong there is always time for silence or just having fun but every relationship I've been in has failed because of some communication issue and I think I've just learned that as long as you keep the communication channels open things will be good. I think I am a good communicator fo. r the most part, I know I'm a good peace maker and keeper, coming from a family where I had two sisters and one brother I guess its no surprize. I've noticed that people like to tell me about their problems also. I can just be sitting somewhere and someone will start talking to me and telling me their life story and I think it's just because they want someone to listen and that's exactly what I do. Not everyone wants advice, sometimes they just want to be heard. I've noticed that people in the hospital like to talk to anyone who walks in the door. I work at childrens and parents will also be eager and willing to talk to me. ",high,low,high,high,high
"     I'm just sitting here in the library wondering if this semester is going to get a lot harder. Everyone of my friends is struggling in some way or another. I keep asking myself whether or not I'm am going to make it in my major. My major is petroleum engineering and its not exactly the easiest major. My friends say they don't know what I got myself into, but I keep telling them I'll be fine to not worry about me. When I say this I am just trying to reassure myself instead of trying to convince them that I will be fine. This library is all to silent I think I just want to make some noise but that would be wrong to mess up all these people who just feel there barely grasping the concepts of what they are doing. While I'm sitting in the library my mind keeps wondering whether or not I am going to make an A on the chemistry exam on Tuesday. I feel bombarded with chem and I don't know if I am going to be able to remember all three chapters. My mind keeps telling me that I will be fine that I just have to get used to it. High School was so much different than college in that you had to much time you didn't know what to do with it. That hasnt been my problem lately the only problems I have had all are about having not enough time. Every time I talk to my girlfriend back home, a senior in high school, I tell her to take advantage of having a lot of time on her hands because college is no where near as easy. I know older people had told me the same but I really never believed them and always felt as though they were exagerating. Oh yeah I am getting off topic but this library is just boring me. I feel that everyone is ahead of me on everything. I feel like they all grasp the ideas that I don't. In high school I was ahead of everyone of my friends but now it seems to me like all of my friends are ahead of me. Maybe that's just me overthinking. I can now smell some food as though somebody has brought something into the library. It smells like a piece of chocolate. Maybe it is a candybar of some sort. I don't really care because that smell kind of nauseates me. I am not a real big fan chocolate but I do love chocolate ice cream. Something about the sweetness is to much for me to endure. Lately I have been getting really home sick because of my girlfriend. I miss her very much and wish she would move up here right away. SHe is graduating a semester early from HS and is going to move to austin and attend ACC for the remainder of the year. I offered for her to move in with me and she said she would ask her parents. I hate to say it but her mom is a good for nothing lazy ass. Her father moved from italy to america in the early seventies with not a dollar to his name. The man now owns a 30 million dollar business that he started from nothing. He now works twelve hour days and then comes home to make a three course italian meal, not spaghetti out of the jar, for the whole family while the mom just sits on her computer or plays tennis all day. All she does is just bitcht at the whole family to do things. She is one of the most ungrateful people I have ever encountered in my whole entire life. People who have only met her once or twice do not agree because she puts on a show for them but I see the real her everyday. ",high,high,high,high,high
"My suitemates are talking very loudly in the bathroom. I really should go to bed so I won't be tired in the morning, but I want to get this done so I don't have to worry about it later. The tag on my shirt itches. I need to cut it off. My suitemates left the bathroom, so it's quiet again. My roommate is studying still. Someone just slammed a door down the hall. My suitemates are being loud again. My back kind of hurts. It must be from carrying my backpack around all day. I'm really tired. At least I don't have class until 10 in the morning. I'll get a little more sleep. I need to remember to go to the Co-op tomorrow to pick up the backordered book that just came in. I bet I'm going to end up annoying my roommate typing for twenty minutes straight. I should probably tell her. good, she wasn't paying attention. She asked me why I had to type for twenty minutes. I've only been typing for 5 minutes! My suitemates are still in the bathroom, but they aren't being so loud anymore. My feet hurt from walking all day and my back still hurts. I hope I do well on the economics quiz tomorrow. I studied all my notes and read the chapters. I'm getting sleepier, but I have to finish this. They're being loud again. They are loud a lot. I think the second night I was here, they came in at 4:30 in the morning and woke me up banging around in the bathroom. Me and my roommate are quiet. Someone just got out of the shower and immediately got on the phone because someone called for her and was waiting to talk to her. I think it was Dani, but it may have been Amelia. I can't tell their voices apart yet. I think Amelia is the one with a job at Footlocker. My roommate is popping her knuckles. I pop mine a lot. I need to stop. Everyone says it makes your knuckles big when you get older. I don't think that's true because it is just releasing air from the joint. I just popped my knuckles out of habit. Someone just slammed a door again. Everyone always slams doors. Maybe they don't do it on purpose, but it is still really loud. I only have five minutes left. That's good because I think my roommate is done studying for the evening. Now she is typing on her computer and laughing. She must be IMing someone. It is probably her ex-boyfriend who lives in El Paso, or maybe it is her friend Louie that I met the other day. I wonder who's online that I can talk to right now. Probably no one. I need to go to bed anyway. I'm glad I gat my Calculus homework done. I got a 94 on it, so I'm pretty happy. That's good considering I didn't get any help on it. I need to find a study group for Calculus. I probably need them for all my classes. My roommate asked me if our suitemates are always going out. I said yes. They do go out a lot. I don't think I've ever seen them study. My friend said she hasn't seen her roommate study at all either. I wonder how they are going to pass their classes. I'm almost done. I only have 30 more seconds. Then I get to go to bed. Good night! ",low,low,low,high,high
"Well, I suppose I should think of a topic to write for 20 minutes. It is a mystery to what kind of issue or topic the professor wishes me to explore. I know he says to just type what I think, but the topic is so broad there are an infinite number of paths and possibilities to explore. What exactly is the professor trying to look for in this writing experiment. It can't be the simple fact to see if a person is capable of typing for 20 minutes. My mind currently draws a blank at what I should write about. Perhaps my first impressions of college as a freshman? Well so far, I think I'm still getting used to the fact that I am living on my own, and I do have a greater sense of independence from my parents. However, there are responsibilities I like and dislike having. Wow, it's only been around 5 minutes since I started. I really doubt I am capable of typing about no specific topic for a whole 20 minutes. Now I am thinking if I am required to type for the whole 20 minutes, or if I can simply hit the finish button when I have finished this stream of thought. Earlier, I started to complete a few experiment requirements. The prescreening requirement was not available, which is kind of depressing since it seemed like an easy 1. 5 hr worth of experimental credit. I hope it becomes available later. Now, my mind continues to draw a blank with nothing to write about. Honestly, I'm watching TV while typing this assignment, hoping to pass the time a little faster. It doesn't seem to be helping much though. It's strange when you try to force yourself to type about anything, nothing comes out. Not just nothing good, but ABSOLUTELY nothing! Well I'm nearing the 15 min mark, and I seem to have less and less to write. I wonder how long other people's assignments will be. Perhaps most will be longer than mine, but maybe not. Some soul must be just as stuck as I am. ",low,low,low,low,high
"Life, was is it. what can we humans get from it. Is it just something we experience and can't explain? but why do I think of this? no one tells me to do it I just to it. do I feel like I have the answers? maybe, maybe we all have the answer to what bothers us. can we decide when the hurting stops and when our happiness begins. I guess I'm trying to evaluate what is bothering me now. kind of strange, or is it? the think that is bothering me now is that someone else is going to read what I am placing down on this sheet. it doesn't seem fare for me to be doing this when no one else tells me what they think. so I'm giving my 2 cents for nothing, and to no one so I will think about something else. school. kind of fun yet very hard to do. what should I major in? I wanted to do something with math but now that kind of seems hard, money wise. I'm guess I'm just going to go for something that is easy for me to get now. then payback loans and go back for a math degree of some type. what to think of now. students in my classes seem strange this year. heck I seem a little strange this year. I've noticed that I have changed about the aspects of what my university has to offer. I can see why most people come to this school for, and guess what, not for the classes. I remember reading one year in a sociology class that the university can act as a marriage broker. I see this statement ""seems"" to be true now. is that why I came to this school, probably. I mean I could of stayed in my home town if I wanted just to go to college. would have been cheaper that way. also family had to do with it as well. older brother went here and got a bs in aerospace engineering. could this also explain my interest in the mathematics? and why do I seem to be self evaluating? should I just go with the flow and not worry about the future, past, or even the present? nah, I like to keep my ideas in sort ""check. "" now I'm remembering what my friend said about the Buddhist religion and one of the guidelines in it. it basically said that if you get rid of desire, you will feel no pain. kind of an interesting statement. because it shows a whole set of values that you could change, and this would make you happy. now thinking of what my evolutionary biology teach once said. purpose of life is to pass your genes onward, sense genes are immortal. these two statements seem to conflict with each other. that funny. now beginning to think about what time it is. 7:18, only 7 more minutes to go for this rant. well, guess I can explain what I plan to do tomorrow. going to cal class and spark up a conversation with a member of the opposite sex. reasoning being is for ""help"" on the homework, just needed though. I should just do it and get it over with. that approach never works for me, but never say never right. it should be very simple to do if I get there on time this time. getting a little hungry now, but I will finish this, only have 5 more minutes anyways. damn just remembered an embracing moment in Deutschkurs (German class) freaking had a voice crack, och. hate speaking in front of others, don't know why. draws people to look at me I guess, and I'm not comfortable with that. has to do with a self esteem problem. am working on fixing that by making myself get use to attention. don't know if that is the right thing to do, maybe might learn something about it in this class. (one reason why I took the class, and sure for some people as well ) noticed the brackets I have been putting all over this. seems like my consciousness is explaining something to me. that a interjoke. oh times up. ",low,high,low,low,high
"This is a really strange writing assignment. it's hard to write to keep up with your thought s. the U. s open is on tv right now, Serena Williams is playing Monica Seles. I'm not really sure who is winning but they look like pretty even competitores. Serena is eighteen and she is really improving while Seles is getting older now and she isn't as good as she use to be. It's really hard to make myself do all of the work for colloege. There is really a lot of reading and I'm having trouble deeping up. My mythology class has a lot of reading and its pretty boring so I end up putting it off. I really just do the work that I know I'm going to get quizzed over soon like in Calculus and Eco. Calculus is eadsy though because last year I learned al ot in Mr. Romano's class and the new teacher is just explaining the same old stuff. Psy is really interesting in class but I haven't read much for it because I took Psy last year in high school and we used the same book. So hopefully that will help me make good grades in it this year. I have so much reading to do for muythologe because we have a quiz on tuesday and it is going to be so hard because the teacher thinks that it is so interesting an that we remember like everything she says or assighns. The horse sale this weekend is going to be really fun. I hope we find another one like eden that will only sell for her broodmare value. I hope Shug agrees to take Cerise and Souther n I've. But if he doesn't then I guess that Cristophe will and he is a good trainer. It is so annoying that Southern Ivy's Jockey didn't listen to us in the race. He should have held her back at the beginning but he had to try to be a hotshot. She should have won. Oh well, she is only two now, I hope she has a lot more races ahead of her. She could be really good once she gets sorted out. I can't beleive that Anita's foal has such bad back legs. It seems to happen  every time when we breed to an outside stallion. I hope Brittany isn't too mad that I blew our meeting off today. But I just really wasn't in the mood to hassle with all the traffic and everything, besides, I didn't even understand the directions to the place. Oh yes!!! its already been twenty minutes. ",low,low,low,high,high
"The day I moved into Jester was a rainy, cloudy, and gloomy Saturday. The whether showed how I actually felt inside. kind of sad, glum, & anxious. It was hard for me to leave Houston at first, but now that I'm settled in and have started classes now I feel somewhat better. I miss what I've left behind, what is familiar to me, my friends, family, pets, and yes, my radio station 97. 9 THE BOX. I love Houston and will go back to live there again one day. I also miss my house, my room, and my bed too. It was kind of like my comfort zone. Whenever I had a problem or felt sad about something, I could hide in my room, my parents would try to comfort me and I would sleep away my problems. Well, I know sleeping doesn't solve your problems but it sure makes them seem not so bad after a nap. Now that I am in college, I will have to keep my head up and make new friends so I can lean on them when I need a shoulder or helping hand. I also feel anxious about meeting new people and talking to my professors. At first, to someone new, I might seem kind of shy, but once they get to know me they can see how I really open up and seem a little crazy too!  But it's sometimes hard for me at first to open up to someone and just be myself. I don't know why, it just depends on how I feel at the time I guess. There's also a little bit of fear inside me that makes me feel doubtful as to whether I will find my ""niche"" or my group of friends that I can hang out with. I have ran into a couple of my friends from highschool that I have been doing things with lately and that makes me feel good. Whether or not I want to join a sorority is something that I will deal with next year. If they seem cliquish and stuck up, I don't think I want to join one. maybe I'll go rushing and see what they're all about and then make my choice. I'm also curious about what I will get out of my college experience. Will I find my future husband here or get a good job right after I graduate?  Will I struggle the whole way and stick it out, or will I give up and drop out?  Just to let you know, I plan on doing my best and graduate in a couple of years. I have already been to each of my classes once and my mind is about to explode with all the information that was given to me. The professors told us what to do and gave us a syllable, now it is up to us to do it on our own time and to manage it wisely. I seem to think that it will be hard to keep track of all my assignments and homework. I hope I can stay organized throughout the year and not fall behind in any of my classes. I feel like I could get lost easily at such a big university with so many students. On the other hand I do have some positive emotions about college and my new experiences. I have a fresh start at a new life (with no parents!) and I can be whatever I want to be and do whatever I want to do. There are so many things on campus and in Austin to get involved with and do. and the good thing is that it is my choice!  I just hope I don't blow it!  ",high,high,high,low,low
"There are mostly worries and fear traveling through my mind at the moment. The college stress has really kicked in now that classes have started and much work is to be done. The work is really bothering me in that the level of it is so high. There are many other factors in my stress including being away from home. In the whole 18 years of my life I have never been away from home without my family for this long amount of time. I guess I just miss all the little things about being at home-the comfort, luxery, friends, family, and not to exlude food!  I have eaten Chinese food most of my life and I can say that the dorm food I do not find to satisfying. And the life of college is so different from my previous school experience. UT is so big and so diverse that it's kind of difficult to adjust to. Some people are friendly whiles others may not be. Failure is also a concern for me. I have always done well in school and my parents have high expectations for me to succeed here in college. I miss all my friends and always think about the past and all the good times. I guess I must start all over here and make new friends and continue all the good times. After all, college is supposes to be the best time of one's life. I also think about what I will end up after college-where I'll work and who I will hang out with and if I will graduate here in Austin. My past two weeks here in Austin have been decent. I have been doing many different things like shooting pool or just hanging out with friends or going clubbin in 6th ST. Also I have been busy I might add. The people I have met are very similar to me personality wise. And most of them are from my home town of Houston. I have noticed that there are many different groups of poeple here. I guess the homework load is as much as I expected before I started coollege but there are so many activites to attend to that I find it hard to complete all the work. That is when stress kicks in again and I end up just trying to rush through it. The class sizes are amazing larger than I expected them to be although I knew that UT is the largest school int he nation population wise. I fear that I will not perform as well in school due to all the distractions that goes on like friends wanting to go out and the many places to go to like 6th ST for example. I guess I will adjust to this environment eventually but when I will I am not sure. Rest has also been an issue in my mind as I have trouble sleeping at night when I have early classes the next morning. I am very tired the next day having to walk so much during each school day. But the next night I will find it hard to sleep again. I hope that ends very soon also. ",low,low,low,low,low
"    I feel as if my life revolves around a world full of unanswerable questions. I cannot seem to find what it is that I want out of life. There are so many options and turns where I can easily decide to follow, but I am so inconsistent of what I truly feel passionate about. I wake up in the morning and step outside of my dormitory daily smelling the fresh air. Everyday it seems as if there is something I have not witnessed before. I need answers to my life. I am a person that does not go through the day easily without understanding why things are the way they are. I am a first year student at the University of Texas and I have been bombarded with hundreds of organizations and choices that will lead me somewhere in the next few years. Not only academically has this burden faced me straight on, but I am confused about a girl I have met as well. As with the hundreds of organizations, there are hundreds of girls I see in and out of my classes. Do I really want a relationship so soon? And further, can I handle a girl that is apart of the Greek system knowing that I will never have a desire in joining one in the future? It is so hard to choose a path when you analyze your choices to death. For instance, if I decide to discontinue dating this wonderful girl just because I will not be able to tolerate her constant consumption of alcohol and nightly partying with other fraternity guys, will this decision have been the most appropriate one? Or is it possible I may be a bit too judgemental of her capabilities of being a loyal girlfriend? In addition to my social life, I have to maintain some arbitrary schedule which will be beneficial for my personal needs. Like many others, I have been set loose from the world I used to know and I am on a path where I control my line of travel. It is realistic yet frightening at the same time. All my life, choices have been easy. And if I was faced with an extenuating circumstance then I always had the parental feedback to support my decision. I am creating a life. It is not just any life; it is mine. I am on my own. I have waited for this moment for a long time. And now, I do not know what to do with it. Is this normal? Have I overlooked something? Is it humanely possible to beg and plead for an entity such as freedom and once it has been acquired to not desire its power as much? I am eager for the future and ecstatic for what is yet to come. I hope I am joining the right organizations that appeal to me. I also hope I will stay academically strong as I was in high school. And further, I hope I will have made the right choice with the girl I met. I have faith that I will be led in the right direction. ",high,low,high,low,low
"It seems like the same thought wanders in the back of my mind and I lack control over when that thought surfaces. I have other current obligations, e. g. find a job, do some reading out of my books, clean my room, do laundry, call my mom, find my friend, arrange for a ride home, I need money. I can list what I need to do but once I get around to it, that thought surfaces and it overrides my focus. I can't focus on doing anything else, except think about that one thing. Well, that one thing is my boyfriend back home, and funny as it may seem, I think he's the one I'm going to marry. This relationship is just too good to ignore, so I wonder about him a lot. We have never had a real fight where we accuse one another of doing something wrong. I've been procrastinating a whole lot more since he has been a part of my life, mainly because that's the way his mind functions and I noticeably have a tendency to imitate my friend's personalities and mannerisms. I still have a better work ethic than he does. But he gets very distracted while doing work that he's not quite so interested in. I suppose also, I'm always waiting on him to send me a message, email, or give me a call. I am a rather independent person. I don't like to hang out with the same people a lot, and I don't like to do group work, study with other people, walk to class with other people, but I rather spend a day locked in a 4 X 4 ft box with him than be away from him for a week. Now that is what I call companionship. I haven't had a best friend like him since I was 7. I don't think I would be thinking about him so much if he didn't' live 4 hours away. Another thing that concerns me is the way I have organized my higher education. I haven't really picked out a major, I'm not even on a reasonable track. I'm take multiple social sciences classes just because that is what I like to read about but I don't ever plan to have a career in social sciences. I like math too, and I want to take more calculus, and maybe computer science classes, even though I don't plan on majoring in any of those. My major is communications, which requires me to take a lot of writing and English classes, and I absolutely hate English. I wanted to go to UT because I wanted to learn more. I like some of school in that I like to be more aware, conscious and be exposed to new ideas that I would have never thought existed. But the way UT works is you're suppose to be on a track based upon the degree requirements. We are learning in order to work. Why can't we learn just to learn. Maybe I will be a social science major. ",high,low,low,low,high
"Today has been a good day so far. I only had one class today, Philosophy, and it was better than the first time I went. I get scared here. There are so many people and I don't know where I stand yet. It is so much different from where I am from. My hometown is extremely small and everyone knows everyone so coming to Austin was a huge change for me. Everyone seems so smart and everyone seems to know exactly what they are doing, the classes they are taking and everything. I have know idea what I plan on majoring in. Right now I am undeclared, Natural Science and I don't know where that will lead me. Maybe I will figure it out one day though. I am sure I have too. It is so hot outside. My mom told me that it hasn't rained in my hometown in 51 days. I can't believe that. That is so outrageous. She also said that there were grass fires all around our house. That is so scary. I don't want anything to happen to them. We live so far out and all the fires have been our way. It is so scary. My dad works all the time. All he does is work. My parents are both coming down this weekend for the first UT football game. I am so excited. I think it will be a blast. I have gone to tons of games and they are always a blast. I don't understand this friend I have. She has always wanted to go to Baylor, ever since she was a little girl. Now, she has this boyfriend who goes to a&m and now she is going to transfer to a&m to be with him. And to top it off, they are getting engaged. She has been with this guy for only three months. I don't understand people sometimes. I mean you think you know someone so well and then one day you think you don't know them at all. There are only a few people from my high school here. I am glad though. I want to meet other people, to broaden my horizon. I didn't know my roommate before I moved here and we get along great. She is so nice and I think we will be pretty good friends. I have this one friend who did come here from my high school and she is negative about everything and everyone and it drives me crazy. She gripes about the sorority stuff and about people going out at night, about people laying out during the day, and just stuff that shouldn't even matter at all. I mean who cares about these people. Let them do what they want and don't criticize them. It is so stupid the way she acts sometimes. She thinks that I am the only one she can hang out with here and I feel bad because I want to go meet more people and do what I want without being criticized for it. I wonder what my brother is doing these days. He lives in San Marcos and I haven't even talked to him since I have been here. Maybe I will call him today. He is 3 years older than I am. We get along really well, but he has a girlfriend that he is always with so that is another reason why I haven't seen him in a while. I am in this sorority. I don't know if it is me though. I mean I don't know if I want to tie myself down to all of that stuff. It is kind of hard to tell right now though. I will have to give it time I think. If I don't like it I will just drop out. I am so tired these days it seems like I have something to do all the time. Like I never get a chance to just stop what I am doing to rest. I love Austin though and I am really happy here. My boyfriend and I are doing pretty good too. I am glad about that. He lives in Denton and goes to UNT. It is really sad though that we can't be together now and we are so far apart. I don't know really what to do. I cry a lot about it because I love this guy so much and I want everything to work out, but I just don't know how we are going to be able to handle not seeing each other for weeks and weeks at a time. It is horrible. But, I think we can do it. We have been together for 2 years and about 2 months now so I think it is possible. I don't want anyone else either. I mean he is everything I ever wanted so I don't think I should even look for anyone else. He is the best. Plus, guys scare me like all the STDs these days I wouldn't know who was lying to me or who was telling the truth and so I think I will just stay with the guy I have now. Oh, I miss him so much. I have two Chinese pug dogs and I miss them too. College is such a big change. Especially for me, coming to Austin from such a small town. But, I can handle it. ",low,high,low,low,low
"     I'm sitting in the library not much is going on in the building or in my head. I was hoping to have more to type, to be more prepared, but this is the best I can do with how ready I am now. It's very quiet, just the hum of my computer and that of one other guy's, people coughing, talking below a whisper, throwing things noisily into trash cans . . . or perhaps it's only apparently noisily, as this is a library, I've been here a while and thus am habituated to the relative soundlessness. Habituation is interesting, it's as though any noise could be going on for a day or so and after the first couple hours you'd hardly pay attention anymore. You'd only recognize it again once someone pointed it out, then it'd fade. So much is like that, for instance, it is only through feeling sad that we can fully appreciate our times of happiness. Only through experience of evil that we can differentiate good from it. That which makes things most apparent is contrast. I could draw you a picture of a polar bear in a blizzard or a black dog in the middle of a dark forest and you'd probably see a white sheet of paper or a black sheet of paper, respectively, but if I drew you a picture of a grizzly bear in a rainstorm or a green dog in broad daylight then I'd have to actually have some artistic talent, which I don't, but once again, it's only through viewing my doodling and bad sketches that you can recognize the masterpieces of van gogh, rembrandt, escher. Escher's an interesting one, his pictures representing in 2 dimensions that which is impossible in three, or simply tesselating objects that wouldn't normally be juxtaposed . . . it's like listening to bach, the crab cannon, sorry to use the stuff straight from GEB, EGB, but it's a great book and the several recognitions today of godel's theorem in action around me have brought it to mind. Even if you're prepared for everything, even if nothing can catch you off guard, something will. With any logical system that is sufficiently complex, all theorems within that system are not derivable using the logic of that system. The anomalous terms, numbers, theorems, whateveryoulike, are put into a new group, and labeled, still underivable, but at least named. But what is to name something?  Very far from actually understanding it. So we separate those out, create a class for them, etc, and say we've rendered godel's proof useless, but he answers, pulling yet more whateveryoulikes out of your system, causing it to constantly divide, in infinite schisms rendering scientific method, mathematics, logic, thought, computers, money, the world senseless, but hell sartre, camus, kafka all did that in their own ways. Murphy and Godel, two sides of the same coin, one the observationalist who saw that the other's mathematical explanation of Murphy's law was true. I hope that makes sense to someone besides me. How can anyone ever trust words?  They give us so little to go on. Try describing an experience you had to someone else. They'll hear your words, take them to mean something, then perhaps if your experience was interesting they'll attempt to pass it on to someone else, but all they have to go on is your original words, remembered imperfectly, thus if they're asked to elaborate they cannot. Divorced from your own head, your own experiences this same thing could happen to you as an individual as opposed to spanning people. The impossible to deny separation of the observer and the observed defies the unity each of us feels exists in the world. I am the universe and I act in the universe. I can view only so much of it and wow this has gone to quite an odd part of my head. Let's try some meditation. You hide, they seek. Sound should precede action, light should precede all, but that is not always the case. Instantaneous data transfer thru entanglement disrupts causality. This is as true now as it will be now. Hahaha. oops. I don't know what it means. My ass hurts. I should shift or something. That's better. I think I forgot what I was supposed to be thinking about. Don't take points off, please, haha. I still don't know what it means. Any of it. I've done this type of thing before but the time I remember best the words that came out were absolute nonsense. The goal was to choose your next word based on how it sounded being connected to the previous words. Phrases like 'other ear' came up, each word having a similar 'er' sound in it, and other odd things like that, and that one I was handwriting and somehow, I still can't explain it, I just got stuck repeatedly, perhaps recursively, writing the letter ddddddd ",low,low,high,high,high
"     I really don't know what to write about. It is funny when you try to think about what you are thinking about and you can't seem to find anything in your head. My friend is talking to his girlfriend. Typing is a lot harder than I remember. September 11th is coming up and I hear patriotic music in the background. My drive back to Austin today was very hard. It rained the whole way down here so instead of the usual three hour drive it turned into nearly four hours. My band practiced very well this weekend. We put in about four hours of practice. Our show this weekend was cancelled so instead we decided to practice. We did a little recording in my guitar player's garage. I stayed up very late yesterday just talking to some friends online. I had a huge burrito from Chipolte. I had never been there before so it was a surprise to see a burrito that big; however, I didn't really enjoy it because they put onions and peppers in it. I suppose it was my fault, because I told them what to put in it. I said I wanted fajita chicken and then started putting peppers and onions in the burrito. I thought the fajita part was the way the cooked the chicken. It turns out it was just the stuff they put in with the chicken. I didn't eat much of it, but I will still give the place a second chance. Now I know not to order that kind of burrito. My parents took my girlfriend and her friend out to dinner on friday night. We went to chili's off of F. M. 3040. After that we went to my girlfriend's house and just played the piano. We played for about two hours. I figured out how to play two new songs. One was a spanish song and the other was carol of the bells. We had no music, we were just going by ear. My girlfriend's friend was getting very annoyed because she did not want to play the piano. Instead she played cards with my girlfriend's family. Studying for college has not been going the way I would like it. I told myself I would stay caught up with all of my classes, but I seem to have fallen behind already with all of them. I just need to concentrate and read like a mad man. Dave Matthews keeps running through my ears and I can't get the lyrics from entering.   How can I turn away. Brother sister go dancing.   I went to two of his concerts this year. They were a blast. There were so many fans yelling and screaming. The atmosphere was so pleasant. He played a few of my favorite songs and I nearly cried. The University of Oklahoma football game was very interesting. They almost lost. I was so excited with two minutes left in the game and Oklahoma trailing Alabama by three points. Unfortunately OU won. They also, unfortunately lost their quarterback with a torn ACL. Texas got off to a bad start although they managed to keep the Eagles from scoring. It looked like the UT offense was about to fall apart in the second half. Next week should be a thriller in North Carolina. ABC will be on nonstop in my dorm room. My mom is calling. She wanted to make sure I got home safely. I am glad to be here with most of friends although I do have friends that are not with me. My girlfriend for one is back in dallas and every chance I get I go back and see her. I wish she was here with me and then it wouldnt be so hard and I wouldn't waste as much gas. Twenty minutes has ended.  ",low,high,low,low,high
"feeling free right now. door underneath punded. resonated and left me shaking. there is music next to me and it has a beat. the bass bothers me sometimes. like when I was riding in the car with my brother when we went to the zoo that one time. he used to always pick on me but now he is not here. its not the first time that I hav enot seen him for awhile. but I see casey everyday. I like being here at ut. this apartment is great. just leaning against the bunkbed while typing feels great. I feel at home most of the time, except for tommy when he makes his comments. I keep expecting to have to go home and climb in my own bed but every time that I walk back to my dorm from here I realize that I am going to my new home , the dorm. My roommate is nice, she studies all the time. I feel that I don't study enough when I am with her. She is going to major in math just like I am. but I don't know what I want to do or if I really want math. this song is great. it makes me happy and hyper. but I am still upset that I don't know what I want to do. Everyone here does. they all have their special thing and I am just feeling the way along. that is more comfortable. the keyboard is on my lap and now my hands or wrists rather don't hurt as much. I like psychology. I am excited about the experiments. from what dougs mom was talking about them earlier they sound like a lot of fun. But I don't know if I will be able to just go up and talk to people like that. I am glad that I will have casey in my class this year. He is so smart and wonderful and I love him. I am really glad that we are engaged. he is the best thing that has happened to me since I moved to texas. Louisiana was not good at all but I have to stick up for it when doug and casey pick on me and tell me that I say things weirdly. This is a beautiful song. I really like it. But one bad thing about it is that I remember being with ryan when I listen to it. Riding around in caseys car when we were first going out. We listened to her then too and I made him sing to aida. He has a beautiful voicce and I love to listen to him sing. I love the way her voice sounds and the different inflections in all the right places. My foot itches and now that I scratched it, everything else is itching too. Sometimes they talk too much about computers and that junk. But that is their thing and it makes them happy. I just have to find what makes me happy. Skiing. I want to go skiing,  It is so hot here. skiing would be great and romantic. last year was the first time that I ever skiied and it was great. I did a lot of things with church that I had never done before but I think that all of these things were because I got together with casey. like this barbie girl song. I hated it but then he would always play aqua and I got to liking all of the songs and liking him more and loving him and falling for him and casey is wonderful. aqua/  like an ocean or island. so peaceful and wonderful. I like heroes the game with amanda, It reminds me of lord of the rings. My hair tickles my face. my ear itches. doug has a cute voice. he is trying to sing. idont hate casey's cat. it is really cute. I just wanted to get him something better and I wish I could have found a cuter one so I have to put it down because I don't know why. it does not really matter. I overreact too much and am selfish and whine. this is kind of fun actually. I want to take a photography class next semester. My mom says that I am good at it. I jsut want to find something that I am good at. Make everyone proud. But I put too much pressure on myself. I think that is why I am nervous this week because I want to adjust and I don't know if I am going to do well in my classes and I hope I do but am scared. My wrist hurts like when I am playing minesweeper. an addicting game. somethign I am good at, unlike half life which I am getting better at. My ear itches. I need to go to the store and get some cables, I hope to find them and understand how it works. physics scares me and I am not good at it. why am I majoring in math and how did sarah make up her mind in one weekend about college. I think those are the same reasons. Time's up. ",low,low,high,high,high
"Ok, I am starting writing for 20 min. My thought, are what I am writing about. Right now I am still thinking about visiting my friends at Baylor this weekend, not sure If I want to do that. I have stuff to do, got to get a new id, and eat, and some other stuff, mainly thinking about what I have to do. Most of my friends are going home for the weekend is why I am thinking about visiting Baylor. I have to be back at 5 Sunday to try out for ransom notes, so that is a factor, Also Stephanie wanted me to visit EV free Sunday morning with her, so if I do that I will want to leave Saturday afternoon, so I am not sure, I still need to read chapters in psy, chapters 3,4 in CS, chapter 2 in psy, I need to do that today, maybe after I go run, I think I will go to Baylor tonight and come back tomorrow afternoon. And get stuff done, I need to work on that song, that reminds me I need to go get those Birkenstocks as well, anyway I want to see Blake and Lauren and the game but I don't know if I will have much time, maybe I can leave in the morning tomorrow, and skip the game, come home and do some stuff, that will give me time to go and get the shorts and sandals I have been meaning to get, then I can still go out on sat night, maybe with Jacqueline or Susan, most everyone went back to see Dave, I wish I was seeing Dave, but they sold out the first weekend they were on sale and I was not in town to get them. Oh well, I can get more stuff done now,. need to sunin my hair and go running,. remember to get exenphrime, exandrine or whatever ant GNC on Tuesday, I may go run then work out a while today I want to figure out what I am doing tonight first though. Blake said something about a dance tonight, but he is dateless. So I am not sure, hmmm, what to do what to do, I need to work out defiantly this weekend. Hmmm, I wish I could see everyone, but all my friends go to diff colleges, Ashley keeps asking me to come visit her, which I should do but I am lazy, hah, I have no time for anything anymore, I squeeze in homework and studying, I need to do something about that, I would like to see Ashley though, I kind of miss her, it is a lot harder than I thought it would be to meet girls here, they are either intimidating or not worth the trouble, I guess I have just had bad luck but every single good looking girl I have started conversations with has a boyfriend, but none of them have really been good looking enough to make it worth my time to try and become better friends with them if they are in a relationship, Anne was pretty cool, but now things are weird between us, I need to get will and ryan to take me to some fiji parties, those will probably be better. I guess I will skip workout today and just go up at about 2:30 hmm, writing this didn't seem like the chore I thought would be. I just have weekend plans on my mind so I can't think of much else. Psy is fun, I need to be a little less tired Monday so I can enjoy it, I will work on that. Over and out. ",high,low,low,low,high
Right now I just feel tired and when I usually don't look at the key board I notice that I am right now because the timer is messing me up. I see things going across my eyes and hear a girl walking. I just saw her. I can hear computers on and I'm still tired. she laughed and it makes me sad I've been sad for quit sometime now and I don't know why. head tilted to the side and staring and the screen. when I was looking at the key board the girl took my mind off of it and back to the screen. I hear my typing and the girl next to me typing. left foot over right foot and back is relaxing. it's weird to know I took the 20 out of my calculus time to do this instead. I can't type for twenty minutes because when I do I get more tired than I already am. I'm relaxed now and more slouched in the chair than before. my back is hurting me and my fingers are still going constantly pressing the backspace as though I will be graded for typing skills . it's habit the more I stop to not do that it keeps going. right leg is over left now and I'm still typing who would have thought 6 minutes was long? I'm really thinking of nothing right now but then I start to think of the thing I will be heading out to in a few. my eyes are heavy and I can hear the printer shuffling is going around and my hands are getting kinda tired now. I hear someone in the back typing at the same speed and it makes me think they are doing the sam e thing I am doing. I had a long day and I'm tired but most of all I feel stupid. it's only the beginning of the semester and I just turned in my first calculus assignment and I didn't do it right I probably only did about 1/4 of it right. my eyes are getting really tired and head is now tilted to the right. my arms are sticking to the table and it really bothers me that I'm still pressing the back space and yet I keep doing it. I say my friend earlier and head is tilted to the left side now. right leg over left now. I want to go home and I can't head is itching now on the right side. timer isn't really bothering me now that I think about it. I guess it was the first thing I saw left leg over right eyes getting sleepily as though I'm putting myself to sleep and someone walked in but too lazy to look up cause I'm like in a trans right now. I've been typing forever and I'm still going . and going and going my back still hurts and now head is tilted to right I feel like breathing the way my aunt showed me and while back that can  put my to sleep and I have to sneeze it's break time oh wait. it went back and leg is itching and the breaths are getting bigger and eyes are tired. it feels kinda nice right now and it feels as though it's cold outside and why and I so slouched back right now and I keep on messing up what I'm doing and that's bothering me and I'm still in the same spot and it's now been13 minutes and I'm ready to turn this thing off but I can' because I'm afraid of what will happen. will my grade be determined by the time and my legs have moved once again and arms are still in one spot. I wish it was christmas and I keep thinking in my head what the hell was that guy thinking and there's and itch on the shoulder and I should get it but I don't want to. ok it's bothering me. hand are rough and I'm still typing and I'm wondering what's going to go on after this and that girl that just walked in is loud and I believe blonde and I'm wondering if the girl . itch next ot me is wondering why I won't stop typing. ok time to sit up. I took a 5 sec break and now I'm back sitting up right and I've had about 3 itches already. so what was that guy thinking when he typed the directions of at universal remote? was that even it and damn it I'm still here typing away and I'm getting tired and head is now tilted the other way . I wonder why I do that a lot and my legs just moved and I'm just about done here and now my right eye itches and my right ear does too. ok that's done and now my stomach is itching and I'm thinking how bad my hands are hurting me and damn I've been typing forever and I'm still typing I can't believe I lasted this long and I'm still typing this just goes to show that I'm a dork that loves the computers. ok right arm is about to die and so my time is almost up and it's just done now bye! ,low,high,high,low,low
"I am watching the news and there is this story about these fisherman that are lost at sea. They think they are out there because they found coolers with their shoes attached to them. I hope that they find them. They are actually talking with the coast guard and he says they might end the search tomorrow? How can that be? How would you just stop the search for someone in one day? There are so many times that I wonder how people can be so insensitive. I myself am one of the most sensitive people you'll ever meet. I cry at sad stories, I cry when I'm extremely happy, I am compassionate about my work with children and basically I take every thing to heart. I want to work with children more than anything in the world. More than money more than riches more than just about everything. I tutor these two little boys 4 days a week and this will be my second year. I love to help other people not just children. I find my happiness in seeing someone else smile. My boyfriend goes to Texas A&M and I see him like every three weeks. It was his birthday and his family really doesn't celebrate it so I bought him all this stuff for his bday. He was kind of mad cause I spent about $100 and he knows that I don't really have a lot of money because college is really expensive! I don't care though I always put the people that I love before myself. I am letting my really good friend Bryan borrow $500 for his last tuition payment. It is in my savings but I can wait for that until later because I save my money like crazy. I used to work at the Pflugerville Rec Center and tutor, so I have a lot of savings. I am such a nurturer it would make you sick. I like to take care of people. My roommate is a little wild but I watch out for her. I don't drink and she does so I always tell her to call me if she needs a ride. I brought my grandma down to see my dorm, she lives in Austin. She remarried this guy named Joe who is a million times nicer than my real grandpa. They were so happy to see me and see where I live. I love my family and I can't wait to have one of my own. If you were to ask me what my ultimate goal in life would be, it's having a family. No divorces, no hatred, no real trouble for my family. I'm already saving money for my kids college so they don't have to pay for it like me. I'm not paying for everything but a lot. My parents send me on this guilt trip that money is tight and all this crap when my dad makes over $100,000 a year. I applied for financial aid and scholarships but didn't get any. I did get $7,000 loan that helps so much! I am so happy when I think about my future. My boyfriend will be my husband because he is my soul mate. We have been best friends since 6th grade and just started dating a year ago. He is really smart and is majoring in mechanical engineering, but he is really shy and had a hard time adjusting to college. He doesn't drink and everyone around him does. I am not shy or anything like that and I try to help him to not be also. I went to visit him and he has completely changed and is not shy anymore. I am so proud of him. He would call me and be sad and I would cry all night long. I didn't get into A&M but did into UT. Go figure my credentials were great. I love my life God has sent me down the right path. My blood has officially turned orange and I hope that it stays that way. Thanks for listening to my thoughts. I should do this more often I feel less tension and happy. ",high,low,high,low,high
"I just woke up and I'm a little confused as I try to figure out what subject I should be studying and which assignments I should be working on. This is all new to me. High school was nothing like this, never had to study. Now I really know what stress is supposed to feel like. Not that the classes are tough yet. I guess I'm used to being lazy. The food here is getting old and I'm scared of gaining that ""freshman 15. "" Tonight family is coming in, can't wait, a nice paid for meal. Lately I've been feeling sad. I parted from my 2 best friends a month ago to be here and now I can see how much I really depended on them. My life is so different. I have to try and fit into the friendships that were already made here this summer during provisionals. It's not fun. They're all in the sorority and I'm sick of going out every night. I talked to my best friends Amy and Christa everyday either on the phone or Internet. I don't know what I'd do without AIM. I miss them so much. I'm going home this weekend I need to see some familiar faces. I'm not one to be homesick I just feel I have no sort of comfort zone here even though I should. I mean my brother lives here but has his own life with his job and girlfriend. So I barely get to see him ever. I've been really sad the past 2 weeks. It's just been really hard. My boyfriend of 8 months is in the Marines and lives in 29 Palms, California. He doesn't get much time off with his new duties that he was promoted to so he had 96 hours off during Labor Day weekend and drove 1600miles to see me. I can't even believe it still, that 21hour drive had to be horrible. That's what keeps me going everyday. How much I can see by the way he's shown me, how much he cares and loves me that he would come all the way here. He finally bought a cell phone so we could talk easier instead of him waiting in the 2hour phone lines they have at the payphones everyday. He's also getting a job for his days off at a western wear store. He wants more money, he's so responsible, as if being in the marines isn't hard enough work already. Its really expensive with all the gas to drive here all they time and the flights are just crazy. I'm going to try and fly there for his birthday. I know my parents would absolutely kill me. I love him so much and we're of different religions so almost for a year now I've had to deal with my parents. I can't stand it, its drives me crazy inside sometimes how disapproving they are of someone they won't even get to know. It's not fair to me. They should be happy as long as he makes me happy. I would never not be with someone because of a religion that they were born into. Not to mention, the fact that we're both not deeply committed to our religions or were brought up that way. I can feel the tension and hurt coming up in the future. When he gets out we will be very close. He'll go to Southwest and we'll be together everyday, hopefully for the rest of our lives. I don't know, its just one more thing added on to my stress factors. Sometimes it's just easier to cry it all out but when I let that happen sometimes it lasts for almost 24 hours straight and I make myself sick. I've been sick all week and I hate it. I should be studying and I can't focus or keep myself to concentrate. I have to learn. I have to stick with it. I've decided I'm not going to go out at night unless it's a big function that I care about. It's not worth it. The party scene is old. I've been coming up to Austin the past 4 years for the big parties, pat O's, Atlantic city, and they just don't do anything for me anymore. I guess that would probably be because I don't drink and I don't' care to ""hook up"" with anyone so basically since those are the 2 main reasons that those fraternities have parties, they really just don't interest me. I'm personally fine with going to dinner with a couple of my girlfriends and renting a sappy movie and eating a lot of junk food. But that's just me. Something I do love here though is that I don't shower to go to class, don't get dressed up nor have I touched my make up bag since I left home. How fun is that? I love it. I just really don't care. Basically my plan is to try and focus on my studies, I won't have any boys here to distract me cause the only one I love isn't here. I'll do well in school and in the end we'll be able to be together. He has about 1 year and 10months left, but I figure I can make it. I mean he's already been in there for 2yrs and 2months and I've stood by his side the entire time, even before he joined. He means the world to me. I just can't even imagine my life without him and that's why I plan on staying with him. I know people think I'm dumb, that I'm wasting my college years staying committed to a long distance relationship, but I don't know why it would be dumb. As long as I'm happy why should I care right? I don't know, this whole college thing is really going to take some getting used to. I mean, me, doing my own laundry? That's just funny. ",high,high,low,low,low
"     yeah so i really don't want to be doing this but oh well. i really actually enjoy the psych class though sometimes i wonder how exactly anyone can figure out what a person is thinking. who came up with those experiments in the first place. im so relaxed right now cause i just got back from having a one hour massage. it was kind of weird at first cause i had never had one before but after like 10 min i was asleep. i so needed a massage, and i always seem to be tired even though i feel i get plenty of sleep. i don't think im typing as fast as i should be because there is this little voice saying you mispelled a word, go back and correct it. i guess that means i don't know if im actually completing the exercise correctly. but he never did list whether things had to be grammarically correct. i feel that im like this never ending jutebox that won't stop talking. right now im typing like those really annoying people that you never want to listen to that you are just like SHUT UP. haha. yeah so i have alot of stuff on my mind lately. i would like to actually call this my vent session because i have all this stuff in my mind thats just really been bugging me and i can't tell anyone because my best friend is so far up my roommates butt, because they are boyfriend and girlfriend, that i can say how i REALLY feel. my roommate can be such a jerk sometimes. and he does the stupidest things that just totally piss me off. like this one time i got back home from houston and he was like its your turn to buy the groceries. but i was the one that bought eighty-eight dollars in food when he only bought thirty. he was like well I've finally caught up with you now and I've spent one hundred and eighty. and im thinking, well jeez im sorry to put you out but i barely ever eat. i swear he eats like there is no tomorrow and i think that I've narrowed it down to how many times he eats a day. like 5!  it just really pisses me off. and he tells ME how i do nothing. im not the one who has tuesday and thursday off. not only that he sleep all freakin day. hes SO LAZY. i just want to say to him, hey im not the one that spends 50 freakin dollars on the lunch meat you pick out and watch them cut. come on and give me a freakin break. on top of the whole grocery issue, my parents have ME on a strict budget and so i can't spend all that much money. he goes out and buys a three hundred dollar tv because he feels like it. what can you say to that. his dad is working his butt off to pay for all the crap my roommate uses. dang the phone is ringing now and i can't concentrate anymore on what i was saying. anyways. yeah so i just want to be like, why don't you get off your lazy, pardon my language ass, and get a freakin job and stop mooching off of all your daddy's money. its not like his parents are rich either, he just thinks he is. on top of that he is sooo vain. everything on him and around him is so perfect. sometimes i wonder if hes a girl at heart or if he just LOVES looking at himself in the mirror.   god if only i was brave enough to tell him how i really feel. it wouldn't be so bad except for the fact is that its my freaking apartment too and my best friend, though i love her to death, is living with us. its like nightmare that never ends. you know those feelings when you are a third wheel and you just want to get the hell out? can you imagine it like 24/7. its horrible. it just makes you want to crawl in a hole and die. come on i pay for the freaking apartment the least she could do is STOP mooching off of us and possibly go home?  jeez.  on the topic of being a third wheel. i have this issue with two guys. im seeing this guy in houston that i like alot since my last boyfriend who totally broke my heart. lets say the guy im dating now is bob, and my ex is paul. so bob is like so sweet and hes alot older than me and i miss him a whole lot. at the same time paul who NOW goes to school with me, the reason we broke up is a long story, well we are becoming good friends. i never expected the thing with bob to actually happen over the summer and so now i have this like guy who i don't know exactly what we are but is considered a long distance relationship. bob has been nothing but sweet to me and i love him,  actually wait another thing he doesn't want me to tell him that i love him either. i mean maybe i do and maybe i don't. so yeah, me and paul have become best friends again after our whole breakup and his cheating on me with the girlfriend he had, but then calling me to tell me two weeks before school started back up that he had broken up with her. come on now, i haven't talken to paul in like forever then he calls me to tell me hes broken up with his girl friend. strange yes. but I've told myself that I've gotten over with him after being his girlfriend for two and half years. thats a long time to spend on one person. so yeah he came over yesterday to hang out with me while i was waiting for the time warner roadrunner dudes to come over and me and paul started watching a movie together. he started getting closer and closer to me but i was like woah arent we just friends. so i get up to get a drink, come back to my room and lay down on my bed. paul sits on my back and starts giving me a   friendly back massage   and all the while i was thinking that i really miss him and that i wouldn't mind getting back together with him. at this time bob hadn't called me since sunday night and i was getting really worried. so i started relaxing and having a good ole time with paul. later that night bob calls and hes like hey sweetie, i miss you and im sorry i haven't called you but I've been really busy and i tried sending you and email but it didn't work. yeah so now im caught in this situation that i can't seem to get out of or fig ure out. should i go after my ex that is here in austin. or should i go after bob whose been nothing but sweet to me, but is back home. i don't know what  i should do. and on top of all of this im sorta lonely, and i have alot of school work to take care and if i WANT a social life that not only that i can't seem to find ,and i have to work. i think that im slowly going insaine and this is too much things to think about for a person at my age. woah so yeah im going to stop now cause I've actually typed past the twenty min but i kind of feel better though ",high,high,high,high,low
"Well I am sitting at my desk. It's kinda dark in here so I just turned on the lamp. I have a lot of homework to finish, most of it for the psych class. My homework has not been too bad so far. Just a lot of reading. I am ready to go home and see my cat, I really miss him more than other things that I should probably miss more. My mom would get mad if she heard me say that, but sadly it is true. Well my mind is a blank, I can't really think of anything to say I know we are supposed to just type whatever comes to mind, but my mind goes completely blank whenever I try to write anything, no matter what it is. I guess that is why I never could keep a journal or anything like that. I would start out the first day writing some, then it just tapered off until I stopped writing completely. I have several journals with only the first couple of pages written on. Wow 20 minutes is a long time, its only been 5 since I started. I'm trying to keep writing for the entire duration, but it is weird how when you are supposed to write freely your mind won't cooperate. I guess that is what you are trying to figure out. It is ironic how the mind works, that is why I have always wanted to take a psychology class, so I could better understand its inner workings. I am frustrated that I really cannot think of a single thing however. I miss my best friend, Faith. She is at Oachita (spelling?) in Arkadelphia. It is about 8 hours from here. I am thinking about going and visiting her over spring break, but that is a little hard without a car. I will probably have to fly home first and get my car from there. Surprisingly my parents are not going to sell it (like they originally planned) and are keeping it at home (where it is currently getting no use). I guess it was their last attempt to get me to come home some of the time. I am only going home once before the holidays. That's only for my high school's homecoming. Which I am kind of excited about. I know a few of my good friends that are also coming home for the game, so I will get to see them. That is the only weird thing about college. You realize how much your friends meant to you. It is odd not seeing them during class like you are used to. But, luckily I have met a few great people, and we have become good friends. I knew 8 people coming down here and only three of them I was actually good friends with. The other five were more acquaintances. I already semi-knew my roommate, she went to school in the same district, and we met through our parents. We have since become better friends. I am sure whoever ends up reading this really wants to know all these things, but I figured I might as well write something. Well let's see. I went on a mission trip to Mexico this summer. I only thought of this because there is a picture of me and some of the kids we worked with on my desk. It was truly an awesome experience. I am a changed person because of that two week experience. Well I guess I won't get into any other subject. My time is ticking away, funny how it goes by faster when you type. very ironic. and that is about all, thank you! ",low,high,high,high,high
"I really have no idea what to write about. I am home for the weekend from my first half week of college. It feels like I have just been on vacation and am home now. Some of my friends wanted me to go dancing with them tonight, but I took some allergy medicine and I have no desire to dance. The medicine makes me so tired. My dad is very upset with my cat because while I have been away, she has gone to the bathroom on lots of his important papers. She only does that when she is upset about something. I guess she misses me. We used to have a cocker spaniel named lady, but we had to get her put to sleep a while back. She was a wonderful dog. I am bringing my fish back with me when I go back to Austin tomorrow. That is the only kind of pet we can have in the dorm. I had to sell my horse before I left for college. I had had him for almost three years so it was really hard. I still haven't sold all of my equipment. I can never find enough time to go out to the barn and get it taken care of. Princess Diana died in a car accident this morning. I really didn't think that all of that royal family stuff mattered to me, but I guess after hearing so much about her life in the last couple of years, we all feel like we have some connection with her. Anyway, I think it is really really sad. I especially feel so bad for her children. I was watching 60 Minutes on TV a little while ago and they showed a clip of the two boys on a fishing trip with their father. My brothers and I used to fish a lot with the family too. It is weird to think that my brothers are getting so old. One of them is 22 and the other one is almost 26. That is hard to believe. I just turned 18 on Friday. It was sort of nice to come home for my birthday where people actually care that it is my birthday. I am also glad I came home because that way, I can be sure that I keep in touch with my friends who are still in high school. I want to go to the homecoming football game at my high school. I am already getting excited about my ten year high school reunion. I think it will be so cool to see how much people have changed. I went to Camp Texas at the end of the summer and a girl that was in my group lived near where I used to live in Houston. She told me that a girl I used to know in elementary and middle school was killed by some guy. It was so shocking and really sad. I mean, I didn't know the girl really well and it had been many years since I had seen her, but it still made me think about how things like that really can happen to anyone. My roommate at Towers is really cool. I am glad we get along. I was worried I might get some freak. I can just imagine that if I had to request a change of roommates how acquired that would be to see the old roommate around campus knowing that you had ditched them. Twenty minutes of writing is a lot longer than I thought it would be. I think I still have a few minutes left. I think we have some raccoons living under our house because you can hear them sometimes scurrying around. Sometimes they are really, really loud. We used to have a mouse in our house so we had the exterminator put out one of those little sticky trap things. Well, it caught the mouse, but then my cat tried to get the mouse so she ended up getting the trap stuck to her paw. It was in the middle of the night and I heard her running around the house like a freak. Finally I got up to see what was wrong and I took the trap off of her. The mouse appeared to be dead so I put it in a baggy but when I got up in the morning, I found out it was still alive so I tried putting it outside but it was too stunned to move so I put it in a little cage until it recovered its senses. It finally got better so I let it go. I had to let it go far away from my house though  because my mom was afraid it would come back in. My cat got lost for eleven days once when we lived in Houston. It was so sad. I cried everyday until we finally found her again. I think my twenty minutes is up now. ",high,low,high,low,low
"    Sleep! That's what I need to do. I stayed up all night writing my freshman seminar paper on Bond- Born an electric quartet. I asked my roommate that I was going to get some shut eye for about 10 minutes and to wake me up for my class at ten, but she woke me up 40 minutes later. I wasn't late. Thank GOD! I'm really stressed out, I have so many things to do this weekend. Why is college so easy yet so hard to manage. Management, I believe, is the biggest thing in college. I miss my family so much. I really don't know if I'm doing this right. I'm trying to type so fast that my hands are shaking and I'm pressing the wrong keys. Grrr! My roommate is leaving today to see her family. Good for her. We were both crying, actually I was the only one come to think of it. She said she never cries even if it is the saddest thing ever. How can you not cry. I guess I'm very emotional and sensitive. I was sick last weekend and when my parents came up to see me they were really worried. I hope they are healthy and son't worry so much. I want to see them and my brothers so bad. I'm done with classes and I'm free!! I love the feeling of writing in streams of consciousness. It is probably one of my favorite past times besides playing and composing music. I really want to be super good on my electric violin. After writing my paper about the electric quartet, I realized that I wanted to be like them. I actually miss my quartet. They all went to the University of Chicago and are sophomores there. I'm always the youngest in everything. youngest in my graduating class, among my friens, at my church-- that is youth bible group, and even among the freshmans here at UT. I feel so old yet so young compared to others here. I can't believe that there are 30 maybe even 40 year olds in my calculus class. I was so shocked when several older males came and sat in our lecture. They are older than my professor and TA's. What are they doing here at such a old age, I wonder. Did they flunk, not graduate, drop out and then realize many years later that school is the best place to be! I was walking out of PCL after studying late and this homeless guy walks up and asked for money. I ignored him because I was creeped out. It is my belief that if a homeless is not missing any limbs and is perfectly capable to work then he/she should. However, if they are missing an arm or let's say play the saxophone on the street, I would definetly give them some change. I feel that they are doing their best with the disabilities facing them. Last night, my roommate came in with her best guy friend, who's bi-sexual, and another guy that I later found was gay. I really don't mind gay guys although I find it sad, I DO MIND if they are lesbians!! YUCK! I'm a strong christian girl so it really is hard for me to cope with such things. I am very conservative and tend to not change my views for anyone unless the provide convincing evidence. I really want to keep writing on and on but I have 2 minutes left. I love to write especially poems. I like being creative and connecting with my inner feelings. I guess it is because I play classical music and only listen to classical music. Classical music, I think is the most sensuous, expressive and beautiful form of art every created. I would love to whip out my violin or go to a grand piano and play songs after songs. I better wrap up--oh no--it's almost time for me to go. I'll---phew--the computer is letting me write a little more. Whoever is grading this is really going to enjoy reading everyone's writing. Well, I got to head off to my Biology study group. Toodles! ",high,low,high,high,high
"so far this class seems alright. I means the girls in this class look pretty good. there's this one girl in there, I haven't talked to her yet but I have to because she 's always looking at me. she looks pretty cute, but I can tell she is young. there's this other Hispanic girl  who has real tight curly hair . she looks incredible. shit all the girls in there do well who ever is reading this can probably tell hat I think about sex a lot. its strange because I always find myself daydreaming about having a wife and kids, you know having a real family. going to visit y folk and other friends with my kids. but it like no how hard I try, after I have sex with a lady, I just lose total respect for them, I just look at there flaws and I only look at the negative. with me, the way I think about a girl is totally different after we engage in hot intense intimacy. some times I don't know if it is just irrational thought processes or what. I know its not normal. but what is normal. normal is what society says is ok. but who is the society, whites blacks Hispanic, the melting pot of the us. or the world. there are so many different cultures and societies that essayist that who is to say that their ways are better then anybody else's. how can you say that is right and that is wrong because society deems it that way. if society is forever changing, are our moral standards to be forever changing as well. well it has been so far in our human history.         times up, nice talking with you ",low,high,low,low,low
"I am realy not sure as to whqat to write. I know that htis laptop is really diffucult to write on. My spellint on here really sucks and I know that hese are probably rally fun to read. It must be intereesting to see what everyone write and how their minds work. I muust sound oso incompetent. I hate that. Isaac is playing on Dunstin's conmputer and I wish that I dcould playthe pinball game. I want to see how high of a score I can get. I think, yes people are coming into the room. I hope that they don't bother me too; much. I cna't wait until this weekend because my boyufriend is coming in town. isaac just said dammit. hehehe. bad oby. i thoughtthat the didn't say such words. I love my floor becasue we alway s go to luch and didnner together. AThere is a party on the oroof tonight but I don't think I can go because I hvre so much homework to do. I don't wantt o have to take my quiex tomorrow morining. I want to see who his here. there saying something about peons. waiit, that was not what I meant to wire. I have to tell isaac aobuth that later. I just got I'm'ed by my firend Brad and had to replay. I really whis thtat they would stop talking because it is distracting. Maybe I should theel them this, but I don't want to seem like a mean maen girl. this girl really annoys me and I don't know why. I wondrer waht Lou si doong right now. I really hat e this a;laotop. 0My nose itchers. I want a slurpee. But, I don;'t havre any money. I am aobut to be left alone in this room. Myabe that will help. I still have thirteen minutes to write. Young life. they are talk ing about young life. I went to uounglife in high schol and it sucked byecause it I s so clique-y. I hate thqat , bt that's hitghschool. More and more a preople. My muscles hurt. I need to go to  a maassuse. I sont know what to say. rthat girl wants to lose it all. She doesn'tneed to becasuethen it would dissappear. I hat e that! aaAll these peopel need to go. I can't concentrated. whate are theneating. Ughh . blah blah blah. accept nos ubsititues. i messed tat one up. I watnt o tgo to that partyon the roolf=. yayayayaayayay. ir eally want to say something to them but I can't. fudge. there is a one huhndreed dollare bill on issaac's bilbaord. rex is trying to turn me on. he's successful. hahahaha he's aan allstar. I don't know how accurate this thign is going to be becasue I kep geeting inturrupter. fabric commercial. rex is leavin b ecasue I dtold him to so that I can do this sudccessfullly. austrin powers. I lovedthat movie. oday, darth. Ralph fromt eh simpsons. I cjoo choo choose you. cure dress. dand, poeople won't stop cominginhere. that are about o t do it agaoin! It is s so amnmyoing. soneone is playing xzelda. idon'tknow whow to play that game. I don't waint to go b ack in to my room. but I am going to watch destinaps. os. that's gona suc, waht's gona suck more is that I hav eto do my journalism. four more minutes. I wonder how much I can write in that aomuoont of tiee. I have the worst time on thes laptop and worst time spleeing. di carack upl . fjakdgjad;@Qf freak hoe. dusin. dusty. grave. veatingonthedorr. westbury sucks. I remevber my drama class. tabitha the hoe, justing the player, eric the quite guy, cedric the loudmouth who never cme to class. you yaya. mers. gehbaure hwho was a bixnatch that nfever game me the parts taht I was sutied for. she aslaways palyed faviorited and agave the arts to tabitha. I abtually ogot antiogne. I kicked butt in that palya and even got a n waward. It was so much fin. I mess dramamand uil competeitions. I loved that thill of acting in fromt of so many people adn being afaid onf messing up on my lines. I am done. goin ato the part. time to smaoke. ",high,high,high,low,high
"Wow, I'm pretty tired right now it's been a heck of a weekend. staying up for Diana's funeral was pointless, but nevertheless interesting. I wonder if I'll have that kind of burial when I die. I think my grandfather  should at least had a funeral twice that size. he was the second greatest man to ever walk on this earth besides Jesus Christ himself. I'm listening to the live dcTalk album right now and it rocks. There is no group of celebrities that I admire more than them. Their music has meaning. It isn't just the meaningless stuff about drugs, shooting somebody up, or scoring with someone. It is stuff that is relevant to our world and to our generation, not to mention it is the best musically sounding stuff out there. I wish more people knew about them. I know they would agree with me. the game this weekend surpassed my expectations. At first I thought it was going to be lame 'cause the crowd was soo dead, but as soon as we scored the crowd went wild and the atmosphere from then on was electric. UCLA will be a very tuff game next weekend. My parents are coming up for the game. Surprisingly I don't miss them all that much, although  I do care about them a bunch. Maybe it's just because I'm soo busy with school I really hope that my edp paper is not that hard because I lack the motivation. I really wish my acne would go away. I believe life would be soo much better if it were gone. The confidence and social skills would be so easy and fun. I wouldn't be soo much of a hermit. I hope I can get my hair to grow out to the right length and get it colored they way I want to. I also hope that I can acquire the presence I am seeking as far as my appearance goes. It would really be awesome if we won a national championship this year and Ricky Williams won a Heisman Trophy or even James Brown( by the way I hope he is okay). Richard Walton did a great job backing up and filling in. Gee I hope I make it to class on time and I really hope my future girlfriend is there to ask me out. ",low,high,low,low,high
"Hmm. writing assignment in psychology class. And here I was thinking that this class would be fun and exciting and relaxing, EXCLUDING any sort of writing assignment like the history or english classes. Man I am making so many mistakes as I type, I couldn't possibly be nervous I know that for sure. Oh look, what do you know, only about 1 minute and 30 seconds have gone by; I really don't know if I can keep this up for another 18 minutes or so. I wonder if grammar actually counts, not like I would receive any points on it if I wrote it any slower with a timer right on top of me anyway. Hmm. think I will go back and read this message before I continue any longer. But, I guess that would kind of defy the purpose of writing in a stream of consciousness manner. Stream of consciousness, that term reminds me of my humanities class in 9th and 10th grade. It definitely reminds of James Joyce, the author of Ulysses who attempted to write an ENTIRE BOOK based on the method of stream of consciousness. Man that was quite painful to read, since he didn't use ANY SORT OF PUNCTUATIONS AT ALL. Maybe I'm not supposed to be using any punctuations either. I wonder if I'm destroying the purpose of this experiment. Writing this makes me wonder, can this REALLY be stream of consciousness? There had to have been some premeditation involved one point of another. I'm beginning to feel like my thoughts are premeditated as well. Heck, whatever gets me the credit and grades for this class. Dr. Pennebaker is one hilarious person, good at making fun of people. There is nothing better than public humiliation of individuals who like to stand out among his or her classmates. It is always a good laugh. Well, Friday's almost here, that means another week of my completely wasted college life has gone by. At least I get to go home for this weekend, I'm really sick of consuming the heinously disgusting American food at the Jester buffet or city limits. I'm actually going home for business training. Since I am an independent business owner, I should probably learn some management skills and as well as how to expand all the assets that I have. Speaking of assets, I just recently learned the importance of being able to distinguish between what exactly is an asset and a liability. Robert Kiyosaki is a very, very intelligent man. I guess why he's the multi-millioinaire and I'm not. Oh well, maybe I'll get to his place someday with the help of my friend. Weird, what was I thinking. I could've sworn I was talkin about goin back home for business training earlier. I guess this is what stream of consciousness is all about huh. Man, it seems like it's been forever, but only 10 minutes has gone by. Speaking of time, it reminds me of the different theories that people have developed over their life time. Some people thinks the time goes by faster if they stare at the clock. Personally, I think the clock goes by so much quicker if I'm not constantly staring at it all the time. I wonder how many spelling mistakes I've failed to correct in this writing assignment, oh well. Back to the business training, I hope the ninety dollars were well spent. I really hope that BWW has put together somethin good this year, something that all the BWW/QUIXTAR-Affiliated Independent Business Owner can benefit from. Man that was a pain to type, I probably should've just typed BWW/QUIXTAR IBO's for that matter. Anyways, most of my friends don't seem to believe in the business that I'm participating in, well actually, owning. I don't really get any respect from them at all, and sometimes I really wonder why that is. The only thing I'm waiting to do now is being able to handle my business correctly, expand it large enough so I'll have multi-million dollar returns. And then I think I'm going to come back and laugh at all of the people that has disparaged the activity I was involved in. Even better, the stupid electrical engineers that I call friends can work for me in the future. Just as Robert Kiyosaki says,   an intelligent person hires people who are more intelligent than they are to work for them.  I will be able to prove myself one day. Being able to beat them down is probably the only drive or motivation that exists in my life. Besides Daisy of course, she is the love of my life. Without her, I don't think I would've sanely passed through the toughest times of my life. I'm really hoping to get married to her one day, and make her the happiest woman on the face of this planet by providing her with everything that I possibly can. Looks like I better get rich quick. But, I doubt she's interested in me being rich, I truly believe that she's with me today because it was her choice. She's not the type of person that would regret any decisions she has made in the field of love and relationships, which is something I really respect. She always gives her all, always tries to put on a smile just for me even though she may be having the worst day of her life. I'm so lucky that I've found her, and I'm willing to treasure this relationship for the rest of my life. I cannot really express my love for her in words, nor in sentences, maybe not even an essay of this length. All I can pray for is that someday, she will be able to touch my heart with her hands and fully understands the kind of appreciation that resides within the innermost side of my heart. I thank God everyday for all the things He has bestowed upon me. Of course, besides eternal life, Daisy is the next greatest gift that I have ever received. Oh look, time's up, bye! ",high,low,low,high,high
"Okay, here we go. I am going to type continuously for 20 minutes. I don't know how I can do this considering that I type pretty fast and also I am in the UGL and the keys are making quite a loud clicky noise with each letter that I type. Oh well, no one seems to be listening. I am really tired right now and all I can think about is sleeping soundly in my comfortable bed. drifting into a relaxing deep sleep. IT'S ONLY BEEN ONE MINUTE! I can't do this for that long. I have nothing interesting on my mind. hmmmmm I had a fun time last night. I got in at 6 in the morning. IF only my mother could see me now. that's the latest I've ever gotten in. am I typing loud? I don't want to do this anymore. I am very nervous about people looking over my shoulder right now at this very instant reading at the ridiculous things that I am typing. bored bored bored bored. I miss my friend jennifer a lot. we talked earlier this week and she said she would call me back. but she never did. today in Barnes and noble I was by myself looking at books and saw one that reminded me of jennifer and I really felt like bursting out in tears right there in the middle of that bookstore. somehow I held it back. hell right now I want to cry. I really miss all of my Dallas friends like so much. we've been through everything together and it's like we're drifting apart. I guess it's inevitable, though. I mean I've seen it a thousand times in films: the classic high school seniors move away to college scenario. but I never thought that it really would be this hard. I'm living on my own. I am my own mother now. That's pretty damn scary! I think I'm responsible though. I've always been able to manage my time wisely. Even my mom agrees with that. IT'S ONLY BEEN 3 MINUTES. or 4 maybe. I really like this guy I met. like really. it's just something about him. and it's so disenchanting that he's playing hard to get with me. I'm a very sensitive person with not a lot of dating experience, so games are not my idea of fun. I hope he's not looking over my shoulder right now. I'm really paranoid right now. I don't want him to see that I'm writing about him for this. god, if he saw this he would freak out. he probably thinks I'm stalking him anyway. I'm really not. I think I am inventing things in my head. I do that a lot. I can't believe I'm writing all this out for this assignment. oh well, this is probably not even going to be read by anyone. Well, hopefully not. I mean this is pretty boring stuff, teenager's brains. YIKES! so okay it's given that this will not be read. at least I am assuming that it is. So, with that in mind I really am open to write whatever the hell I want to write. This is for my benefit, in essence. Like a diary entry that you turn in for a grade. Not typical, but hey it happens. oh god! I really like that guy. I hope he shares something like that about me. he said he'll call me tomorrow. maybe. he did say maybe. then he said maybe Tuesday. Hell, I'm sick of waiting around for this guy. I always do this. I cling on so fast to people I'm interested in even after just meeting them. It's like I have a onetrack mind and it's all I can think about. That's pretty scary, huh? Wow I just scrolled up and I've written a lot. A lot of really boring stuff too. He probably won't call tomorrow. Who am I kidding? I can't keep doing this to myself. It's really unhealthy. I just want to cry after realizing this. It's such a horrible thing. I am putting this guy up on a pedestal  is that how you spell it?  and like if he messes up just a little bit, then I think that he hates me and I'm just this horrible person. God I say the stupidest things around him sometimes. I'm so concerned with trying to impress him that I just end up saying stupid things. that he won't even remember, but I am again blowing it out of proportion. Who am I kidding, I need to get my mind off this guy. but grrrrr! everyone now compared to him just doesn't seem to measure up. Like everyone I meet, I hold off on just for that rare chance that I might get to date this guy. I am a weird person. I am still paranoid about people looking over my shoulder. It feels like the whole world is scrutinizing me. Whoa that's scary. I love embellishing in my selfpity. it's so encouraging. NOT REALLY. wow the whole lab is completely silent except for my really loud typing. I feel like each letter I type is a clap of thunder booming and echoing into the distance. time is like momentarily slowed down and every thunder clasp is loudly emphasized. Wow, my 20 minutes are almost up. How did that go so fast? What did I write about? I can't even remember. I really don't want to look back at what I wrote either because I'm sure it's just the same thing over and over again. but I'm sure I will look back at it in just a second. well, if anyone is reading this, I envy your patience. until next time. That is all. ",high,high,high,high,high
today is good I do not have many classes I just have to get up to be in class by 930 and that really sucks I want to be with tiffany but I don't know if I can trust her I think about her all the time and although I am half to blame I don't know if the break up is all because of me I triggered it but I don't know if she wanted to break up or me break up more my Andrew is working out okay he is in class it was good that he only a friend no anything greater I mean like a best friend I can only imagine living with a best friend wanting to chop his head we would just argue about stupid stuff tiffany is so wrong I don't understand anything when it comes to her I know nothing was fair yet I wanted to believe it was what is wrong with me it is funny how things that are so important matter to no one else and although someone can have empathy they still don't understand everything is different I want to know what to do I know that is not possible it bothers me I need to do good in school I want to be someone who be comfortable I guess relying on money is what I have for now I just feel that I would be proud to support a family the way I want them to be supported but will that affect the way they are going to be brought up I want to be a good father I want to do so much but I would do nothing if I could just have some answers if I could be certain for once man I miss the old days but at the same time I do look towards the future I do think about how things will be different how I don't know what the future holds and who knows it could be good or bad I learn either way I feel I am learning a lot and changing that is what I love I want to change to a better person I guess better can only be what I hold as better not society so I guess what I am saying is that I want to be secure of myself I want to be sure I know I can figure something out I know nothing is going to be easy about it and I don't expect immediate results I just want to make something of myself but I want to have answers and I want to have love all these things confuse me and make me feel alone I have to work on them it seems everything else is so trivial so pointless I don't know though I have yet to figure out what I want my future foundations to be I am trying to be picky because it is me I think society has some things wrong of course I mean it is democracy majority wins I don't think the majority is always right although they do count for some things this topic just blows me away I mean why do people do drugs and alcohol people have many different reasons I think if everyone can be responsible and do it to enjoy themselves if it possible I think it is okay I don't know though I don't really know anyone who can but I haven't thought much of the subject I mean I particularly think that alcohol is worse then marijuana I know both are not good for your body I wonder if it therapeutic in any way though how they allow that temporary escape I know you should deal with your problems and not run and it is harmful to be trapped by hiding in substance abuse but sometimes you things take time and maybe substance abuse can be used as therapeutic I don't know maybe I am full of it sometimes I feel I know what I can handle I know there are limits to be set and I feel I can exceed some I feel everyone has there own limits and I feel those people who cannot respect there limits are the reason for the universal set of limits makes me kind of mad but that is okay of course it would happen but I wish the limits I wish I could push sometimes could be understandable although I know they can't I know what they are and if I don't that is how I find out so maybe it isn't so bad to push the limit you find out where you go overboard and you can build from that and help others then again sometimes you are only one chance and sometimes it is only luck keeping you from screwing everything up when test limits I mean everyone test limits I just feel more respect for people who know there limits I would listen to someone more I feel so clueless the universe is too much for me ,low,low,high,high,low
"I am really confused right now because this girl that I think is so incredibly attractive and fun and nice and well you get the picture. Anywho. She says that she likes me it's just that she does not want a serious relationship. I totally understand that because the more that I think about it I don't want that either. I am not really sure what it is that I want. I know that I just want someone to be there for me. It would be nice to have someone who you always know will be there. Maybe I should just explain to her that I am not asking her for marriage. I am just asking for her to be there for me when I need her and I will always be there for her when she needs me. In high school I really was kind of a guy who moved around A LOT!!!!  I could never be satisfied with one person for an extend period of time. I mean hell I just got bored. But with her it is different. The first day we met we stayed up until 8am the next day just talking on my friends couch in his dorm room. Then we fell asleep together on the couch and when we got back up we just started talking again. I have only know her for a week but I feel like I have know her forever. I mean I found out so much about her in such a little time. I sometimes don't know that much about people whom I have know forever. I don't know. I don't know. I just don't know. Women are so darn confusing. Well maybe it is the situation that is actually confusing not her. Or maybe it could be me?!?!?!  Well guys aren't confusing. I mean we say what we mean and girls just read way to much into it. I guess I just want her to feel the same way about me that I feel about her. However, there is a lot going on this fall. I have just started college (and I think that may be the reason that she doesn't want a boyfriend) and I am thinking about joining either the Business Council, the Management Information Systems Association, or the Iron Spikes (they are the baseball teams spirit organization). With all of this maybe I won't have time for her. And I would not want to be so into her then have her start liking me and I stop liking her. I would feel so bad if that happened. I just want a good girl who will treat me like I deserve to be treated and like me for who I am. I guess I should just give it some time. Things happen for reasons and who am I to think I can change someone. Well I guess if I really wanted to I could manipulate her into doing what I want. (I am too good at doing that. It kind of scares me)  But what the hell would that accomplish?  Nothing. Well nothing good can come of it atleast. Someone once said that we are who we are today because of the choices we made yesterday. So I am going to make a choice to just let things run their course. If it is meant to happen then it will. If not no big deal. ***side thought****** I am not the fastest typer and my fingers are starting to get stiff. ***side thought is over*****  I am not really sure what this writing assignment is going to accomplish, but I hope it helped you as much as it helped me. It actally gave me a chance to sit down for 20 minutes and actually reflect on something that has been bothering me for a few days. Wow this psychology stuff is pretty cool. I may just have to minor in this. I am starting to like it. :) :) :) :) :) :) :) ",high,low,low,low,low
"i am now writing my stream of consciousness I don't think one needs punctuation or me for that matter. so hmmm I did this for english last year for literature we have a very big psychology class kind of silly if you ask me my friend is going to school in iowa with only 1300 people his classes have around 13 people awww to go in debt for education my parents moved with the money they saved by me staying in state. oh well it's safe here its home I don't really think about garland too much. online all of the time new phenomenon are incredible what would I have done 5 years ago. watched tv? is the internet as bad as tv? at least its interactive, you know? wow 20 minutes is a lot of writing I love music I'm going to learn so much music at the radio station this year I hope I like it there hmm I wonder how hard my classes will be I found a passion in economics (oxymoron, I know) hmm people are not always too responsible but I guess I'm not either, as the years have rolled on, I little backwards, I know. hablas espanol, ojala que hable espanol bien en enero that worries me you know? I don't want to lose the knowledge I don't know its like I think the same boring things class schedules and stuff over and over again and I don't really want to write about them I can't believe I'm doing this early I guess we all have that crazy initiative at the BEGINNING of the school year, I really do want to do well, though I've tried so hard thus far so why stop now, or maybe I should because I tried so hard before this college thing has worked out oddly like its not really that much of a life change I guess I knew it was coming or something I'm not homesick its like ""ok, well now I'm here and not there anymore"" why don't I miss my family? because I really don't maybe I will later but it has been a week. weird sometimes I don't feel that m, no things don't make me feel anything, I chose to react to them like that (says mom the rogerian counselor) why am I taking psychology again I already took the ib test and I did pretty well only you don't know what that is I bet yeah ib is bad down with ib oh well liberal arts education will help you know I need to get my confidence back up, I'm smart I've had a great education, better than most ok I know I'm just practical so there typing is nice and fast my handwriting is not too marvelous ha ha that sounds like something out of catcher and the rye or something I love holden so true yet so extreme. I need to read more I need to be more well read typing typing typing I didn't do this in word uhh maybe I should ask you if it's ok not to do it in word, don't answer that I want to live dangerously interesting huh you think instructions to a vacuum cleaner is interesting reading? I would hate to see your library, to each his own (for the sake of politeness) I like typing a lot I bet my roommate thinks I'm all crazy at work or probably writing an im. huh I don't know don't want to talk about the boring things that go through my head everyday. college the university de tejas. cliches I'm becoming a cliche I think most college kids are last night some people were acting like they were drunk or ""buzzing"" but you could tell they probably just had a beer and were playing it up that's pretty annoying hey let's order pizza because we're in college, where does this hostility come from to each his own my a** hmmm ok um um um I like to sleep I don't like high school and now I am gone, what will I fill my days with? probably, hopefully, not much. class just wont be that hard all of the excess time has been squeezed out like water form a sponge that is efficient like like efficiency and efficient market dang I like economics where is art history going? good thing I'm a business major what a relief that I like it yeah never mind so where are you from? what's your major? really my friend's doing that water fruit I'm not getting fat its peaceful, typing I wish I was a more accurate typist, I think that about sums me up sloppy BUT fast as a mug ha ha how funny haste makes waste you know! *tsk tsk* yep wow time flies when you typing about yourself, yeah I understand I wouldn't want to read these either. imagine it being your job to read a bunch of pretentious, half ass papers from a class of 540 I'm sorry you have to do that ms. ta. hmmm ta huh I almost went to berkeley I glad I didn't it would have been too hard I'm tired of too hard, see above I'm sure it is there, its always there time to let go ",low,high,low,low,high
"I DON'T REALLY HAVE ANYTHING TO SAY. I JUST NEED TO GET THIS FINISHED SO THAT I CAN GO TO PICK UP MY FRIEND. I TRIED TO DO IT BEFORE BUT IT WOULDN'T LET ME. THIS IS SO BORING. I DON'T REALLY WANT TO SAY ANYTHING THAT SOMEONE ELSE MIGHT READ. THEY SAID THIS WASN'T GOING TO BE GRADED SO IT DOESN'T MATTER WHAT YOU SAY BUT I DON'T THINK THEY WOULD MAKE YOU WRITE IT IF THEY WEREN'T GOING TO LOOK AT IT. THEY PROBABLY JUST SAY THAT TO MAKE YOU FEEL MORE COMFORTABLE. I NEED TO GO HOME SO I CAN GET ALL MY OTHER STUFF DONE. I'M KINDA HUNGRY. I HAVEN'T EATEN SINCE 10 THIS MORNING. I WONDER WHERE MY BOYFRIEND IS. HE WAS SUPPOSED TO CALL ME AN HOUR AGO. HE PROBABLY WENT TO THE VOLLEYBALL GAME. I GUESS I'LL JUST LEAVE HIM A MESSAGE TO CALL ME WHEN HE GETS HOME. I DON'T REALLY WANT TO TALK TO HIM TODAY ANYWAY. I THINK  I MADE HIM MAD YESTERDAY SO HES PROBABLY IN A BAD MOOD. I NEED TO GET SOME MONEY. I DON'T REALLY HAVE TIME TO WORK MUCH. I HAVE TO GET AN OIL CHANGE AND A NEW BATTERY AND I HAVE MY INSURANCE AND PHONE PAYMENTS COMING UP. PLUS MY ONE MONTH ANNIVERSARY IS IN ONE WEEK. I HAVE NO IDEA WHAT TO GET MY BOYFRIEND. HE IS REALLY HARD TO BUY FOR. ITS NOT GOING TO BE ABLE TO BE MUCH THOUGH. I SHOULDVE BEEN SAVING FOR A WHILE NOW, BUT I DIDN'T EVER HAVE ANY LEFT OVER MONEY TO SAVE. I THINK ITS BEEN ABOUT 15 MINUTES NOW. I'M RUNNING OUT OF THINGS TO THINK ABOUT BESIDES HOW I WISH THIS WOULD HURRY UP SO THAT I CAN FORGET ALL THIS BORING STUFF FOR A WHILE. I NEED TO START STUDYING FOR MY TESTS. I HAVE ONE IN ALL OF MY CLASSES FOR THIS WEEK AND NEXT WEEK. I REALLY HAVE TO PEE. THIS SUCKS. I AM SO BORED. MY BROTHER IS HERE NOW AND HE IS SO ANNOYING. HIM AND HIS GIRLFRIEND ARE ALWAYS FIGHTING. WELL TIMES UP. ",high,low,low,high,low
"Hi I'm Ben. I've been looking forward to this assignment since I heard of it. How often do I get a chance to get credit for babbling on a blank sheet of computer. I apologize. I can't spell to save my life and the point of this is to write not to write well. so anyway. I'm listening to emenem right now. I don't want to give the reader the impression that I'm into the popular mtv crap music that is so prevalent now, its just that it has a good beat and I can type fast to it. man I pity whoever has to read this. Let me ask you a question: have you ever considered that there isn't one universal reality but actually a different reality for every person on this planet. I was at a party this weekend and this thought was on my mind (no I wasn't high). I mean think about it. I'd go into this more but I'd have to stop typing and try to organize my thoughts more and that would just slow me down. I really like UT. that was on my mind. ok here comes the random babbling. I like Austin. people here are like no other on the planet. if ever a situation existed for an all out consciousness revolution it would be in Austin. so anyway, have you ever read any james joyce. he sucks. I can't stand him. I brought that up because he has the same weird ass choppy writing style that I'm using right now. I usually don't like to write like this. my papers usually make much more sense and my thoughts are much more clear. I suppose I could try to flub this and actually write instead of babble but I promised my roommates this would only take 20 minutes, they want to start a movie and they are waiting on me. wow that first 9 minutes really flew by. I'm a Japanese major. Now if you were wondering "" wow I wonder what this dorky lower classman's major is? "" you know. I feel bad that you have to read all this mental defecation. ok what am I thinking about now. I guess I'm thinking about the way I think, and I guess that's the point of this assignment. congratulations. I usually think in words. unless I'm inebriated then I think in pictures. I don't like thinking in pictures because things are so hard to communicate. hmm this is starting to get old, not to imply that I have a short attention span but I somehow pictured this differently. I thought about mapping all my thoughts about the previous thoughts on reality in general. now I've decided that is just to strange to submit to some stranger (no offense) in the psych department. Whoever reading this should read the principia discordia and the illuminatus trilogy. While I'm telling you what to do, you should vote for Gore. Aww here's something I can write about: politics. I hate and fear George bush. the fact that his slimy presence has to disgrace the great city of Austin is quite the insult. his Christian pro life beliefs coupled with his yen for the death penalty confuse and aggravate me. I rue the day the Christian right gain presidential power. I also am happy I worked ""rue"" into that last sentence. aww yeah. Well it looks like my writing time is coming to an end. I also played with the idea of getting hellasiously wasted before doing the stream of consciousness assignment. I'm glad I didn't this paper is crazy and disjointed enough already. ok well farewell random psych guy who read this. I will always hold a special place in my heart to you. well not really and that should relieve you. I promise you I'm not crazy. Well no more than anyone else. keep it real brother man. ",high,low,low,low,low
"I am very attached to her and am having trouble dealing with her not being with me 24/7. We have dated for almost a year and a half and I don't want to date other people, yet I need someone that is physically with me that I can become close to. I call her all the time and it seemed that nothing has changed in our relationship after being with each other this weekend, yet at the same time as much as I want to see her as much as possible, I have so much trouble saying goodbye to her and letting her go that I sometimes think that it is not worth even seeing her. I knew long distance relationships would be hard, but I didn't realize how tough it would be mentally as opposed to physically grueling. We both don't want to date, yet we will have to get used to the fact of not being able to see each other but 1 or 2 times a month for the next 4 years. I am confused and I was told in the first place not to get myself in this position of having a long distance relationship, but we started dating the summer before senior year and I didn't know it would last this long at the time. On one hand I wish I never met her so everything would be easier, but on the same token she is the person closest to me and besides being my girlfriend, she is my best friend. I know if it was meant to be, then it will work out, but for now I don't know what to do. ",high,high,low,low,low
"Right now I am thinking about the convocation I have in about 45 minutes. But I'll definitely need to leave in around thirty. that boy Michael was really cute. really cute. he is the first nice looking Mexican that I have seen yet. Ok maybe there were a few others but he lives on my floor and he introduced himself. that's one of the things I don't like about this school. no one introduces themselves to each other. it's like everyone only cares about their own lives and won't be bothered by anyone else's. but you know what. I think everyone else wants to meet people too, at least the majority but they just don't know how to go about doing it so they act like they don't care and disinterested or they act like they are much too busy and much too good for anyone else. it's very sad I think. at the beginning everyone is all excited, expecting other people to be really nice and friendly and then they meet the first bitchy person. Now they realize how things work around here and in an effort not to get thwarted and rejected by another person, they too take on the same attitude and on goes the downward spiral. just because we all fear a little bit of rejection. Sad really. that was my friend matt from economics class. He's not really my friend but I sit next to him in class. he seems nice enough and he is going to let me borrow his econ book since mine has not come in the mail yet. I'm going to be so behind in economics. I tell you. I really like that class though. so anyways. I know how this goes because I thought everyone would be nice and friendly but I was met with blank stares when I smiled at anyone anywhere on campus with the exception of a few. A very few. whatever. I am still going to smile and I am still going to introduce myself and be nice because otherwise I will be miserable and unapproachable like those people. ugh. I just put ""so anyways"" instead of ""so anyway"" I think that sounds as dumb as ""laters"" when one really means ""later"". that is really very jr. high. I miss those days. I wonder how Cindy is doing. ugh. I really don't want to go to the convocation because everyone is just going to be with their own little group and I will be an outcast once again. I'm pretty and nice and outgoing and popular and smart. Damn that sounds really conceited. Maybe I'm a little of that too. I considered erasing a couple of those adjectives but I think that's pretty dumb considering I really do think those things about myself. it's not socially acceptable to think good things about yourself. It's much more appealing to not know any of the good things about oneself. I confess that I too am attracted to ignorance of ones own worth and humility and modesty. But if you know it about yourself I think it is worse to act like you are modest and humble than to just admit it. Within reason that is. so anyway. I am these things but I feel like people don't want to reach out and meet new people and therefore I get shafted. I know they will like me if they get to know me but it's that introducing part that is really limiting. kind of stops the whole getting to know you thing prematurely. I am so proud of myself lately. I am being such a good girl. Although my habit of exercising everyday at 5 has been rudely interrupted with today's events of the five o'clock dinner at Trudy's which was pointless to attempt because I missed it anyway. I should have just gone to work out anyway and not let meetings and such get in the way of my schedule esp. when they are unimportant. I'm really irritated by that. but back to the story. I have been developing such good habits. I make my bed everyday, I wash my face twice a day, I get all my assignments down early or at least I begin them really early. O shit. I just got a little flash of procrastination. That sneaky devil. NO GO AWAY!!!. I'm not going to be a procrastinator this year. I just don't have the time for that. I run every day . Mon-thurs. 2 miles a day. plus I see a few cute boys in the gym that's always nice. kind of a motivating factor. when I get back from the convocation I'm going to go run otherwise my whole system will be screwed up. Damn that dinner. UGH. What else do I do. O yea. I didn't even go out last weekend and I had no desire too. I haven't been drinking. I haven't been too flakey. With the exception of ross but that's quite not my fault most of the time. Anyway we are good terms at the present. I'm being a pretty good daughter. I finished my scholarship applications stuff. what to write about now. I want to write about something cool. No luck. I really want to join the p2 chamber music group but I hope that they allow flutes. Bad flutes in lol. I'm probably really bad by now. I wonder if there is practice rooms around. I need to find one anyway to practice the piano anyway. I thought it would be a lot easier to get guys here. I thought they'd be all confident and just come up to you. And then I would act all shy and innocent. It's just how I act. Natural reflex to wanted attention. Sometimes I think I'm so stupid. And then they would flatter me and ask me out. And I would act like I wasn't really sure. I little bit suspicious of their motives. (and rightly so I imagine) and then I would say ok and give them my number and things would be lovely. well I have to go to the convocation that will steal hours of my life away. see yaw. This has been a pleasant venting experience I tell you. ",high,low,low,high,high
"this is raechal collins. my feelings are good right now. I think I am going home this weekend for the first time since I've been up here. I don't know if it is for sure yet, but I'm excited to see everyone that I haven't seen in a while. my roommate is in a bad mood because she found out her ex boyfriend is dating a junior in high school which is just gross. also, one of my best friends from high school isn't very happy. I don't know why but she just doesn't seem happy. my absolute best friend in the world is coming down this weekend though so I might be staying in Austin for that. I just want to go home to see my boyfriend, or whatever it could be considered. I'm waiting for him to write me back right now. even though I can't really write him back because I'm writing on this thing for twenty minutes. I'm excited about this class. I think it's going to be a lot of fun. it's by far my most interesting one, next to swimming. I'm excited for that one cause it will be a good form of exercise and I need a way to get some exercise up here. since all I seem to be doing is eating. I wonder how everything is back home. it's really hard to do the long distance thing, but its weird how they say time apart can make the heart grow fonder, when all it has done to me is make me grow more detached. in a way, I guess it is good, but at the same time, it's kind of sad, because if I was home right now, everything would be the same, and we would be together. except now I'm here and I need to branch out and meet new people. I'm also doing this sorority business and I really don't know if it's meant for me. I like it, but I mean it seems like its just girls who join a group to get ""sisters for life"" and I don't know if it is something I want to spend all my time and parent's money doing. I never realized how much things coasted until I came here. it is absolutely insane. now I have to actually keep track of my money and its so hard. I had no idea how much I spent a month. I hate my anthropology class. it's hard and I don't understand what's going on in there. also my teacher is blind which is really cool and respectable but its almost distracting because I find myself staring at his guide dog or wondering what he's feeling since he is standing in front of a class of 100 plus and he can't see them. for all he knows we could be throwing stuff leaving class eating drinking and being absent. my friend is being shady and trying to rub in getting her third choice sorority when my other friend got first. it is weird. we have to figure out where I am living next year. it is kind of stressful because every body knows where they are living and I don't have a clue cause I haven't thought about it once. tomorrow night I am going to the ato pledge line. it should be fun a lot of my guy friends went ato so I like hanging out with them. I like my roommate jen. she is a badass and we all have fun. I also like Kelley, my other roommate. actually they are both my suite mates my roommate is Kim from high school. it made it easier moving in and stuff with a roommate I already knew. I would have hated moving in a finding that my roommate was someone who didn't speak English or like hated life or something like that. this twenty minutes is lasting longer than I thought. I didn't expect to write this much. Romeo and Juliet is playing in my room right now, and I love this movie. I haven't seen it in forever either. I remember when it first game out I was obsessed with Leonardo deception. now in real life, he is not at hot as he used to be. he just killed himself in the movie. the ending of the movie/play is very depressing, and my arms and wrists are starting to hurt with all this typing. I need to pick out an outfit to wear to the ato thing tomorrow night. I guess I'm supposed to wear a cocktail dress. I don't want to get all dressed up. I've done enough dressing up for the past week during rush. welp, the twenty minutes is over, it was nice talking to you computer. ",high,low,low,low,low
"     This is my first writing assignment of college. It doesn't seem like it could be so bad. In fact, college itself isn't so bad yet. Its not like i have any homework that is assigned. All my friends have homework constatnly that is due for them to turn in. Glad i am not in that situation. I guess that I am behind in schoolwork though. I need to read so many chapters in so many books. But who wants to read when I could be going out. The freedom here is wonderful. I don't think I have stayed out this late so many days in a row ever. It's amazing to me how much fun something as stupid sounding as an   80's theme   fraternity party could be. Fraternity parties are the best thing here i think. Free alcohol, no way to get caught under 21 (unless you are stupid), and guys everywhere. Of course, I have already skipped class because of hangovers. Or can you really call them hangovers if you are still intoxicated. I am not sure about that one. I have already met so many guys. I wish that i wasn't the way I am about guys. I wish I could just meet them and enjoy our time and then thats it. No, there is always one that i seem to get attatched to. I don't want to like anyone though. I am having to fight my usual ways to keep from liking just this one guy. I promised myself i wouldn't fall for someone for at least a year. I am sick and tired of being controlled by men. Boyfriends are always controlling and now that I don't want a boyfriend I am still being controlled by having to fight feelings of attatchment. Don't they say that you seek people similar to your father subconsciously?  That would make sense i suppose. He is controlling too. Not in a bad way- or in an abusive way. I suppose I would call it more of a   traditional   way. He is the head of the household, the   king  ,  and its normally his way or the highway. Even though I always got the last word when i lived at home. That got me in more trouble sometimes than what we were fighting about. Oh well, now we are perfect. I have always been Daddy's Little Girl and now he misses me to much to pick fights with me. I miss him too though. I call him almost every day at home or at work. I don't really miss my mom though. She is still bitter about my pledging AChiO, rather than her precious ADPi.   I'm a triple legacy, why would i want to go anywhere else?    I will tell you why, because those girls are NOT FOR ME!!!  I miss my dog most of all. My   Mollie girl   is so sad without me according to my sister. She said she doesn't play anymore, she won't lay on anyones lap- which she used to do all the time- and she just seems sad. I always knew I was her favorite. I hope I am writing about what I am supposed to be. The assignment did say to write what you were thinking about. And as I started writing all of this is just coming out of my head. The best thing about this assignment is that it seems to go by fast. I suppose i have a lot of things on my mind. There are a lot of things I would like to settle so they could be out of my mind. Like the money issue. I am so sick of money. I just balanced my checkbook and i don't have any. And basically that sucks. When all my friends just whip out Daddy's credit card for plane tickets to L. A. for the weekend and 1000 dollar TV's for their dorm, and a new outfit for every party or event, and good food at good restaurants, and basically everything else- it sucks to not be able to do that. My parents support me and i am very grateful for what i get, but the other way would be nice too. I respect my parents for how hard they work to support me. They don't want me to work and i know that I am expensive. College tuition, living/eating expenses, sorority dues, car payment, insurance, and everything else they pay for gets expensive. I just wish i could do more. I guess i am selfish for not getting a job even if they don't want me too. I say i want to help, but if i worked i would hate it and i would complain, and i would just want to go out all the time. I hope that grammer and punctuation, etc. doesn't count in this paper. I hate capitalizing   I   when i type fast. I am almost done. Done! ",high,low,high,low,low
